#FILE	tmp/pdfs/fitting_dimension_audit/fujikin_ocr/ocr-03.png
0.069741	0.924063	0.065460	0.022004	0.3000	UJR PEA
0.617583	0.919644	0.170327	0.026401	1.0000	Safety & Clean Technology
0.072674	0.870130	0.031977	0.023810	0.3000	·šїžХ
0.537791	0.852719	0.212209	0.015246	0.3000	UREWT, HA AZ, XT
0.183140	0.846299	0.093023	0.017372	0.3000	EEUNION NUT)
0.667151	0.826662	0.145349	0.015483	0.3000	ЕБ ДE ИЕT
0.063953	0.809524	0.082849	0.015250	0.3000	# NERT.
0.550794	0.791600	0.378049	0.030910	1.0000	UJR - 6.35 MS - L18 - AW - S - 316LM - FD
0.265916	0.782993	0.051016	0.016264	1.0000	(GASKET)
0.649615	0.767836	0.033619	0.014112	0.3000	$14Zł
0.700581	0.768398	0.031977	0.012987	0.3000	£П£k
0.537791	0.733766	0.045058	0.017316	0.3000	•≤1+Z
0.315407	0.707792	0.042151	0.015152	1.0000	¢#(BODY)
0.597384	0.707792	0.017442	0.015152	1.0000	MS
0.539244	0.627706	0.018895	0.010823	1.0000	316LM
0.750000	0.629870	0.008721	0.010823	1.0000	UP
0.539244	0.614719	0.011628	0.010823	1.0000	FS9
0.572551	0.612372	0.093267	0.017424	0.3000	(FERRITE) 75UT
0.771802	0.603896	0.030523	0.012987	0.5000	Cr2O3BEIE
0.572674	0.599567	0.066860	0.012987	0.3000	SUS316
0.750000	0.593074	0.008721	0.010823	0.5000	BK
0.771802	0.593074	0.023256	0.010823	0.3000	BKLEIH
0.146802	0.580087	0.023256	0.010823	1.0000	21.5MPa
0.146802	0.567100	0.079942	0.012987	1.0000	(ДіRJ12.7··16.2MРa)
0.146802	0.551948	0.061047	0.012987	1.0000	-196°C~450°C
0.704942	0.545455	0.069767	0.015152	0.3000	¢àІÆÀt
0.146802	0.528139	0.036337	0.012987	1.0000	SUS316L
0.645225	0.509679	0.189183	0.029387	1.0000	UJR - H - 6.35 B - UP
0.066860	0.493506	0.015988	0.012987	0.3000	*†55
0.146791	0.471773	0.045081	0.013165	0.3000	*74*.
0.146802	0.456710	0.034884	0.012987	1.0000	SUS316
0.329942	0.447885	0.043605	0.010989	1.0000	Пі#ф6.35. ф9.52
0.680233	0.432900	0.010174	0.015152	1.0000	H
0.812500	0.435065	0.017442	0.012987	1.0000	HU
0.545058	0.402597	0.008721	0.012987	1.0000	F
0.813953	0.402597	0.015988	0.012987	1.0000	GU
0.581395	0.370130	0.071221	0.012987	0.3000	FINELOKEE
0.815407	0.337662	0.013081	0.012987	1.0000	JP
0.812500	0.305195	0.020349	0.012987	1.0000	JPB
0.813953	0.272727	0.014535	0.012987	1.0000	JC
0.579942	0.238095	0.072674	0.012987	0.3000	FINELOK
0.675872	0.240260	0.020349	0.012987	1.0000	S-W
0.383721	0.231602	0.026163	0.012987	0.3000	ERE.
0.175872	0.192641	0.033430	0.012987	0.3000	AEAL
0.841570	0.188312	0.013081	0.010823	1.0000	AF
0.869186	0.190476	0.011628	0.008658	1.0000	RE
0.895349	0.190476	0.011628	0.008658	1.0000	CE
0.921512	0.190476	0.011628	0.010823	1.0000	DE
0.574128	0.175227	0.159884	0.010952	1.0000	JISB0203(1981) PT1/8 PT1/4 PT3/8 PT1/2
0.779070	0.175227	0.159884	0.010952	1.0000	JISB0202(1981) PF1/8 PF1/4 PF3/8 PF1/2
0.335756	0.170996	0.029070	0.010823	0.3000	M:1/6E
0.575581	0.162338	0.078488	0.011001	1.0000	JIS B0203 44 R1/8
0.659884	0.162338	0.020349	0.010823	1.0000	R1/4
0.686047	0.162338	0.020349	0.010823	1.0000	R3/8
0.713663	0.162338	0.018895	0.010823	1.0000	R1/2
0.779070	0.162338	0.056686	0.011001	1.0000	JIS B0202(1982)
0.838663	0.162338	0.020349	0.010823	1.0000	G1/8
0.864826	0.162338	0.020349	0.010823	1.0000	G1/4
0.890988	0.162338	0.020349	0.010823	1.0000	G3/8
0.917151	0.162338	0.020349	0.010823	1.0000	G1/2
0.581395	0.149351	0.023256	0.010823	1.0000	(1982)
0.611876	0.149018	0.045142	0.013652	0.3000	PEE 44 RC1/8
0.656977	0.149351	0.024709	0.010823	1.0000	Rc1/4
0.684593	0.149169	0.050872	0.011004	1.0000	Rc3/8 Rc1/2
0.540698	0.136329	0.106105	0.010952	0.3000	XJIS B0203(1982) JS B0202(1982)
0.742733	0.134199	0.027616	0.012987	0.5000	RERI
0.838663	0.136364	0.034884	0.010823	1.0000	3.27=1/800
0.638081	0.123377	0.013081	0.010823	1.0000	AN
0.664244	0.123377	0.013081	0.010823	1.0000	BN
0.690407	0.123377	0.013081	0.010823	1.0000	CN
0.716570	0.123377	0.013081	0.010823	1.0000	DN
0.839962	0.121087	0.036741	0.012594	1.0000	6.351/40D
0.578488	0.110272	0.047965	0.010952	1.0000	ANSI B1.20.1
0.632267	0.110272	0.103198	0.010952	1.0000	1/8NPT 1/4NPT 3/8NPT 1/2NPT
0.838465	0.107056	0.038342	0.014549	1.0000	9.523/800
0.838568	0.094953	0.038082	0.012384	0.3000	12.7/200
0.832849	0.056269	0.088663	0.015160	1.0000	Fujikin® Incorporated
#FILE	tmp/pdfs/fitting_dimension_audit/fujikin_ocr/ocr-04.png
0.069749	0.924118	0.066897	0.021893	0.3000	UJR ·EA
0.616176	0.919668	0.171748	0.026374	1.0000	Safety & Clean Technology
0.885092	0.891243	0.055397	0.020545	1.0000	UJR EA
0.436047	0.874459	0.018895	0.008658	0.3000	(Eë1û :
0.915698	0.872294	0.024709	0.010823	0.3000	7: mm)
0.188953	0.813853	0.015988	0.010823	1.0000	6.35
0.212209	0.813853	0.015988	0.010823	1.0000	6.35
0.236919	0.813853	0.013081	0.010823	1.0000	4.4
0.255814	0.813853	0.020349	0.010823	1.0000	12.65
0.281977	0.813853	0.015988	0.010823	1.0000	15.2
0.303779	0.813853	0.017442	0.010823	1.0000	6.35
0.328488	0.813853	0.050872	0.010823	1.0000	UJR-6.35MS-AW-S
0.667151	0.813853	0.015988	0.010823	1.0000	6.35
0.690407	0.813853	0.015988	0.010823	1.0000	6.35
0.715116	0.813853	0.013081	0.010823	1.0000	4.4
0.735465	0.813853	0.018895	0.010823	1.0000	12.65
0.780523	0.813853	0.020349	0.010823	1.0000	19.05
0.806686	0.813853	0.058140	0.010823	1.0000	UJR-6.35MS-L31-AW
0.667151	0.794372	0.017442	0.010823	1.0000	9.52
0.690407	0.794372	0.015988	0.010823	1.0000	9.52
0.715116	0.794372	0.013081	0.010823	1.0000	7.4
0.736919	0.794372	0.015988	0.010823	1.0000	20.3
0.763081	0.794372	0.010174	0.010823	1.0000	32
0.781977	0.794372	0.018895	0.010823	1.0000	19.05
0.806686	0.794372	0.058140	0.010823	1.0000	UJR-9.52MS-L32-AW
0.667151	0.774892	0.017442	0.010823	1.0000	9.52
0.690407	0.774892	0.017442	0.010823	1.0000	12.7
0.713663	0.774892	0.015988	0.010823	1.0000	10.3
0.736919	0.774892	0.015988	0.010823	1.0000	20.3
0.781977	0.774892	0.018895	0.010823	1.0000	19.05
0.806686	0.774892	0.058140	0.010823	1.0000	UJR-12.7MS-L32-AW
0.188953	0.614719	0.015988	0.010823	1.0000	6.35
0.212209	0.614719	0.015988	0.010823	1.0000	6.35
0.236919	0.614719	0.013081	0.010823	1.0000	4.4
0.255814	0.614719	0.020349	0.010823	1.0000	12.65
0.281977	0.614719	0.015988	0.010823	1.0000	18.2
0.303779	0.614719	0.015988	0.010823	1.0000	6.35
0.327035	0.614719	0.063953	0.010823	1.0000	UJR-6.35MS-L18-AW-S
0.667151	0.614719	0.015988	0.010823	1.0000	6.35
0.690407	0.614719	0.015988	0.010823	1.0000	6.35
0.715116	0.614719	0.014535	0.010823	1.0000	4.4
0.734012	0.614719	0.021802	0.010823	1.0000	12.65
0.760174	0.614719	0.017442	0.010823	1.0000	43.2
0.779070	0.614719	0.021802	0.010823	1.0000	19.05
0.806686	0.614719	0.050872	0.010823	1.0000	UJR-6.35MS-AW
0.188953	0.595238	0.017442	0.010823	1.0000	9.52
0.212209	0.595238	0.015988	0.010823	1.0000	9.52
0.236919	0.595238	0.013081	0.010823	1.0000	7.4
0.258721	0.595238	0.015988	0.010823	1.0000	20.3
0.281977	0.595238	0.015988	0.010823	1.0000	19.3
0.303779	0.595238	0.015988	0.010823	1.0000	6.35
0.328488	0.595238	0.063953	0.010823	1.0000	UJR-9.52MS-L19-AW-S
0.667151	0.595238	0.017442	0.010823	1.0000	9.52
0.690407	0.595238	0.015988	0.010823	1.0000	9.52
0.715116	0.595238	0.013081	0.010823	1.0000	7.4
0.736919	0.595238	0.017442	0.010823	1.0000	20.3
0.757267	0.595166	0.043605	0.010952	1.0000	45.45 19.05
0.806686	0.595238	0.050872	0.010823	1.0000	UJR-9.52MS-AW
0.188953	0.575758	0.015988	0.010823	1.0000	9.52
0.212209	0.575758	0.015988	0.010823	1.0000	12.7
0.235465	0.575758	0.015988	0.010823	1.0000	10.3
0.258721	0.575758	0.015988	0.010823	1.0000	20.3
0.281977	0.575758	0.015988	0.010823	1.0000	19.3
0.303779	0.575758	0.017442	0.010823	1.0000	6.35
0.328488	0.575758	0.062500	0.010823	1.0000	UJR-12.7MS-L19-AW-S
0.667151	0.575758	0.017442	0.010823	1.0000	9.52
0.690407	0.575758	0.017442	0.010823	1.0000	12.7
0.712209	0.575758	0.018895	0.010823	1.0000	10.3
0.735465	0.575758	0.017442	0.010823	1.0000	20.3
0.757267	0.575758	0.043605	0.010823	1.0000	45.45 19.05
0.806686	0.575758	0.050872	0.010823	1.0000	UJR-12.7MS-AW
0.665698	0.556269	0.068314	0.010952	1.0000	19.05 19.05 16.57
0.732558	0.556277	0.020349	0.010823	1.0000	29.1
0.757267	0.556277	0.020349	0.010823	1.0000	51.5
0.777616	0.556277	0.023256	0.010823	1.0000	19.05.
0.806686	0.556277	0.055233	0.010823	1.0000	UJR-19.05MS-AW
0.188953	0.415584	0.015988	0.010823	1.0000	6.35
0.212209	0.415584	0.015988	0.010823	1.0000	6.35
0.236919	0.417749	0.013081	0.008658	1.0000	4.4
0.255814	0.415584	0.023256	0.010823	1.0000	12.65
0.280523	0.415584	0.017442	0.010823	1.0000	33.5
0.303779	0.415584	0.017442	0.010823	1.0000	6.35
0.327035	0.415584	0.063953	0.010823	1.0000	UJR-6.35MS-L33-AW-S
0.667151	0.417674	0.042151	0.006569	1.0000	9.52 6.35
0.710756	0.415408	0.183140	0.010999	1.0000	4.4 15.1 20.3 28.45 19.05 UJR-9.52x6.35MS-L28.5-AW
0.188953	0.396104	0.015988	0.010823	1.0000	9.52
0.212209	0.398268	0.015988	0.008658	1.0000	9.52
0.258721	0.396104	0.015988	0.010823	1.0000	20.3
0.281977	0.396104	0.015988	0.010823	1.0000	37.5
0.303779	0.396104	0.015988	0.010823	1.0000	6.35
0.328488	0.396104	0.063953	0.010823	1.0000	UJR-9.52MS-L37-AW-S
0.188953	0.376623	0.015988	0.010823	1.0000	9.52
0.236919	0.378788	0.014535	0.008658	1.0000	10.3
0.258721	0.378788	0.015988	0.008658	1.0000	20.3
0.281977	0.378788	0.015988	0.008658	1.0000	375
0.305233	0.378788	0.014535	0.008658	1.0000	6.35
0.328488	0.376623	0.062500	0.010823	1.0000	UJR-12.7MS-L37-AW-S
0.668605	0.240181	0.127907	0.013218	0.5000	П ПD D1 D2 D3 D4
0.236919	0.218615	0.013081	0.010823	1.0000	4.4
0.254360	0.218615	0.021802	0.010823	1.0000	12.65
0.283430	0.218615	0.011628	0.008658	1.0000	28
0.302326	0.218615	0.020349	0.010823	1.0000	19.05
0.328488	0.218615	0.056686	0.010823	1.0000	UJR-6.35MS-L28-AW
0.633721	0.209957	0.015988	0.032468	0.3000	80204
0.667151	0.218615	0.017442	0.010823	1.0000	9.52
0.686047	0.218615	0.020349	0.010823	1.0000	6.35
0.728198	0.218615	0.072674	0.010993	1.0000	4.4 15.1 20.3
0.800872	0.218615	0.111919	0.010993	1.0000	45.5 19.05 UJR-9.52x6.35MS-Aw
0.188953	0.199134	0.015988	0.008658	1.0000	9.52
0.212209	0.199134	0.015988	0.008658	1.0000	9.52
0.236919	0.196970	0.013081	0.010823	1.0000	7.4
0.258721	0.196970	0.017442	0.010823	1.0000	20.3
0.279070	0.199134	0.020349	0.008658	1.0000	28.45
0.305233	0.199134	0.017442	0.008658	1.0000	9.05
0.328488	0.199134	0.062500	0.010823	1.0000	UJR-9.52MS-L28.5-AW
0.668605	0.199134	0.017442	0.008658	1.0000	9.05
0.780523	0.199134	0.018895	0.008658	1.0000	29.1
0.805233	0.199134	0.017442	0.008658	1.0000	51.5
0.825581	0.199134	0.021802	0.008658	1.0000	19.05
0.853198	0.199134	0.062500	0.010823	1.0000	UJR-19.05x6.35MS-AW
0.235465	0.181818	0.014535	0.004329	0.5000	102
0.258721	0.177489	0.017442	0.010823	1.0000	20.3
0.276163	0.179654	0.043605	0.006525	1.0000	28.45 19.05
0.328322	0.176997	0.062839	0.014343	1.0000	UJR-12.7MS-L28.5-AW
0.665698	0.179654	0.040698	0.010823	1.0000	19.05 9.52
0.712209	0.177489	0.063953	0.012987	1.0000	7.4 16.57 22.2
0.777488	0.176993	0.070044	0.014924	1.0000	29.1 51.5 19.05
0.848837	0.179654	0.065407	0.006525	1.0000	• UJR-19.05 X9.52MS-AW
0.834302	0.056269	0.087209	0.015160	1.0000	Fujikin® Incorporated
0.931686	0.058442	0.008721	0.012987	1.0000	6
#FILE	tmp/pdfs/fitting_dimension_audit/fujikin_ocr/ocr-05.png
0.069701	0.923780	0.066993	0.022569	0.3000	UUR EEA
0.616175	0.919643	0.171750	0.026424	1.0000	Safety & Clean Technology
0.885174	0.891616	0.055233	0.019639	0.3000	UJR FA
0.915698	0.872294	0.024709	0.010823	0.3000	: mm)
0.190407	0.813853	0.013081	0.010823	1.0000	3.2
0.215116	0.813853	0.011628	0.010823	1.0000	3.2
0.236919	0.813853	0.011628	0.010823	1.0000	5.1
0.260174	0.813853	0.013081	0.010823	1.0000	6.4
0.283430	0.813853	0.011628	0.010823	1.0000	18
0.328469	0.813733	0.030561	0.011062	1.0000	UJR-3.2S
0.667151	0.813853	0.017442	0.010823	1.0000	6.35
0.690407	0.813853	0.015988	0.010823	1.0000	6.35
0.715116	0.813853	0.013081	0.010823	1.0000	4.5
0.735465	0.813853	0.020349	0.010823	1.0000	12.65
0.784884	0.813853	0.011628	0.010823	1.0000	16
0.806686	0.813853	0.037791	0.010823	1.0000	UJR-F6.35S
0.188953	0.794372	0.015988	0.010823	1.0000	6.35
0.212209	0.794372	0.015988	0.010823	1.0000	6.35
0.236919	0.794372	0.013081	0.010823	1.0000	8.9
0.255814	0.794372	0.021802	0.010823	1.0000	12.65
0.280523	0.794372	0.017442	0.010823	1.0000	33.5
0.306686	0.794372	0.011628	0.010823	1.0000	7.2
0.328488	0.794372	0.033430	0.010823	1.0000	UJR-6.35S
0.667151	0.794372	0.017442	0.010823	1.0000	9.52
0.690407	0.794372	0.015988	0.010823	1.0000	9.52
0.736919	0.794372	0.015988	0.010823	1.0000	20.3
0.763081	0.794372	0.010174	0.010823	1.0000	46
0.786337	0.794372	0.010174	0.010823	0.5000	18
0.806686	0.794372	0.037791	0.010823	1.0000	UJR-F9.52S
0.188953	0.774892	0.015988	0.010823	1.0000	9.52
0.212209	0.774892	0.015988	0.010823	1.0000	9.52
0.235465	0.777056	0.015988	0.006494	1.0000	15.1
0.258721	0.774892	0.015988	0.010823	1.0000	20.3
0.283430	0.774892	0.011628	0.010823	1.0000	38
0.306686	0.774892	0.011628	0.010823	1.0000	7.9
0.328473	0.774789	0.033460	0.011028	1.0000	UJR-9.52S
0.667151	0.774892	0.017442	0.010823	1.0000	9.52
0.690407	0.774892	0.017442	0.010823	1.0000	12.7
0.716570	0.774892	0.010174	0.010823	1.0000	10
0.736919	0.774892	0.015988	0.010823	1.0000	20.3
0.760174	0.774892	0.015988	0.010823	1.0000	48.5
0.783430	0.774892	0.015988	0.010823	1.0000	24.5
0.806686	0.774892	0.037791	0.010823	1.0000	UJR-F12.7S
0.188953	0.755411	0.015988	0.010823	1.0000	9.52
0.212209	0.757576	0.014535	0.006494	1.0000	127
0.235465	0.755411	0.015988	0.010823	1.0000	15.1
0.258721	0.755411	0.015988	0.010823	1.0000	20.3
0.283430	0.755411	0.011628	0.010823	1.0000	38
0.306686	0.755411	0.011628	0.010823	1.0000	9.7
0.328473	0.755308	0.033460	0.011028	1.0000	UJR-12.7S
0.235465	0.735931	0.015988	0.010823	1.0000	22.2
0.258721	0.735931	0.015988	0.008658	1.0000	29.1
0.281977	0.735931	0.015988	0.010823	1.0000	50.8
0.328488	0.735931	0.037791	0.010823	1.0000	UJR-19.05S
0.260174	0.638528	0.013081	0.010823	1.0000	D2
0.281977	0.638528	0.014535	0.010823	1.0000	D3
0.188953	0.614719	0.015988	0.010823	1.0000	6.35
0.213663	0.614719	0.011628	0.010823	1.0000	3.2
0.236919	0.614719	0.013081	0.010823	1.0000	8.9
0.260174	0.614719	0.011628	0.010823	1.0000	2.3
0.277616	0.614719	0.021802	0.010823	1.0000	12.65
0.303779	0.614719	0.017442	0.010823	1.0000	33.5
0.351744	0.614719	0.047965	0.010823	1.0000	UJR-6.35x3.2S
0.670058	0.614719	0.011628	0.010823	1.0000	3.2
0.690407	0.614719	0.039244	0.010823	1.0000	5/16-24UNF
0.736919	0.614719	0.014535	0.010823	1.0000	2.3
0.781977	0.614719	0.017442	0.010823	1.0000	27.5
0.806581	0.614018	0.030733	0.012223	1.0000	UJR-F-3.2
0.188953	0.595238	0.015988	0.010823	1.0000	9.52
0.212209	0.595238	0.015988	0.010823	1.0000	6.35
0.236919	0.595238	0.013081	0.010823	1.0000	15.1
0.260174	0.595238	0.011628	0.010823	1.0000	4.8
0.281977	0.595238	0.015988	0.010823	1.0000	20.3
0.306686	0.595238	0.010174	0.010823	1.0000	38
0.329942	0.595238	0.011628	0.010823	1.0000	7.2
0.351744	0.595238	0.053779	0.010823	1.0000	UJR-9.52X6.35S
0.667151	0.595238	0.017442	0.010823	1.0000	6.35
0.690407	0.595238	0.039244	0.010823	1.0000	9/16-18UNF
0.738372	0.595238	0.013081	0.010823	1.0000	4.8
0.761628	0.595238	0.011628	0.010823	1.0000	17
0.784884	0.595238	0.011628	0.010823	1.0000	39
0.806653	0.594995	0.034950	0.011309	1.0000	UJR-F-6.35
0.667151	0.575758	0.017442	0.010823	1.0000	9.52
0.691816	0.575415	0.036426	0.011507	1.0000	7/8-14UNF
0.736919	0.575758	0.015988	0.010823	1.0000	10.4
0.761628	0.575758	0.011628	0.010823	1.0000	23
0.784884	0.575758	0.011628	0.010823	1.0000	46
0.806686	0.575758	0.034884	0.010823	1.0000	UJR-F-9.52
0.667151	0.556277	0.018895	0.010823	1.0000	19.05
0.690407	0.556277	0.042151	0.010823	1.0000	11/4-18UNEF
0.736919	0.556277	0.015988	0.010823	1.0000	15.9
0.761628	0.556277	0.011628	0.010823	1.0000	36
0.781977	0.556277	0.017442	0.010823	1.0000	60.5
0.806686	0.556277	0.039244	0.010823	1.0000	UJR-F-19.05
0.079942	0.454545	0.034884	0.019481	0.3000	ДЕБ
0.773256	0.439394	0.011628	0.010823	1.0000	A1
0.190407	0.415584	0.014535	0.010823	1.0000	3.2
0.212209	0.415584	0.014535	0.010823	1.0000	3.2
0.236919	0.415584	0.013081	0.010823	1.0000	1.3
0.255814	0.417749	0.015988	0.006494	1.0000	2.3
0.305233	0.415584	0.014535	0.010823	1.0000	6.4
0.327035	0.415584	0.014535	0.010823	1.0000	18
0.351744	0.415584	0.013081	0.010823	1.0000	7.2
0.374973	0.415385	0.034938	0.011221	1.0000	UJR-3.2MS
0.667151	0.415584	0.018895	0.012987	1.0000	6.35
0.684593	0.415408	0.114826	0.013218	1.0000	3.2 9/16-18UNF 5/16-24UNF
0.803779	0.415584	0.017442	0.012987	1.0000	2.3
0.851744	0.415584	0.014535	0.010823	1.0000	35
0.870640	0.415584	0.055233	0.012987	1.0000	UJR-F-6.35×3.2
0.188953	0.396104	0.015988	0.010823	1.0000	6.35
0.212209	0.396104	0.015988	0.010823	1.0000	6.35
0.236919	0.396104	0.013081	0.010823	1.0000	3.3
0.260174	0.396104	0.013081	0.010823	1.0000	4.8
0.283430	0.396104	0.013081	0.010823	1.0000	8.9
0.302326	0.396104	0.042151	0.010996	1.0000	12.65 33.5
0.351744	0.396104	0.014535	0.010823	1.0000	10.5
0.375000	0.396104	0.037791	0.010823	1.0000	UJR-6.35MS
0.667151	0.393882	0.132267	0.015209	1.0000	9.52 6.35 7/8-14UNF 9/16-18UNF
0.805233	0.396104	0.015988	0.010823	1.0000	4.8
0.831395	0.396104	0.011628	0.010823	1.0000	23
0.854651	0.396104	0.011628	0.010823	1.0000	44
0.873547	0.393939	0.056686	0.015152	1.0000	UJR-F-9.52x6.35
0.188953	0.376623	0.015988	0.010823	1.0000	9.52
0.212209	0.376623	0.015988	0.010823	1.0000	9.52
0.236919	0.376623	0.013081	0.010823	1.0000	7.2
0.260174	0.376623	0.011628	0.010823	1.0000	7.2
0.279070	0.378788	0.017442	0.006494	1.0000	15.1
0.305233	0.376623	0.015988	0.010823	1.0000	20.3
0.329942	0.376623	0.011628	0.010823	1.0000	38
0.350291	0.376623	0.015988	0.010823	1.0000	10.5
0.375000	0.376623	0.039244	0.010823	1.0000	UJR-9.52MS
0.188953	0.357143	0.015988	0.010823	1.0000	9.52
0.213663	0.359307	0.015988	0.008658	1.0000	127
0.234012	0.357143	0.018895	0.010823	1.0000	10.4
0.255814	0.357143	0.020349	0.010823	1.0000	10.4
0.279070	0.357143	0.018895	0.010823	1.0000	15.1
0.303779	0.357143	0.017442	0.010823	1.0000	20.3
0.329942	0.357143	0.011628	0.010823	1.0000	38
0.351744	0.359307	0.014535	0.008658	1.0000	127
0.375000	0.357143	0.039244	0.010823	1.0000	UJR-12.7MS
0.213663	0.218615	0.013081	0.008658	1.0000	3.2
0.236919	0.218615	0.014535	0.008658	1.0000	4.8
0.281977	0.218615	0.013081	0.008658	1.0000	8.9
0.327035	0.218615	0.017442	0.010823	1.0000	33.5
0.351744	0.216450	0.013081	0.012987	1.0000	7.2
0.375000	0.218615	0.053779	0.010823	1.0000	UJR-6.35x3.2MS
0.667151	0.216390	0.087209	0.015212	1.0000	6.35 9/16-18UNF 14.3
0.757267	0.218615	0.017442	0.010823	1.0000	4.8
0.781977	0.216450	0.014535	0.012987	1.0000	19
0.802326	0.216450	0.017442	0.012987	1.0000	19
0.828488	0.216450	0.013081	0.012987	1.0000	55
0.851744	0.218615	0.013081	0.010823	1.0000	32
0.870538	0.215158	0.041010	0.016646	1.0000	UUR-P-6.35
0.190407	0.199134	0.014535	0.008658	1.0000	9.52
0.212209	0.199134	0.015988	0.008658	1.0000	6.35
0.238372	0.199134	0.010174	0.008658	1.0000	7.2
0.305233	0.199134	0.014535	0.008658	1.0000	20.3
0.375000	0.199134	0.058140	0.010823	1.0000	UJR-9.52x6.35MS
0.667151	0.196970	0.017442	0.012987	1.0000	9.52
0.687500	0.196970	0.040698	0.012987	1.0000	7/8-14UNF
0.734012	0.196970	0.018895	0.012987	1.0000	22.3
0.758721	0.196970	0.017442	0.010823	1.0000	10.4
0.783430	0.196970	0.013081	0.010823	1.0000	26
0.806686	0.196970	0.013081	0.010823	1.0000	26
0.824128	0.196970	0.021802	0.012987	1.0000	63.5
0.848837	0.196970	0.020349	0.012987	1.0000	36.5
0.872093	0.196970	0.039244	0.012987	1.0000	UJR-P.9.52
0.665698	0.177489	0.088663	0.012987	1.0000	19.05 11/4-18UNEF 31.8
0.754360	0.177489	0.021802	0.010823	1.0000	15.9
0.783430	0.177489	0.013081	0.010823	1.0000	38
0.806686	0.177489	0.013081	0.010823	1.0000	38
0.829942	0.177489	0.013081	0.010823	1.0000	88
0.853198	0.177489	0.013081	0.012987	1.0000	50
0.869186	0.177489	0.046512	0.012987	1.0000	UJR-P-19.05
0.931686	0.058442	0.008721	0.015152	1.0000	8
0.831395	0.051948	0.091570	0.019481	1.0000	Fujikim. Incorporated
#FILE	tmp/pdfs/fitting_dimension_audit/fujikin_ocr/ocr-06.png
0.069698	0.923753	0.067000	0.022624	0.3000	UUR EEA
0.616161	0.919668	0.171763	0.026375	1.0000	Safety & Clean Technology
0.885131	0.891497	0.055320	0.020037	1.0000	UJR EA
0.914244	0.872294	0.026163	0.010823	0.3000	(1 : mm)
0.188953	0.813853	0.015988	0.010823	1.0000	6.35
0.212209	0.813853	0.015988	0.010823	1.0000	9.52
0.235465	0.813853	0.039244	0.010823	1.0000	9/16-18UNF
0.283430	0.813853	0.011628	0.010823	1.0000	4.8
0.305233	0.813853	0.015988	0.010823	1.0000	7.52
0.324128	0.813822	0.045058	0.010952	1.0000	42.05 19.05
0.398256	0.813853	0.059593	0.010823	1.0000	UJR-R-6.35x9.52M
0.668605	0.813853	0.013081	0.010823	1.0000	3.2
0.690407	0.813853	0.017442	0.010823	1.0000	R1/8
0.713663	0.813853	0.039244	0.010823	1.0000	5/16-24UNF
0.761628	0.813853	0.013081	0.010823	1.0000	2.3
0.783430	0.813853	0.013081	0.010823	1.0000	12
0.806686	0.813853	0.013081	0.010823	1.0000	26
0.829890	0.813454	0.036441	0.011621	1.0000	UJR-H-3.2A
0.667151	0.794372	0.015988	0.010823	1.0000	6.35
0.690407	0.794372	0.017442	0.010823	1.0000	R1/8
0.713663	0.794372	0.039244	0.010823	1.0000	9/16-18UNF
0.761628	0.794372	0.011628	0.010823	1.0000	4.8
0.784884	0.794372	0.011628	0.010823	1.0000	17
0.808140	0.794372	0.011628	0.010823	1.0000	33
0.829942	0.794372	0.039244	0.010823	1.0000	UJR-H-6.35A
0.667151	0.774892	0.017442	0.010823	1.0000	6.35
0.690407	0.774892	0.017442	0.010823	1.0000	R1/4
0.713663	0.774892	0.039244	0.010823	1.0000	9/16-18UNF
0.784884	0.774892	0.011628	0.010823	1.0000	17
0.806686	0.774892	0.013081	0.010823	1.0000	36
0.829942	0.774892	0.039244	0.010823	1.0000	UJR-H-6.35B
0.667151	0.755411	0.015988	0.010823	1.0000	6.35
0.690407	0.755411	0.017442	0.010823	1.0000	R3/8
0.713663	0.755411	0.039244	0.010823	1.0000	9/16-18UNF
0.761628	0.755411	0.013081	0.010823	1.0000	4.8
0.784884	0.755411	0.011628	0.010823	1.0000	17
0.808140	0.755411	0.011628	0.010823	1.0000	38
0.829942	0.755411	0.040698	0.010823	1.0000	UJR-H-6.35C
0.808140	0.738095	0.010174	0.004329	1.0000	40
0.829942	0.735931	0.039244	0.010823	1.0000	UJR-H-9.52B
0.667151	0.716450	0.017442	0.010823	1.0000	9.52
0.715037	0.715826	0.036495	0.012070	1.0000	7/8-14UNF
0.761628	0.716450	0.013081	0.010823	1.0000	9.7
0.784884	0.716450	0.011628	0.010823	1.0000	23
0.829942	0.716450	0.039244	0.010823	1.0000	UJR-H-9.52C
0.667151	0.696970	0.017442	0.010823	1.0000	9.52
0.690407	0.696970	0.017442	0.010823	1.0000	R1/2
0.715116	0.696970	0.036337	0.010823	1.0000	7/8-14UNF
0.784884	0.696970	0.011628	0.008658	1.0000	23
0.808140	0.696970	0.011628	0.008658	1.0000	45
0.829942	0.696970	0.039244	0.010823	1.0000	UJR-H-9.52D
0.187500	0.638528	0.055233	0.012987	0.3000	OE O D1
0.186047	0.614719	0.018895	0.010823	1.0000	6.35
0.203488	0.614719	0.094477	0.010823	1.0000	6.35 4.4 9/16-18UNF 14.3
0.303779	0.614719	0.008721	0.010823	1.0000	32
0.321221	0.614719	0.036337	0.010823	1.0000	32 19.05
0.379360	0.614719	0.010174	0.010823	1.0000	19
0.393895	0.614719	0.066860	0.010823	1.0000	UJR-RP-6.35×6.35M-AW
0.670058	0.614719	0.013081	0.010823	1.0000	3.2
0.687500	0.614719	0.021802	0.010823	1.0000	1/8NPT
0.713663	0.614719	0.039244	0.010823	1.0000	5/16-24UNF
0.761628	0.614719	0.013081	0.010823	1.0000	2.3
0.783430	0.614719	0.013081	0.010823	1.0000	12
0.808140	0.614719	0.011628	0.010823	1.0000	26
0.829942	0.614719	0.040698	0.010823	1.0000	UJR-H-3.2AN
0.187500	0.595166	0.111919	0.010952	1.0000	9.52 9.52 7.4 7/8-14UNF 22.3
0.297965	0.595166	0.059593	0.010952	1.0000	36.5 36.5 19.05
0.377907	0.595238	0.011628	0.010823	1.0000	26
0.395349	0.595238	0.065407	0.010823	1.0000	UJR-RP-9.52×9.52M-AW
0.667151	0.595238	0.017442	0.010823	1.0000	6.35
0.687500	0.595238	0.023256	0.010823	1.0000	1/8NPT
0.713663	0.595238	0.039244	0.010823	1.0000	9/16-18UNF
0.761628	0.595238	0.013081	0.010823	1.0000	4.8
0.786337	0.595238	0.010174	0.010823	1.0000	17
0.808140	0.595238	0.011628	0.010823	1.0000	33
0.829942	0.595238	0.045058	0.010823	1.0000	UJR-H-6.35AN
0.667151	0.575758	0.017442	0.010823	1.0000	6.35
0.687500	0.575758	0.023256	0.010823	1.0000	1/4NPT
0.712209	0.575758	0.040698	0.010823	1.0000	9/16-18UNF
0.761628	0.575758	0.013081	0.010823	1.0000	4.8
0.784884	0.575758	0.011628	0.010823	1.0000	17
0.806686	0.575758	0.013081	0.010823	1.0000	36
0.828488	0.575758	0.046512	0.010823	1.0000	UJR-H-6.35BN
0.667151	0.556277	0.017442	0.010823	1.0000	9.52
0.687500	0.556277	0.023256	0.010823	1.0000	1/4NPT
0.715072	0.555935	0.036426	0.011507	1.0000	7/8-14UNF
0.761628	0.556277	0.013081	0.010823	1.0000	7.2
0.784884	0.556277	0.011628	0.010823	1.0000	23
0.808140	0.556277	0.011628	0.010823	1.0000	40
0.829942	0.556277	0.045058	0.010823	1.0000	UJR-H-9.52BN
0.667151	0.536797	0.017442	0.010823	1.0000	9.52
0.687500	0.536797	0.021802	0.010823	1.0000	3/8NPT
0.715101	0.536681	0.036368	0.011054	1.0000	7/8-14UNF
0.761628	0.536797	0.011628	0.010823	1.0000	9.7
0.784884	0.536797	0.011628	0.010823	1.0000	23
0.808140	0.536797	0.011628	0.010823	0.5000	41
0.829942	0.536797	0.045058	0.010823	1.0000	UJR-H-9.52CN
0.667151	0.517316	0.045058	0.011007	1.0000	9.52 1/2NPT
0.713663	0.517316	0.037791	0.010823	1.0000	7/8-14UNF
0.760174	0.517316	0.015988	0.010823	1.0000	10.4
0.784884	0.517316	0.011628	0.010823	1.0000	23
0.808140	0.517316	0.011628	0.010823	1.0000	45
0.829942	0.517316	0.045058	0.010823	1.0000	UJR-H-9.52DN
0.078488	0.454545	0.111919	0.019481	0.3000	FINELOKE
0.187500	0.417749	0.015988	0.008658	1.0000	6.35
0.210756	0.415584	0.014535	0.010823	1.0000	3.2
0.226744	0.415584	0.040698	0.010823	1.0000	9/16-18UNF
0.271802	0.415584	0.014535	0.010823	1.0000	2.3
0.293605	0.415584	0.011628	0.010823	1.0000	17
0.315407	0.415584	0.010174	0.010823	1.0000	10
0.332849	0.417749	0.017442	0.008658	1.0000	38.5
0.356105	0.417749	0.011628	0.010823	1.0000	32
0.376453	0.417749	0.011628	0.010823	1.0000	13
0.395349	0.415584	0.053779	0.012987	1.0000	UJR-F-6.35XF3.2
0.665698	0.417749	0.018895	0.008658	1.0000	6.35
0.684593	0.415408	0.082849	0.010999	1.0000	7/16-20UNF 9/16-18UNF
0.771802	0.417749	0.013081	0.008658	1.0000	4.8
0.813953	0.415584	0.010174	0.010823	1.0000	33
0.834302	0.415584	0.013081	0.010823	1.0000	9.2
0.853198	0.417749	0.015988	0.008658	1.0000	904
0.873547	0.415584	0.065407	0.012987	1.0000	UUR-H-6.35×7/16-20-OS
0.228198	0.398268	0.039244	0.008658	1.0000	9/16-18UNF
0.273256	0.398268	0.011628	0.008658	1.0000	48
0.332849	0.396104	0.017442	0.010823	1.0000	41.5
0.353198	0.396104	0.017442	0.010823	1.0000	34.5
0.377907	0.398268	0.010174	0.008658	1.0000	15
0.395349	0.396104	0.056686	0.010823	1.0000	UJR-F-6.35XF6.35
0.665698	0.396104	0.017442	0.010823	1.0000	6.35
0.684593	0.396104	0.081395	0.010996	1.0000	9/16-18UNF 9/16-18UNF
0.771802	0.398268	0.013081	0.008658	1.0000	48
0.812500	0.396104	0.015988	0.010823	1.0000	33.5
0.835756	0.398268	0.010174	0.008658	0.5000	10
0.854651	0.396104	0.013081	0.010823	1.0000	906
0.873547	0.396104	0.065407	0.010823	1.0000	UJR-H-6.35×9/16-18-0S
0.187500	0.376623	0.015988	0.010823	1.0000	9.52
0.207849	0.376623	0.017442	0.010823	1.0000	6.35
0.231076	0.376413	0.034942	0.011243	1.0000	7/8-14UNF
0.295058	0.376623	0.010174	0.010823	1.0000	23
0.335756	0.376623	0.011628	0.010823	1.0000	44
0.356105	0.376623	0.011628	0.010823	1.0000	37
0.376453	0.376623	0.011628	0.010823	1.0000	15
0.393895	0.376623	0.058140	0.010823	1.0000	UJR-F-9.52XF6.35
0.665698	0.376623	0.017442	0.010823	1.0000	9.52
0.684593	0.376623	0.040698	0.010823	1.0000	9/16-18UNF
0.729651	0.376623	0.034884	0.010823	1.0000	7/8-14UNF
0.771802	0.376623	0.011628	0.010823	1.0000	7.2
0.793605	0.376623	0.010174	0.010823	1.0000	23
0.811047	0.376623	0.017442	0.010823	1.0000	37.5
0.835756	0.376623	0.010174	0.010823	1.0000	10
0.854651	0.376623	0.014535	0.010823	1.0000	906
0.873547	0.376623	0.065407	0.010823	1.0000	UJR-H-9.52x9/16-18-0S
0.187500	0.359307	0.018895	0.008658	1.0000	9.52
0.207849	0.359307	0.017442	0.008658	1.0000	9.52
0.231105	0.357143	0.034884	0.010823	1.0000	7/8-14UNF
0.273256	0.359307	0.013081	0.008658	1.0000	72
0.293605	0.359307	0.011628	0.008658	1.0000	23
0.356105	0.357143	0.011628	0.010823	1.0000	38
0.375000	0.357143	0.017442	0.010823	1.0000	17.5
0.395349	0.359139	0.056686	0.008826	1.0000	UJR-F-9.52 XF9.52
0.665698	0.357143	0.017442	0.010823	1.0000	9.52
0.687500	0.357143	0.034884	0.010823	1.0000	3/4-16UNF
0.729651	0.357143	0.034884	0.010823	1.0000	7/8-14UNF
0.771802	0.357143	0.013081	0.010823	1.0000	7.2
0.793605	0.359307	0.010174	0.008658	1.0000	23
0.811047	0.357143	0.017442	0.010823	1.0000	40.2
0.832849	0.357143	0.015988	0.010823	1.0000	11.2
0.853198	0.357143	0.015988	0.010823	1.0000	908
0.873547	0.357143	0.061047	0.010823	1.0000	UUR-H-9.52x3/4-16-0S
0.187500	0.339827	0.015988	0.006494	1.0000	9.52
0.209302	0.337613	0.056686	0.010952	1.0000	12.7 7/8-14UNF
0.271802	0.337662	0.015988	0.010823	1.0000	10.4
0.293605	0.337662	0.011628	0.010823	1.0000	23
0.315407	0.337662	0.011628	0.010823	1.0000	22
0.357558	0.337662	0.010174	0.010823	1.0000	39
0.376453	0.337662	0.011628	0.010823	1.0000	24
0.393895	0.337662	0.058140	0.010823	1.0000	UJR-F-9.52XF12.7
0.665698	0.337662	0.017442	0.010823	1.0000	9.52
0.687493	0.337612	0.034898	0.010922	1.0000	7/8-14UNF
0.729651	0.337662	0.034884	0.010823	1.0000	7/8-14UNF
0.771802	0.337662	0.013081	0.010823	1.0000	7.2
0.793605	0.337662	0.010174	0.010823	1.0000	26
0.813953	0.337662	0.010174	0.010823	1.0000	42
0.835756	0.337662	0.010174	0.010823	1.0000	13
0.853198	0.337662	0.015988	0.010823	1.0000	910
0.873547	0.337662	0.061047	0.010823	1.0000	UJR-H-9.52x7/8-14-0S
0.187500	0.240181	0.029070	0.010952	0.3000	O OS
0.252907	0.240181	0.063953	0.013218	0.3000	Et D1 B B1
0.315407	0.242424	0.013081	0.010823	1.0000	B2
0.421512	0.242424	0.013081	0.008658	0.3000	ÆUg*
0.741279	0.242424	0.011628	0.008658	1.0000	A1
0.186047	0.218615	0.156977	0.010993	1.0000	6.35 6.35 9/16-18UNF 11.2 4.8 17 14 14 57
0.347384	0.218615	0.013081	0.010823	1.0000	50
0.363372	0.218615	0.010174	0.010823	1.0000	33
0.398256	0.218615	0.061047	0.010823	1.0000	UJR-FP-F6.35×6.35
0.665698	0.218615	0.017442	0.010823	1.0000	6.35
0.694767	0.218615	0.021802	0.010823	1.0000	PF1/4
0.726744	0.218615	0.040698	0.010823	1.0000	9/16-18UNF
0.771802	0.218615	0.013081	0.010823	1.0000	48
0.793605	0.218615	0.010174	0.010823	1.0000	23
0.811047	0.218615	0.017442	0.010823	1.0000	36.3
0.834302	0.218615	0.011628	0.010823	1.0000	10
0.853198	0.218615	0.014535	0.010823	1.0000	P15
0.873547	0.218615	0.046512	0.010823	1.0000	UJR-H-6.35BF-OR
0.159884	0.201299	0.007267	0.015152	1.0000	ÍЕХ.B
0.186047	0.201284	0.091570	0.004532	0.3000	050 050 7814NE 1/275
0.283430	0.199134	0.013081	0.008658	1.0000	23
0.300872	0.199134	0.010174	0.008658	1.0000	17
0.331395	0.199134	0.011628	0.008658	1.0000	64
0.363372	0.201299	0.027616	0.004329	1.0000	27175
0.398256	0.199134	0.061047	0.010823	1.0000	UJR-FP-F9.52×9.52
0.665698	0.201284	0.058140	0.004532	0.3000	А 257A20NNE
0.726744	0.201299	0.037791	0.004329	1.0000	0/1A.19INE
0.771802	0.199134	0.013081	0.008658	1.0000	4.8
0.811047	0.201299	0.015988	0.004329	0.3000	272
0.872093	0.199018	0.066860	0.010952	1.0000	UJR-H-6.35x 7/16-20-OR
0.186047	0.179654	0.109012	0.010823	1.0000	9.52 12 7 7/8-14UNE 19.1 10.4 23
0.296512	0.177489	0.014535	0.012987	1.0000	22
0.313953	0.179654	0.029070	0.010823	1.0000	23 69
0.345930	0.179654	0.043605	0.010823	1.0000	58 40.5 24
0.398256	0.179654	0.059593	0.010823	1.0000	UJR-FP-F12.7×9.52
0.665698	0.179654	0.059593	0.008790	1.0000	9.52 9/16-18UNF
0.728098	0.178852	0.036537	0.012425	1.0000	7/8-14UNE
0.771802	0.179654	0.011628	0.008658	1.0000	7.5
0.793605	0.177489	0.010174	0.010823	1.0000	26
0.811047	0.179654	0.015988	0.008658	1.0000	41.3
0.835756	0.179654	0.010174	0.010823	1.0000	12
0.853198	0.179654	0.015988	0.010823	1.0000	P18
0.872093	0.179654	0.065407	0.006494	1.0000	UJR-H-9.52X9/16-18-OR
0.834302	0.056269	0.087209	0.015160	1.0000	Fujikin® Incorporated
0.927326	0.058442	0.013081	0.015152	1.0000	10
#FILE	tmp/pdfs/fitting_dimension_audit/fujikin_ocr/ocr-07.png
0.069767	0.924094	0.065407	0.021903	0.3000	UJR EEE
0.616146	0.919668	0.171778	0.026375	1.0000	Safety & Clean Technology
0.885129	0.891483	0.055324	0.020065	1.0000	UJR EA
0.914244	0.872294	0.026163	0.010823	0.3000	(11 : mm)
0.784884	0.837662	0.013081	0.010823	0.3000	D1~
0.828488	0.837662	0.015988	0.010823	1.0000	L1
0.190407	0.813853	0.013081	0.010823	1.0000	3.2
0.212209	0.813853	0.017442	0.010823	1.0000	G1/8
0.235465	0.813853	0.039244	0.010823	1.0000	5/16-24UNF
0.283430	0.813853	0.011628	0.010823	1.0000	5.5
0.306686	0.813853	0.011628	0.010823	1.0000	14
0.329942	0.813853	0.010174	0.010823	1.0000	30
0.350291	0.813853	0.039244	0.010823	1.0000	UJR-G-3.2AF
0.667151	0.813853	0.015988	0.010823	1.0000	6.35
0.690407	0.813853	0.017442	0.010823	1.0000	R1/8
0.713663	0.813853	0.039244	0.010823	1.0000	9/16-18UNF
0.761628	0.813853	0.013081	0.010823	1.0000	4.8
0.783430	0.813853	0.013081	0.010823	1.0000	4.8
0.808140	0.813853	0.011628	0.010823	1.0000	29
0.831395	0.813853	0.011628	0.010823	1.0000	23
0.853198	0.813853	0.039244	0.010823	1.0000	UJR-L-6.35A
0.188953	0.794372	0.015988	0.010823	1.0000	6.35
0.210756	0.794372	0.018895	0.010823	1.0000	G1/4
0.235465	0.794372	0.039244	0.010823	1.0000	9/16-18UNF
0.283430	0.794372	0.011628	0.010823	1.0000	5.5
0.329942	0.794372	0.010174	0.010823	1.0000	36
0.350291	0.794372	0.043605	0.010823	1.0000	UJR-G-6.35BF
0.667151	0.794372	0.015988	0.010823	1.0000	6.35
0.690407	0.794372	0.017442	0.010823	1.0000	R1/4
0.713663	0.794372	0.039244	0.010823	1.0000	9/16-18UNF
0.761628	0.794372	0.013081	0.010823	1.0000	4.8
0.784884	0.794372	0.011628	0.010823	1.0000	4.8
0.808140	0.794372	0.011628	0.010823	1.0000	29
0.831395	0.794372	0.011628	0.010823	1.0000	26
0.853198	0.794372	0.039244	0.010823	1.0000	UJR-L-6.35B
0.188953	0.774892	0.015988	0.010823	1.0000	6.35
0.212209	0.774892	0.017442	0.010823	1.0000	G3/8
0.235465	0.774892	0.039244	0.010823	1.0000	9/16-18UNF
0.283430	0.774892	0.011628	0.010823	1.0000	5.5
0.306686	0.774892	0.011628	0.010823	1.0000	21
0.329942	0.774892	0.011628	0.010823	1.0000	39
0.350291	0.774892	0.043605	0.010823	1.0000	UJR-G-6.35CF
0.667151	0.774892	0.017442	0.010823	1.0000	9.52
0.690407	0.774892	0.017442	0.010823	1.0000	R1/4
0.715072	0.774549	0.036426	0.011507	1.0000	7/8-14UNF
0.761628	0.774892	0.013081	0.010823	1.0000	9.7
0.784884	0.774892	0.011628	0.010823	1.0000	7.5
0.805233	0.774892	0.017442	0.010823	1.0000	33.5
0.831395	0.774892	0.011628	0.010823	1.0000	29
0.853198	0.774892	0.039244	0.010823	1.0000	UJR-L-9.52B
0.188953	0.755411	0.015988	0.010823	1.0000	9.52
0.212209	0.755411	0.017442	0.010823	1.0000	G3/8
0.236919	0.755411	0.034884	0.010823	1.0000	7/8-14UNF
0.283430	0.755411	0.011628	0.010823	1.0000	5.5
0.306686	0.755411	0.011628	0.010823	1.0000	23
0.329942	0.755411	0.010174	0.010823	1.0000	41
0.351744	0.755411	0.042151	0.010823	1.0000	UJR-G-9.52CF
0.667151	0.755411	0.015988	0.010823	1.0000	9.52
0.690407	0.755411	0.017442	0.010823	1.0000	R3/8
0.715087	0.755192	0.036395	0.011261	1.0000	7/8-14UNF
0.761628	0.755411	0.013081	0.010823	1.0000	9.7
0.784884	0.755411	0.011628	0.010823	1.0000	9.7
0.805233	0.755411	0.017442	0.010823	1.0000	33.5
0.831395	0.755411	0.011628	0.010823	1.0000	30
0.853198	0.755411	0.039244	0.010823	1.0000	UJR-L-9.52C
0.236919	0.735931	0.034884	0.010823	1.0000	7/8-14UNF
0.283430	0.735931	0.011628	0.010823	1.0000	5.5
0.351744	0.735931	0.043605	0.010823	1.0000	UJR-G-9.52DF
0.667151	0.735931	0.015988	0.010823	1.0000	9.52
0.690407	0.735931	0.017442	0.010823	1.0000	R1/2
0.714840	0.732846	0.036906	0.014314	1.0000	7/8-14UNF
0.806686	0.735931	0.014535	0.010823	1.0000	33.5
0.831395	0.735931	0.011628	0.008658	1.0000	33
0.853198	0.735931	0.039244	0.010823	1.0000	UJR-L-9.52D
0.774709	0.638528	0.024709	0.010823	0.3000	• D1~
0.190407	0.614719	0.013081	0.010823	1.0000	3.2
0.209302	0.614719	0.021802	0.010823	1.0000	Rc1/8
0.235465	0.614719	0.039244	0.010823	1.0000	5/16-24UNF
0.283430	0.614719	0.011628	0.010823	1.0000	2.3
0.306686	0.614719	0.011628	0.010823	1.0000	14
0.329942	0.614719	0.010174	0.010823	1.0000	30
0.351736	0.614657	0.036354	0.010945	1.0000	UJR-G-3.2A
0.667151	0.614719	0.017442	0.010823	1.0000	6.35
0.687500	0.614719	0.021802	0.010823	1.0000	1/8NPT
0.713663	0.614719	0.039244	0.010823	1.0000	9/16-18UNF
0.761628	0.614719	0.013081	0.010823	1.0000	4.8
0.783430	0.614719	0.013081	0.010823	1.0000	4.8
0.808140	0.614719	0.010174	0.010823	1.0000	29
0.831395	0.614719	0.011628	0.010823	1.0000	23
0.853198	0.614719	0.042151	0.010823	1.0000	UJR-L-6.35AN
0.188953	0.595238	0.017442	0.010823	1.0000	6.35
0.207849	0.595238	0.023256	0.010823	1.0000	Rc1/8
0.235465	0.595238	0.039244	0.010823	1.0000	9/16-18UNF
0.283430	0.595238	0.013081	0.010823	1.0000	4.8
0.306686	0.595238	0.011628	0.010823	1.0000	19
0.329942	0.595238	0.010174	0.010823	1.0000	36
0.351744	0.595238	0.039244	0.010823	1.0000	UJR-G-6.35A
0.667151	0.595238	0.017442	0.010823	1.0000	6.35
0.687500	0.595238	0.023256	0.010823	1.0000	1/4NPT
0.713663	0.595238	0.039244	0.010823	1.0000	9/16-18UNF
0.761628	0.595238	0.013081	0.010823	1.0000	4.8
0.784884	0.595238	0.013081	0.010823	1.0000	4.8
0.808140	0.595238	0.011628	0.010823	1.0000	29
0.831395	0.595238	0.011628	0.010823	1.0000	26
0.853198	0.595238	0.043605	0.010823	1.0000	UJR-L-6.35BN
0.188953	0.575758	0.017442	0.010823	1.0000	6.35
0.209302	0.575758	0.023256	0.010823	1.0000	Rc1/4
0.234012	0.575758	0.040698	0.010823	1.0000	9/16-18UNF
0.283430	0.575758	0.013081	0.010823	1.0000	4.8
0.306686	0.575758	0.011628	0.010823	1.0000	19
0.329942	0.575758	0.011628	0.010823	1.0000	36
0.350291	0.575758	0.040698	0.010823	1.0000	UJR-G-6.35B
0.667151	0.575758	0.017442	0.010823	1.0000	9.52
0.687500	0.575758	0.021802	0.010823	1.0000	1/4NPT
0.715072	0.575415	0.036426	0.011507	1.0000	7/8-14UNF
0.761628	0.575758	0.013081	0.010823	1.0000	9.7
0.783430	0.575758	0.013081	0.010823	1.0000	7.5
0.805233	0.575758	0.017442	0.010823	1.0000	33.5
0.831395	0.575758	0.011628	0.010823	1.0000	29
0.853198	0.575758	0.042151	0.010823	1.0000	UJR-L-9.52BN
0.188953	0.556277	0.017442	0.010823	1.0000	9.52
0.209302	0.556277	0.021802	0.010823	1.0000	Rc3/8
0.236860	0.555842	0.035001	0.011692	1.0000	7/8-14UNF
0.281977	0.556277	0.015988	0.010823	1.0000	10.4
0.306686	0.556277	0.011628	0.010823	1.0000	23
0.329942	0.556277	0.010174	0.010823	1.0000	41
0.351744	0.556277	0.039244	0.010823	1.0000	UJR-G-9.52C
0.667151	0.556277	0.017442	0.010823	1.0000	9.52
0.687500	0.556277	0.023256	0.010823	1.0000	3/8NPT
0.715072	0.555935	0.036426	0.011507	1.0000	7/8-14UNF
0.761628	0.556277	0.013081	0.010823	1.0000	9.7
0.784884	0.556277	0.011628	0.010823	1.0000	9.7
0.805233	0.556277	0.017442	0.010823	1.0000	33.5
0.831395	0.556277	0.011628	0.010823	1.0000	30
0.853198	0.556277	0.043605	0.010823	1.0000	UJR-L-9.52CN
0.188953	0.536797	0.017442	0.010823	1.0000	9.52
0.209302	0.536797	0.021802	0.010823	1.0000	Rc1/2
0.236919	0.536797	0.034884	0.010823	1.0000	7/8-14UNF
0.281977	0.536797	0.015988	0.010823	1.0000	10.4
0.308140	0.536797	0.010174	0.010823	1.0000	26
0.329942	0.536797	0.011628	0.010823	1.0000	48
0.351744	0.536797	0.039244	0.010823	1.0000	UJR-G-9.52D
0.667151	0.536797	0.017442	0.010823	1.0000	9.52
0.687500	0.536797	0.021802	0.010823	1.0000	1/2NPT
0.715081	0.536527	0.036408	0.011362	1.0000	7/8-14UNF
0.783430	0.536797	0.015988	0.010823	1.0000	10.4
0.805233	0.536797	0.017442	0.010823	1.0000	33.5
0.831395	0.536797	0.011628	0.010823	1.0000	33
0.853198	0.536797	0.043605	0.010823	1.0000	UJR-L-9.52DN
0.741279	0.439394	0.078488	0.013023	1.0000	DL L1 L2
0.190407	0.415584	0.014535	0.010823	1.0000	3.2
0.203488	0.417674	0.071221	0.008733	1.0000	1/8NPT 5/16-24UNF
0.283430	0.415584	0.011628	0.010823	1.0000	2.3
0.305233	0.417749	0.011628	0.006494	1.0000	14
0.328488	0.415584	0.011628	0.010823	1.0000	30
0.350291	0.415584	0.042151	0.010823	1.0000	UJR-G-3.2AN
0.668605	0.415584	0.013081	0.012987	1.0000	3.2
0.686047	0.415584	0.043605	0.012987	1.0000	5/16-24UNF
0.736919	0.415584	0.014535	0.010823	1.0000	2.3
0.758721	0.415584	0.014535	0.010823	1.0000	39
0.780523	0.415584	0.018895	0.010823	1.0000	19.5
0.803779	0.415584	0.018895	0.010823	1.0000	19.5
0.828407	0.415101	0.033594	0.013954	1.0000	UJR-T-3.2
0.188953	0.396104	0.043605	0.010996	1.0000	6.35 1/4NPT
0.234012	0.398268	0.040698	0.008658	1.0000	9/16-18UNF
0.283430	0.396104	0.011628	0.010823	1.0000	4.8
0.306686	0.396104	0.011628	0.010823	1.0000	19
0.329942	0.396104	0.010174	0.010823	1.0000	36
0.351744	0.396104	0.045058	0.010823	1.0000	UJR-G-6.35BN
0.667151	0.396104	0.017442	0.010823	1.0000	6.35
0.690407	0.396104	0.039244	0.010823	1.0000	9/16-18UNF
0.738372	0.396104	0.013081	0.010823	1.0000	4.8
0.761628	0.396104	0.011628	0.010823	1.0000	58
0.784884	0.396104	0.011628	0.010823	1.0000	29
0.808140	0.396104	0.011628	0.010823	1.0000	29
0.829942	0.396104	0.034884	0.010823	1.0000	UJR-T-6.35
0.188953	0.376511	0.042151	0.010952	1.0000	9.52 3/8NPT
0.236919	0.376623	0.034884	0.010823	1.0000	7/8-14UNF
0.281977	0.376623	0.015988	0.010823	1.0000	10.4
0.306686	0.376623	0.011628	0.010823	1.0000	23
0.329942	0.376623	0.010174	0.010823	1.0000	41
0.351744	0.376623	0.043605	0.010823	1.0000	UJR-G-9.52CN
0.667151	0.376623	0.017442	0.010823	1.0000	9.52
0.690407	0.376623	0.037791	0.010823	1.0000	7/8-14UNF
0.735465	0.376623	0.018895	0.010823	1.0000	10.4
0.760174	0.376623	0.013081	0.010823	1.0000	67
0.783430	0.376623	0.015988	0.010823	1.0000	33.5
0.805233	0.376623	0.017442	0.010823	1.0000	33.5
0.828488	0.376623	0.036337	0.010823	1.0000	UJR-T-9.52
0.188953	0.359307	0.017442	0.008658	1.0000	9.52
0.236919	0.359307	0.034884	0.008658	1.0000	7/8-14UNF
0.281977	0.357143	0.015988	0.010823	1.0000	10.4
0.306686	0.357143	0.011628	0.010823	1.0000	26
0.329942	0.357143	0.011628	0.010823	1.0000	48
0.351744	0.357143	0.045058	0.010823	1.0000	UJR-G-9.52DN
0.667151	0.240260	0.017442	0.010823	0.3000	OiS
0.190407	0.218615	0.013081	0.010823	1.0000	3.2
0.212209	0.218615	0.039244	0.010823	1.0000	5/16-24UNF
0.260174	0.218615	0.013081	0.010823	1.0000	23
0.281977	0.218615	0.015988	0.010823	1.0000	19.5
0.305233	0.218615	0.030523	0.010823	1.0000	UJR-L-3.2
0.668605	0.218615	0.013081	0.010823	1.0000	3.2
0.688953	0.218615	0.040698	0.010823	1.0000	5/16-24UNF
0.735465	0.218615	0.015988	0.010823	1.0000	23
0.758721	0.218615	0.014535	0.010823	1.0000	39
0.779070	0.218615	0.020349	0.010823	1.0000	19.5
0.806686	0.218615	0.031977	0.010823	1.0000	UJR-X-3.2
0.188953	0.199134	0.015988	0.008658	1.0000	6.35
0.212209	0.201299	0.037791	0.004329	1.0000	0/1A.19INE
0.284884	0.199134	0.010174	0.008658	1.0000	29
0.305233	0.196970	0.034884	0.012987	1.0000	UJR-L-6.35
0.667151	0.199134	0.017442	0.010823	1.0000	6.35
0.690407	0.199134	0.039244	0.008658	1.0000	9/16-18UNF
0.738372	0.196970	0.013081	0.010823	1.0000	4.8
0.761628	0.199134	0.011628	0.008658	1.0000	58
0.784884	0.199134	0.011628	0.008658	1.0000	29
0.806686	0.199134	0.036337	0.010823	1.0000	UJR-X-6.35
0.188953	0.179654	0.015988	0.010823	1.0000	9.52
0.213663	0.179654	0.034884	0.010823	1.0000	7/8-14UNE
0.258721	0.179654	0.015988	0.010823	1.0000	10.4
0.305233	0.177489	0.034884	0.012987	1.0000	UJR-L-9.52
0.690321	0.176911	0.037962	0.014144	1.0000	7/8-14UNF
0.734772	0.176456	0.020304	0.015319	1.0000	10.4
0.760174	0.177489	0.013081	0.012987	1.0000	67
0.781977	0.179654	0.017442	0.010823	1.0000	33.5
0.806686	0.179654	0.036337	0.010823	1.0000	UJR-X-9.52
0.834166	0.054857	0.106389	0.019039	1.0000	Fujikin. Incorporated 12
#FILE	tmp/pdfs/fitting_dimension_audit/fujikin_ocr/ocr-08.png
0.069698	0.923757	0.066999	0.022615	0.3000	UUR EEA
0.616176	0.919668	0.171748	0.026374	1.0000	Safety & Clean Technology
0.885159	0.891679	0.055263	0.019673	0.5000	UJR IEA
0.915698	0.872294	0.024709	0.010823	0.3000	: mm)
0.079942	0.852814	0.079942	0.017316	1.0000	21.5MPaitEF
0.853198	0.837662	0.014535	0.010823	1.0000	L2
0.188953	0.813853	0.015988	0.010823	1.0000	6.35
0.212209	0.813853	0.039244	0.010823	1.0000	9/16-18UNF
0.281977	0.813853	0.015988	0.010823	1.0000	43.7
0.327035	0.813853	0.015988	0.010823	1.0000	20.5
0.351744	0.813853	0.040698	0.010823	1.0000	UJR-6.35S-W
0.665698	0.813853	0.018895	0.010823	1.0000	6.35
0.684593	0.813822	0.063953	0.010952	1.0000	1/8NPT 9/16-18UNF
0.747093	0.813853	0.020349	0.010823	1.0000	4.35
0.809593	0.813853	0.020349	0.010823	1.0000	51.7
0.828488	0.813853	0.020349	0.010823	1.0000	38.5
0.851744	0.813853	0.017442	0.010823	1.0000	22.5
0.875000	0.813853	0.061047	0.010823	1.0000	UJR-HU-6.35AN-IAE
0.188953	0.794372	0.015988	0.010823	1.0000	9.52
0.213656	0.794323	0.036350	0.010922	1.0000	7/8-14UNF
0.261628	0.794372	0.010174	0.010823	1.0000	26
0.281977	0.794372	0.015988	0.010823	1.0000	47.6
0.305233	0.794372	0.015988	0.010823	1.0000	30.6
0.327035	0.794372	0.015988	0.010823	1.0000	22.4
0.351744	0.794372	0.040698	0.010823	1.0000	UJR-9.52S-W
0.665698	0.794372	0.017442	0.010823	1.0000	6.35
0.684593	0.794184	0.061047	0.011011	1.0000	1/4NPT 9/16-18UNF
0.747093	0.794372	0.018895	0.010823	1.0000	4.35
0.773256	0.794372	0.010174	0.010823	1.0000	17
0.793605	0.796537	0.008721	0.006494	1.0000	19
0.811047	0.794372	0.017442	0.010823	1.0000	54.7
0.831395	0.794372	0.017442	0.010823	1.0000	41.5
0.851744	0.794372	0.017442	0.010823	1.0000	22.5
0.876453	0.794372	0.059593	0.010823	1.0000	UJR-HU-6.35BN-IAE
0.665698	0.774892	0.039244	0.010984	1.0000	9.52 3/8NPT
0.707784	0.774384	0.036467	0.011838	1.0000	7/8-14UNF
0.751453	0.774892	0.011628	0.010823	1.0000	7.3
0.793605	0.774892	0.010174	0.010823	1.0000	26
0.811047	0.774892	0.017442	0.010823	1.0000	61.7
0.832849	0.774892	0.015988	0.010823	1.0000	46.5
0.876453	0.774892	0.059593	0.010823	1.0000	UJR-HU-9.52CN-IAE
0.665698	0.755287	0.078488	0.010952	1.0000	9.52 1/2NPT 7/8-14UNF
0.751453	0.755411	0.011628	0.010823	1.0000	7.3
0.773256	0.755411	0.010174	0.010823	1.0000	23
0.793605	0.755411	0.010174	0.010823	1.0000	26
0.811047	0.755411	0.017442	0.010823	1.0000	65.7
0.832849	0.755411	0.015988	0.010823	1.0000	50.5
0.853198	0.755411	0.015988	0.010823	1.0000	25.5
0.876453	0.755411	0.059593	0.010823	1.0000	UJR-HU-9.52DN-IAE
0.079892	0.653270	0.071320	0.020301	0.3000	1 MPoItEE
0.783430	0.638528	0.039244	0.010823	1.0000	B B1
0.188953	0.614719	0.015988	0.010823	1.0000	6.35
0.212209	0.614719	0.039244	0.010823	1.0000	9/16-18UNF
0.261628	0.614719	0.010174	0.010823	1.0000	19
0.281977	0.614719	0.015988	0.010823	1.0000	49.7
0.305233	0.614719	0.014535	0.010823	1.0000	28.1
0.327035	0.614719	0.017442	0.010823	1.0000	20.5
0.351744	0.614719	0.050872	0.010823	1.0000	UJR-6.35S-W-BR
0.665698	0.614719	0.094477	0.010823	1.0000	6.35 G1/8 9/16-18UNF 4.35
0.760174	0.614719	0.014535	0.010823	1.0000	5.5
0.815407	0.614719	0.017442	0.010823	1.0000	51.7
0.832849	0.614719	0.037791	0.010823	1.0000	38.5 22.5
0.875000	0.614719	0.059593	0.010823	1.0000	UJR-GU-6.35AF-IAE
0.188953	0.595238	0.015988	0.010823	1.0000	9.52
0.213656	0.595188	0.036350	0.010922	1.0000	7/8-14UNF
0.261628	0.595238	0.010174	0.010823	1.0000	26
0.284884	0.595238	0.010174	0.010823	1.0000	55
0.305233	0.595238	0.015988	0.010823	1.0000	30.6
0.327035	0.595238	0.017442	0.010823	1.0000	22.4
0.351744	0.595238	0.050872	0.010823	1.0000	UJR-9.52S-W-BR
0.664244	0.595166	0.110465	0.010952	1.0000	6.35 G1/4 9/16-18UNF 4.35 5.5
0.781977	0.595238	0.010174	0.010823	1.0000	19
0.800872	0.595238	0.011628	0.010823	1.0000	19
0.812500	0.595238	0.021802	0.010823	1.0000	54.7
0.832849	0.595166	0.037791	0.010952	1.0000	41.5 22.5
0.876453	0.595238	0.058140	0.010823	1.0000	UJR-GU-6.35BF-IAE
0.664244	0.575758	0.072674	0.010823	1.0000	9.52 G3/8 7/8-14UNF
0.742733	0.575758	0.011628	0.010823	1.0000	7.3
0.760174	0.575758	0.013081	0.010823	1.0000	5.5
0.781977	0.575758	0.008721	0.010823	1.0000	23
0.799419	0.575758	0.013081	0.010823	1.0000	26
0.815407	0.575758	0.055233	0.010823	1.0000	61.7 46.5 25.5
0.876453	0.575758	0.058140	0.010823	1.0000	UJR-GU-9.52CF-IAE
0.664244	0.556269	0.074128	0.010952	1.0000	9.52 G1/2 7/8-14UNF
0.741279	0.556277	0.014535	0.010823	1.0000	7.3
0.761628	0.556277	0.011628	0.010823	1.0000	5.5
0.780523	0.556277	0.011628	0.010823	1.0000	26
0.799419	0.556277	0.011628	0.010823	0.5000	26
0.815407	0.556269	0.055233	0.010952	1.0000	65.7 50.5 25.5
0.876453	0.556277	0.058140	0.010823	1.0000	UJR-GU-9.52DF-IAE
0.078488	0.454545	0.081395	0.019481	1.0000	21.5MPaItEEF
0.797965	0.439394	0.069767	0.013023	1.0000	B1 LL1 L2
0.188953	0.417749	0.015988	0.008658	1.0000	6.35
0.212209	0.417749	0.039244	0.008658	1.0000	9/16-18UNF
0.261628	0.417749	0.010174	0.010823	1.0000	19
0.281977	0.419913	0.014535	0.004329	1.0000	407
0.303779	0.417749	0.015988	0.008658	1.0000	28.1
0.327035	0.415584	0.015988	0.010823	1.0000	23.3
0.351744	0.415584	0.055233	0.012987	1.0000	UJR-6.35S-W-L-BR
0.665698	0.417749	0.015988	0.008658	1.0000	6.35
0.690407	0.415584	0.021802	0.010823	1.0000	Rc1/8
0.719477	0.417674	0.074128	0.008733	1.0000	9/16-18UNF 4.35 17
0.813953	0.415408	0.056686	0.010999	1.0000	51.7 38.5 22.5
0.875000	0.415584	0.056686	0.010823	1.0000	UJR-GU-6.35A-IAE
0.188953	0.398268	0.015988	0.008658	1.0000	9.52
0.213663	0.398268	0.034884	0.008658	1.0000	7/8-14UNF
0.260174	0.398268	0.011628	0.008658	1.0000	26
0.283430	0.398268	0.011628	0.008658	1.0000	55
0.305233	0.400433	0.013081	0.004329	1.0000	20A
0.329942	0.396104	0.010174	0.010823	1.0000	26
0.351744	0.396104	0.055233	0.010823	1.0000	UJR-9.52S-W-L-BR
0.664244	0.396104	0.017442	0.010823	1.0000	6.35
0.691860	0.396104	0.020349	0.010823	1.0000	Rc1/4
0.720930	0.396104	0.055233	0.010996	1.0000	9/16-18UNF 4.35
0.800872	0.398268	0.010174	0.008658	1.0000	19
0.816860	0.396104	0.053779	0.010996	1.0000	54.7 41.5 22.5
0.876453	0.396104	0.055233	0.010823	1.0000	UJR-GU-6.35B-IAE
0.664244	0.376623	0.017442	0.010823	1.0000	9.52
0.691860	0.376623	0.020349	0.010823	1.0000	Rc3/8
0.722384	0.376623	0.033430	0.010823	1.0000	7/8-14UNF
0.760174	0.376623	0.014535	0.010823	1.0000	7.3
0.800872	0.376623	0.010174	0.010823	1.0000	26
0.816860	0.376511	0.053779	0.010952	1.0000	61.7 46.5 25.5
0.876453	0.376623	0.055233	0.010823	1.0000	UJR-GU-9.52C-IAE
0.665698	0.357143	0.015988	0.010823	1.0000	9.52
0.691860	0.357143	0.020349	0.010823	1.0000	Rc1/2
0.722384	0.357143	0.034884	0.010823	1.0000	7/8-14UNF
0.760174	0.357143	0.014535	0.010823	1.0000	7.3
0.780523	0.357143	0.011628	0.010823	1.0000	26
0.799419	0.357143	0.011628	0.010823	1.0000	26
0.816860	0.357143	0.053779	0.010823	1.0000	65.7 50.5 25.5
0.876453	0.357143	0.055233	0.010823	1.0000	UJR-GU-9.52D-IAE
0.255814	0.242424	0.010174	0.008658	1.0000	A1
0.363372	0.242424	0.027616	0.010823	0.3000	112
0.187500	0.218615	0.015988	0.010823	1.0000	6.35
0.213663	0.218615	0.018895	0.010823	1.0000	R1/8
0.242733	0.218615	0.053779	0.010993	1.0000	9/16-18UNF 4.35
0.302326	0.218615	0.011628	0.010823	1.0000	17
0.321221	0.218615	0.013081	0.010823	1.0000	19
0.332849	0.218615	0.021802	0.010823	1.0000	51.7
0.356105	0.218615	0.017442	0.010823	1.0000	38.5
0.373547	0.218615	0.018895	0.010823	1.0000	22.5
0.398256	0.218615	0.055233	0.010823	1.0000	UJR-HU-6.35A-IAE
0.681686	0.218615	0.063953	0.010993	1.0000	1/8NPT 9/16-18UNF
0.748547	0.218615	0.017442	0.010823	1.0000	4.35
0.771802	0.218615	0.011628	0.010823	1.0000	17
0.792151	0.218615	0.011628	0.010823	1.0000	19
0.809593	0.218615	0.017442	0.010823	1.0000	51.7
0.831395	0.218615	0.017442	0.010823	1.0000	38.5
0.876453	0.218615	0.059593	0.010823	1.0000	UJR-GU-6.35AN-IAE
0.154070	0.196970	0.008721	0.021645	1.0000	HEХ.B1
0.215116	0.201299	0.015988	0.004329	1.0000	R114
0.242733	0.201299	0.036337	0.004329	1.0000	0/1A.19INE
0.303779	0.199134	0.010174	0.008658	1.0000	17
0.321221	0.196970	0.052326	0.013000	1.0000	19 54.7 41.5
0.373547	0.199134	0.018895	0.008658	1.0000	22.5
0.398256	0.201284	0.053779	0.004532	0.3000	NRHA QERAE
0.667151	0.201284	0.077035	0.004532	1.0000	A 25 1/NDT Q/1A.19INE
0.773256	0.199134	0.010174	0.008658	1.0000	19
0.795058	0.201299	0.008721	0.004329	1.0000	10
0.812500	0.201299	0.014535	0.004329	1.0000	547
0.876453	0.199134	0.059593	0.008658	1.0000	UJR-GU-6.35BN-IAE
0.215116	0.179654	0.017442	0.010823	1.0000	R3/8
0.244186	0.181818	0.031977	0.004329	1.0000	7/9.14INE
0.281977	0.179654	0.013081	0.010823	1.0000	7.3
0.302326	0.181818	0.010174	0.004329	1.0000	10
0.321221	0.177489	0.052326	0.012987	1.0000	26 61.7 46.5
0.373547	0.179654	0.018895	0.008658	1.0000	25.5
0.398256	0.179654	0.055233	0.010823	1.0000	UJR-HU-9.52C-IAE
0.704942	0.181818	0.037791	0.004329	0.3000	7/91AINE
0.751453	0.179654	0.011628	0.008658	1.0000	7.3
0.793605	0.179654	0.010174	0.008658	1.0000	26
0.187500	0.160173	0.014535	0.010823	1.0000	9.52
0.215116	0.160173	0.017442	0.010823	1.0000	R1/2
0.244186	0.160173	0.033430	0.010823	1.0000	7/8-14UNE
0.283430	0.160173	0.011628	0.008658	1.0000	7.3
0.302326	0.158009	0.010174	0.010823	1.0000	23
0.322453	0.157564	0.051293	0.014771	1.0000	26 65.7 50.5
0.373547	0.160173	0.018895	0.008658	1.0000	25.5
0.398256	0.160173	0.055233	0.008658	1.0000	UJR-HU-9.52D-IAE|
0.683140	0.160173	0.021802	0.006494	1.0000	1/2NPT
0.707849	0.162338	0.034884	0.004329	0.3000	7/91AINE
0.751453	0.160173	0.011628	0.008658	1.0000	7.3
0.773256	0.160173	0.010174	0.008658	1.0000	26
0.793605	0.160173	0.010174	0.008658	1.0000	26
0.812500	0.160173	0.015988	0.010823	1.0000	65.7
0.832849	0.160173	0.015988	0.008658	1.0000	50.5
0.853198	0.160173	0.015988	0.008658	1.0000	25.5
0.876453	0.160121	0.059593	0.008710	1.0000	UJR-GU-9 52DN-IAE
0.061047	0.056277	0.013081	0.017316	1.0000	13
0.834302	0.056269	0.087209	0.015160	1.0000	Fujikin® Incorporated
0.925872	0.058442	0.014535	0.012987	1.0000	14
#FILE	tmp/pdfs/fitting_dimension_audit/fujikin_ocr/ocr-09.png
0.069767	0.924094	0.065407	0.021903	0.3000	UJR EEE
0.616162	0.919671	0.171760	0.026348	1.0000	Safety & Clean Technology
0.885116	0.891404	0.055348	0.020223	1.0000	UJR EA
0.436047	0.874459	0.024709	0.008658	0.3000	( : mm)
0.915698	0.872294	0.024709	0.010823	0.3000	: mm)
0.715116	0.837662	0.011628	0.010823	1.0000	D1
0.188953	0.813853	0.015988	0.010823	1.0000	6.35
0.213663	0.813853	0.013081	0.010823	1.0000	5.5
0.235465	0.813853	0.015988	0.010823	1.0000	11.8
0.258721	0.813853	0.015988	0.010823	1.0000	12.6
0.306686	0.813853	0.011628	0.010823	1.0000	0.8
0.324128	0.813853	0.045058	0.010823	0.3000	SUS316LW=RX+1#)
0.373547	0.813853	0.055233	0.010823	1.0000	UJR-6.35RE-RG-O
0.667151	0.813853	0.017442	0.010823	1.0000	6.35
0.693314	0.813853	0.011628	0.010823	1.0000	9.1
0.713663	0.813853	0.015988	0.010823	1.0000	12.6
0.738372	0.813853	0.013081	0.010823	1.0000	2.8
0.760123	0.813470	0.034987	0.011589	1.0000	UJR-6.35B
0.188953	0.794372	0.015988	0.010823	1.0000	9.52
0.235465	0.794372	0.015988	0.010823	1.0000	19.2
0.260174	0.794372	0.011628	0.010823	1.0000	20
0.283430	0.796537	0.010174	0.006494	1.0000	4.6
0.306686	0.794372	0.011628	0.010823	1.0000	0.8
0.324128	0.796450	0.042151	0.004532	0.3000	SUS36LW 1000E3
0.373547	0.794372	0.055233	0.010823	1.0000	UJR-9.52RE-RG-O
0.667151	0.794372	0.017442	0.010823	1.0000	9.52
0.691860	0.794372	0.015988	0.010823	1.0000	15.3
0.713663	0.794372	0.015988	0.010823	1.0000	20.3
0.738372	0.794372	0.013081	0.010823	1.0000	3.5
0.760174	0.794372	0.034884	0.010823	1.0000	UJR-9.52B
0.213663	0.774892	0.013081	0.010823	1.0000	5.5
0.235465	0.774892	0.015988	0.010823	1.0000	11.8
0.258721	0.774892	0.015988	0.010823	1.0000	12.6
0.306686	0.774892	0.011628	0.010823	1.0000	0.8
0.375000	0.774892	0.061047	0.010823	1.0000	UJR-6.35RE-RG-NI-O
0.188953	0.755411	0.015988	0.010823	1.0000	9.52
0.215116	0.755411	0.010174	0.010823	1.0000	11
0.235465	0.755411	0.015988	0.010823	1.0000	19.2
0.260174	0.755411	0.011628	0.010823	1.0000	20
0.283430	0.755411	0.011628	0.010823	1.0000	4.6
0.306686	0.755411	0.011628	0.010823	1.0000	0.8
0.375000	0.755411	0.061047	0.010823	1.0000	UJR-9.52RE-RG-NI-O
0.188953	0.614719	0.015988	0.010823	1.0000	6.35
0.213663	0.614719	0.013081	0.010823	1.0000	5.5
0.235465	0.614719	0.015988	0.010823	1.0000	12.4
0.260174	0.614719	0.011628	0.010823	1.0000	0.8
0.279070	0.614719	0.043605	0.010823	0.3000	SUS316LW[X#)
0.328488	0.614719	0.040698	0.010823	1.0000	UJR-6.35G-O
0.670058	0.614719	0.011628	0.010823	1.0000	3.2
0.690407	0.614719	0.039244	0.010823	1.0000	5/16-24UNF
0.736919	0.614719	0.014535	0.010823	1.0000	5.2
0.781977	0.614719	0.017442	0.010823	1.0000	13.5
0.806686	0.614719	0.030523	0.010823	1.0000	UJR-3.2N
0.188953	0.597403	0.015988	0.008658	1.0000	9.52
0.215116	0.597403	0.010174	0.008658	0.5000	11
0.235465	0.595238	0.015988	0.010823	1.0000	19.8
0.260174	0.595238	0.013081	0.010823	1.0000	0.8
0.278826	0.594317	0.044055	0.013795	0.3000	SUS316LW=
0.328488	0.595238	0.040698	0.010823	1.0000	UJR-9.52G-O
0.667151	0.595238	0.017442	0.010823	1.0000	6.35
0.690407	0.595238	0.039244	0.010823	1.0000	9/16-18UNF
0.738372	0.595238	0.011628	0.010823	1.0000	9.1
0.761628	0.595238	0.011628	0.010823	1.0000	19
0.781977	0.595238	0.017442	0.010823	1.0000	20.5
0.806669	0.595115	0.034918	0.011069	1.0000	UJR-6.35N
0.190407	0.575758	0.013081	0.010823	1.0000	3.2
0.213663	0.575758	0.013081	0.010823	1.0000	2.3
0.236919	0.575758	0.013081	0.010823	1.0000	6.4
0.260174	0.575758	0.013081	0.010823	1.0000	0.5
0.328488	0.575758	0.043605	0.010823	1.0000	UJR-3.2G-NI-O
0.667151	0.575758	0.017442	0.010823	1.0000	9.52
0.691860	0.575758	0.036337	0.010823	1.0000	7/8-14UNF
0.736919	0.575758	0.015988	0.010823	1.0000	15.3
0.761628	0.575758	0.011628	0.010823	1.0000	26
0.777616	0.575758	0.021802	0.010823	1.0000	22.4
0.806634	0.575375	0.034987	0.011589	1.0000	UJR-9.52N
0.188953	0.556277	0.015988	0.010823	1.0000	6.35
0.213663	0.556277	0.013081	0.010823	1.0000	5.5
0.234012	0.556277	0.017442	0.010823	1.0000	12.4
0.260174	0.556277	0.013081	0.010823	1.0000	0.8
0.328488	0.556277	0.047965	0.010823	1.0000	UJR-6.35G-NI-O
0.665698	0.556277	0.020349	0.010823	1.0000	19.05
0.688953	0.556277	0.045058	0.010823	1.0000	14-18UNEF
0.735465	0.556277	0.017442	0.010823	1.0000	22.3
0.760174	0.556277	0.013081	0.010823	1.0000	38
0.784884	0.556277	0.011628	0.010823	1.0000	29
0.806686	0.556277	0.039244	0.010823	1.0000	UJR-19.05N
0.188953	0.536797	0.015988	0.010823	1.0000	9.52
0.235465	0.536797	0.015988	0.010823	1.0000	19.8
0.260174	0.536797	0.013081	0.010823	1.0000	O.8
0.328488	0.536797	0.047965	0.010823	1.0000	UJR-9.52G-NI-O
0.188953	0.517316	0.017442	0.010823	1.0000	19.05
0.215116	0.517316	0.010174	0.010823	1.0000	17
0.235465	0.517316	0.015988	0.010823	1.0000	28.5
0.260174	0.517316	0.013081	0.010823	1.0000	0.8
0.328488	0.517316	0.052326	0.010823	1.0000	UJR-19.05G-NI-O
0.283430	0.417749	0.011628	0.010823	1.0000	0.8
0.300872	0.415584	0.045058	0.010823	0.3000	SUS316LW=R4)
0.350291	0.415584	0.058140	0.010823	1.0000	UJR-6.35RE-RG-O-BL
0.667151	0.415584	0.017442	0.012987	1.0000	6.35
0.687425	0.415021	0.042301	0.014114	1.0000	9/16-18UNF
0.736919	0.415584	0.014535	0.010823	1.0000	9.1
0.758721	0.415584	0.014535	0.010823	1.0000	19
0.780523	0.415584	0.018895	0.010823	1.0000	23.3
0.803779	0.415584	0.042151	0.012987	1.0000	UJR-6.35N-L
0.188953	0.398268	0.015988	0.008658	1.0000	9.52
0.236919	0.398268	0.011628	0.008658	1.0000	20
0.283430	0.398268	0.011628	0.008658	1.0000	08
0.300872	0.396104	0.045058	0.010823	0.3000	SUS316LW[R)
0.351744	0.396104	0.056686	0.010823	1.0000	UJR-9.52RE-RG-O-BL
0.667151	0.396104	0.017442	0.010823	1.0000	9.52
0.691841	0.395956	0.036376	0.011119	1.0000	7/8-14UNF
0.736919	0.396104	0.017442	0.010823	1.0000	15.3
0.761628	0.396104	0.011628	0.010823	1.0000	26
0.784884	0.396104	0.011628	0.010823	1.0000	26
0.806686	0.396104	0.039244	0.010823	1.0000	UJR-9.52N-L
0.188953	0.376623	0.015988	0.010823	1.0000	6.35
0.213663	0.378788	0.014535	0.008658	1.0000	11.8
0.283430	0.378788	0.011628	0.008658	1.0000	08
0.351744	0.376623	0.062500	0.010823	1.0000	UJR-6.35RE-RG-NI-O-BL
0.215116	0.359307	0.013081	0.008658	1.0000	19.2
0.260174	0.359307	0.011628	0.008658	1.0000	4.6
0.283430	0.359307	0.011628	0.008658	1.0000	08
0.351744	0.357143	0.062500	0.010823	1.0000	UJR-9.52RE-RG-NI-O-BL
0.212209	0.218615	0.015988	0.010823	1.0000	12.4
0.236919	0.218615	0.011628	0.010823	1.0000	0.8
0.303779	0.218615	0.049419	0.010823	1.0000	UJR-6.35G-0-BL
0.668605	0.216450	0.013081	0.012987	1.0000	3.2
0.687500	0.218615	0.043605	0.010823	1.0000	5/16-24UNF
0.734012	0.218615	0.017442	0.010823	1.0000	5.2
0.780523	0.218615	0.018895	0.010823	1.0000	127
0.805233	0.218615	0.033430	0.010823	1.0000	UJR-C-3.2
0.236919	0.199134	0.011628	0.010823	1.0000	0.8
0.305025	0.196509	0.049854	0.014757	1.0000	UJR-9.52G-O-BL
0.667151	0.196970	0.017442	0.010823	1.0000	6.35
0.690165	0.195263	0.039829	0.014964	1.0000	9/16-18UNF
0.736919	0.199134	0.013081	0.008658	1.0000	9.1
0.761628	0.199134	0.011628	0.008658	1.0000	17
0.780523	0.199134	0.018895	0.008658	1.0000	18.2
0.805184	0.196651	0.037887	0.013624	1.0000	UJR-C-6.35
0.190407	0.179654	0.013081	0.010823	1.0000	3.2
0.236919	0.179654	0.011628	0.010823	1.0000	0.5
0.303779	0.179654	0.053779	0.010823	1.0000	UJR-3.2G-NI-O-BL
0.667151	0.177489	0.017442	0.012987	1.0000	9.52
0.690321	0.176911	0.037962	0.014144	1.0000	7/8-14UNF
0.734012	0.179654	0.018895	0.010823	1.0000	15.3
0.758721	0.177489	0.014535	0.012987	1.0000	23
0.776163	0.177489	0.023256	0.012987	1.0000	20.5
0.805233	0.177489	0.037791	0.012987	1.0000	UJR-C-9.52
0.213663	0.162338	0.013081	0.004329	0.3000	101
0.236919	0.160173	0.011628	0.008658	1.0000	0.8
0.305233	0.160173	0.056686	0.010823	1.0000	UJR-6.35G-NI-O-BL
0.665698	0.157855	0.087209	0.013218	1.0000	19.05 1/4-18UNEF 22.5
0.760174	0.158009	0.013081	0.012987	1.0000	36
0.771802	0.158009	0.027616	0.012987	1.0000	25.5
0.803746	0.157769	0.042217	0.013467	1.0000	UJR-C-19.05
0.188953	0.140693	0.015988	0.010823	1.0000	952
0.212209	0.140693	0.015988	0.010823	1.0000	198
0.305233	0.138528	0.056686	0.010823	1.0000	UJR-9.52G-NI-O-BL
0.059593	0.056277	0.014535	0.017316	1.0000	15
0.832690	0.052659	0.107888	0.021272	1.0000	Fujikin. Incorporated 16
#FILE	tmp/pdfs/fitting_dimension_audit/fujikin_ocr/ocr-10.png
0.069730	0.923982	0.066936	0.022165	0.3000	UUR ·EA
0.616176	0.919669	0.171733	0.026374	1.0000	Safety & Clean Technology
0.885157	0.891666	0.055267	0.019699	1.0000	UJR IEA
0.436047	0.876511	0.023256	0.004532	0.3000	EE : MM
0.069767	0.835347	0.030523	0.010973	1.0000	E RING +#
0.142442	0.835347	0.030523	0.010973	1.0000	E RING *
0.279070	0.837613	0.021802	0.010952	1.0000	E RING
0.915698	0.837613	0.021802	0.004532	0.3000	E1 : Mm
0.069767	0.822511	0.030523	0.010823	0.3000	***#
0.069767	0.811556	0.033430	0.013218	1.0000	PUR RING) I#
0.140988	0.811556	0.034884	0.013218	1.0000	(PÜR RING) R#
0.188953	0.813853	0.015988	0.010823	1.0000	6.35
0.213663	0.813853	0.013081	0.010823	1.0000	8.9
0.234012	0.813853	0.020349	0.010823	1.0000	12.65
0.258721	0.813853	0.015988	0.010823	1.0000	13.9
0.305233	0.813853	0.042151	0.010823	1.0000	UJR-6.35S-BL
0.558140	0.811688	0.100291	0.019481	0.3000	PRILVEE
0.188953	0.794372	0.015988	0.010823	1.0000	9.52
0.213663	0.794372	0.014535	0.010823	1.0000	15.1
0.235465	0.794372	0.015988	0.010823	1.0000	20.3
0.258721	0.794372	0.015988	0.010823	1.0000	16.2
0.305233	0.794372	0.042151	0.010823	1.0000	UJR-9.52S-BL
0.667151	0.777056	0.018895	0.010823	1.0000	6.35
0.691860	0.777056	0.013081	0.010823	1.0000	4.8
0.734012	0.777056	0.042151	0.010823	1.0000	9/16-18UNF
0.784884	0.777056	0.011628	0.010823	1.0000	39
0.808140	0.777056	0.011628	0.010823	1.0000	17
0.827035	0.777056	0.045058	0.010823	1.0000	UJR-F-6.35-*
0.664244	0.759740	0.181686	0.010823	0.3000	IERXEE01. 02. 03. 04. 0.57H.
0.558140	0.666667	0.055233	0.019481	0.3000	BEMIUH
0.672965	0.627706	0.047965	0.010823	1.0000	UJR-6,35G-O-*
0.875000	0.627706	0.055233	0.010823	1.0000	UJR-6.35RE-RG-0-*
0.190407	0.614719	0.013081	0.010823	1.0000	3.2
0.212209	0.614719	0.039244	0.010823	1.0000	5/16-24UNF
0.261628	0.614719	0.010174	0.010823	1.0000	10
0.283430	0.614719	0.011628	0.010823	1.0000	17
0.305233	0.614719	0.034884	0.010823	1.0000	UJR-JC-3.2
0.803779	0.619048	0.015988	0.008658	1.0000	6.35
0.672965	0.608225	0.055233	0.010823	1.0000	UJR-6.35G-NI-0-*
0.875000	0.608225	0.062500	0.010823	1.0000	UJR-6.35RE-RG-NI-0-*
0.188953	0.595238	0.015988	0.010823	1.0000	6.35
0.212209	0.595238	0.039244	0.010823	1.0000	9/16-18UNF
0.261628	0.595238	0.010174	0.010823	1.0000	17
0.305233	0.595238	0.039244	0.010823	1.0000	UJR-JC-6.35
0.643383	0.590128	0.024459	0.015312	1.0000	SUS316L
0.846991	0.592488	0.021326	0.012952	1.0000	SUS316L
0.672965	0.588745	0.047965	0.010823	1.0000	UJR-9.52G-O-*
0.875000	0.588745	0.055233	0.010823	1.0000	UJR-9.52RE-RG-0-*
0.188953	0.575758	0.015988	0.010823	1.0000	9.52
0.213656	0.575708	0.036350	0.010922	1.0000	7/8-14UNF
0.261628	0.575758	0.010174	0.010823	1.0000	23
0.284884	0.575758	0.010174	0.010823	1.0000	27
0.305233	0.575758	0.039244	0.010823	1.0000	UJR-JC-9.52
0.600291	0.580087	0.017442	0.008658	1.0000	9.52
0.803779	0.580087	0.015988	0.008658	1.0000	9.52
0.672965	0.569264	0.055233	0.010823	1.0000	UJR-9.52G-NI-O-*
0.875000	0.569264	0.062500	0.010823	1.0000	UJR-9.52RE-RG-NI-O-*
0.658430	0.547583	0.159884	0.013023	1.0000	PEiTItARIXEME7O1. 0.2. 0.3. 04. 0.5·RBZFA.
0.713663	0.504329	0.015988	0.012987	1.0000	D1
0.735465	0.502165	0.015988	0.015152	1.0000	D2
0.667151	0.482684	0.017442	0.010823	1.0000	6.35
0.690407	0.482684	0.017442	0.010823	1.0000	9.52
0.713663	0.482684	0.017442	0.010823	1.0000	7.4
0.731105	0.482684	0.026163	0.010823	1.0000	12.65
0.758721	0.482684	0.017442	0.010823	1.0000	28.5
0.780523	0.482684	0.066860	0.010823	1.0000	UUR-6.35×9.52MS-L28.5-APM
0.667151	0.469697	0.015988	0.008658	1.0000	6.35
0.690407	0.469697	0.015988	0.008658	1.0000	9.52
0.715116	0.467532	0.013081	0.010823	1.0000	7.4
0.734012	0.467532	0.021802	0.010823	1.0000	12.65
0.763081	0.467532	0.010174	0.010823	1.0000	33
0.781977	0.467532	0.061047	0.010823	1.0000	UJR-6.35x9.52MS-L33-APN
0.667151	0.335498	0.017442	0.010823	1.0000	6.35
0.690407	0.335498	0.040698	0.010823	1.0000	9/16-18UNF
0.780523	0.335498	0.018895	0.010823	1.0000	20.5
0.806686	0.335498	0.053779	0.010823	1.0000	UJR-6.35x9.52N
0.667151	0.188312	0.017442	0.010823	1.0000	6.35
0.690407	0.188312	0.039244	0.010823	1.0000	9/16-18UNF
0.735465	0.190332	0.062500	0.006798	1.0000	97 17 18.2
0.806686	0.188312	0.055233	0.010823	1.0000	UJR-C-6.35×9.52
0.061047	0.056277	0.014535	0.017316	1.0000	17
0.834174	0.054941	0.106372	0.018779	1.0000	Fujikin: Incorporated 18
#FILE	tmp/pdfs/fitting_dimension_audit/fujikin_ocr/ocr-11.png
0.069701	0.923780	0.066993	0.022569	0.3000	UUR EEA
0.436047	0.872294	0.026163	0.010823	0.5000	(13 : mm)
0.324128	0.796450	0.021802	0.013218	1.0000	E RING
0.212209	0.774892	0.039244	0.010823	1.0000	9/16-18UNF
0.261628	0.774892	0.010174	0.010823	1.0000	19
0.281977	0.774892	0.015988	0.010823	1.0000	26.4
0.305233	0.774892	0.015988	0.010823	1.0000	20.5
0.348837	0.774892	0.042151	0.010823	1.0000	UJR-JP-6.35
0.188953	0.755411	0.015988	0.010823	1.0000	9.52
0.213663	0.755411	0.036337	0.010823	1.0000	7/8-14UNF
0.261628	0.755411	0.010174	0.010823	1.0000	26
0.281977	0.755411	0.015988	0.010823	1.0000	30.3
0.305233	0.755411	0.015988	0.010823	1.0000	22.4
0.324128	0.753247	0.021802	0.010823	0.3000	D12
0.347384	0.755411	0.043605	0.010823	1.0000	UJR-JP-9.52
0.079942	0.664502	0.104651	0.019481	0.3000	МpaitJ··EПE
0.324128	0.649169	0.021802	0.013218	1.0000	E RING
0.188953	0.627706	0.015988	0.010823	1.0000	6.35
0.212209	0.627706	0.039244	0.010823	1.0000	9/16-18UNF
0.281977	0.627706	0.015988	0.010823	1.0000	23.6
0.305233	0.627706	0.015988	0.010823	1.0000	20.5
0.324128	0.625541	0.020349	0.012987	1.0000	DFL7
0.350291	0.627706	0.059593	0.010823	1.0000	UJR-JPB-6.35-DMJ
0.188953	0.608225	0.017442	0.010823	1.0000	9.52
0.213633	0.607998	0.036397	0.011277	1.0000	7/8-14UNF
0.261628	0.608225	0.010174	0.010823	1.0000	26
0.281977	0.608225	0.015988	0.010823	1.0000	26.7
0.305233	0.608225	0.015988	0.010823	1.0000	22.4
0.324128	0.606061	0.023256	0.012987	0.5000	FL12
0.348837	0.608225	0.061047	0.010823	1.0000	UJR-JPB-9.52-DMJ
0.322674	0.500000	0.024709	0.017316	1.0000	ERING
0.188953	0.480519	0.017442	0.010823	1.0000	6.35
0.210756	0.480519	0.040698	0.010823	1.0000	9/16-18UNF
0.261628	0.480519	0.010174	0.010823	1.0000	19
0.281977	0.478355	0.111919	0.012987	1.0000	26.4 23.3 IFŁ7 UJR-JPB-6.35
0.188953	0.461039	0.015988	0.010823	1.0000	9.52
0.213663	0.463203	0.034884	0.008658	1.0000	7/8-14UNE
0.281977	0.463203	0.015988	0.008658	1.0000	30.3
0.308140	0.461039	0.087209	0.010823	1.0000	26 Ft"12 UJR-JPB-9.52
0.079942	0.372294	0.037791	0.017316	0.5000	1/8€E
0.303674	0.334712	0.088880	0.013969	1.0000	6.35 UJR-3.2MS-AW-S-EAJ
0.190407	0.190476	0.014535	0.008658	1.0000	6.35
0.238372	0.190476	0.011628	0.008658	1.0000	1.8
0.305233	0.188312	0.085756	0.012987	1.0000	6.35 UUR-6.35x3.2MS-AW-S-EAJ
0.059593	0.058442	0.014535	0.015152	1.0000	19
#FILE	tmp/pdfs/fitting_dimension_audit/fujikin_ocr/ocr-12.png
0.091570	0.876604	0.193314	0.028302	0.3000	EЖ MEZRE
0.447674	0.854978	0.020349	0.021645	1.0000	23
0.536337	0.829004	0.222384	0.021645	0.3000	•DHAN·ERI #E.
0.039086	0.733488	0.018166	0.160687	1.0000	afety
0.447674	0.798701	0.020349	0.021645	1.0000	23
0.537718	0.754295	0.206536	0.018601	0.3000	ОЙЖШ : Cr20. FD(Æ1Е•
0.447674	0.742424	0.020349	0.021645	1.0000	23
0.537709	0.735841	0.225466	0.019661	0.3000	• : F [100% Cr2O FS9
0.375000	0.703463	0.013081	0.010823	0.3000	(TZ)
0.447674	0.686147	0.020349	0.021645	1.0000	23
0.447674	0.629870	0.020349	0.021645	1.0000	24
0.447674	0.573593	0.020349	0.021645	1.0000	24
0.543605	0.558442	0.388081	0.026087	1.0000	UJ I - 6.35 M - AW - S - 316LM - FD
0.447674	0.517316	0.020349	0.021645	1.0000	24
0.447674	0.461039	0.021802	0.023810	1.0000	24
0.665698	0.443723	0.013081	0.012987	0.3000	TZ!
0.447674	0.404762	0.021802	0.023810	1.0000	25
0.659884	0.409091	0.024709	0.012987	0.3000	†7‡
0.379360	0.365801	0.014535	0.008658	0.3000	(T2)
0.537791	0.363636	0.042151	0.010823	1.0000	6.35.T1/4°D
0.447674	0.348485	0.021802	0.023810	1.0000	25
0.537791	0.348485	0.042151	0.012987	1.0000	9.52·T3/800
0.536337	0.335498	0.043605	0.010823	0.3000	12.71/2°
0.380814	0.309524	0.011628	0.010823	0.3000	(TÄY)
0.039063	0.058339	0.018534	0.493684	1.0000	ean Technology
0.449128	0.292208	0.018895	0.021645	1.0000	25
0.536337	0.294372	0.020349	0.010823	1.0000	316LM
0.571221	0.292208	0.106105	0.015152	0.3000	SUS316LZW=REEMn+
0.536337	0.281385	0.015988	0.010823	1.0000	FS39
0.571221	0.279221	0.093023	0.015152	0.3000	(FERRITE) 5U
0.537791	0.266234	0.010174	0.012987	1.0000	#
0.447674	0.235931	0.021802	0.023810	1.0000	25
0.537791	0.207792	0.008721	0.012987	1.0000	FD
0.537791	0.194805	0.008721	0.010823	1.0000	PS
0.559576	0.194699	0.030557	0.011035	0.3000	Cr2O3EI!
0.447674	0.179654	0.021802	0.023810	1.0000	26
0.536337	0.179654	0.010174	0.012987	1.0000	BK
0.367733	0.140693	0.024709	0.010823	0.3000	(‡₴5жтāУ)
0.447674	0.123377	0.021802	0.023810	1.0000	26
0.129360	0.075758	0.119186	0.019481	1.0000	Fujikin® Incorporated
0.380814	0.080087	0.024709	0.012987	0.3000	(**7ЖTŻ)
0.447674	0.067100	0.021802	0.023810	1.0000	26
#FILE	tmp/pdfs/fitting_dimension_audit/fujikin_ocr/ocr-13.png
0.616113	0.919634	0.171812	0.026737	1.0000	Safety & Clean Technology
0.914244	0.872294	0.026163	0.010823	0.3000	(11 : mm)
0.667151	0.835347	0.037791	0.013218	0.3000	DSD D1
0.188953	0.813853	0.015988	0.010823	1.0000	6.35
0.213663	0.813853	0.013081	0.010823	1.0000	4.4
0.234012	0.816017	0.017442	0.006494	1.0000	10.3
0.257267	0.813853	0.017442	0.010823	1.0000	6.35
0.306686	0.813853	0.011628	0.010823	1.0000	7.9
0.325581	0.813853	0.015988	0.010823	1.0000	7.9
0.350291	0.813853	0.052326	0.010823	1.0000	UJL-6.35M-AW-S
0.667151	0.813853	0.015988	0.010823	1.0000	6.35
0.690407	0.816017	0.013081	0.006494	1.0000	44
0.713663	0.813853	0.017442	0.010823	1.0000	20.6
0.736919	0.813853	0.015988	0.010823	1.0000	10.3
0.758721	0.813853	0.017442	0.010823	1.0000	6.35
0.806686	0.813853	0.013081	0.010823	1.0000	7.9
0.829942	0.813853	0.013081	0.010823	1.0000	7.9
0.851744	0.811688	0.053779	0.012987	1.0000	UJX-6.35M-AW-S
0.188953	0.794372	0.015988	0.010823	1.0000	9.52
0.213663	0.794372	0.013081	0.010823	1.0000	7.4
0.235465	0.794372	0.015988	0.010823	1.0000	11.9
0.255814	0.794372	0.018895	0.010823	1.0000	6.35
0.281977	0.794372	0.015988	0.010823	1.0000	11.1
0.327035	0.794372	0.015988	0.010823	1.0000	11.1
0.351744	0.794372	0.050872	0.010823	1.0000	UJL-9.52M-AW-S
0.667151	0.794372	0.017442	0.010823	1.0000	9.52
0.693314	0.794372	0.011628	0.010823	0.5000	7.4
0.713663	0.794372	0.015988	0.010823	1.0000	23.8
0.736919	0.794372	0.015988	0.010823	1.0000	11.9
0.760174	0.794372	0.015988	0.010823	1.0000	6.35
0.783430	0.794372	0.015988	0.010823	1.0000	11.1
0.806686	0.794372	0.014535	0.010823	1.0000	11.1
0.829942	0.794372	0.014535	0.010823	1.0000	11.1
0.853198	0.794372	0.052326	0.010823	1.0000	UJX-9.52M-AW-S
0.190407	0.774892	0.014535	0.010823	1.0000	12.7
0.213663	0.777056	0.013081	0.006494	1.0000	10.3
0.235465	0.774892	0.017442	0.010823	1.0000	13.5
0.258721	0.774892	0.017442	0.010823	1.0000	6.35
0.281977	0.774892	0.015988	0.010823	1.0000	14.3
0.327035	0.774892	0.017442	0.010823	1.0000	14.3
0.351744	0.774892	0.050872	0.010823	1.0000	UJL-12.7M-AW-S
0.668605	0.774892	0.015988	0.010823	1.0000	12.7
0.690407	0.774892	0.017442	0.010823	1.0000	10.3
0.738372	0.774892	0.014535	0.010823	1.0000	13.5
0.760174	0.774892	0.015988	0.010823	1.0000	6.35
0.783430	0.774892	0.015988	0.010823	1.0000	14.3
0.805233	0.774892	0.017442	0.010823	1.0000	14.3
0.828488	0.774892	0.017442	0.010823	1.0000	14.3
0.853198	0.774892	0.052326	0.010823	1.0000	UJX-12.7M-AW-S
0.665698	0.638528	0.042151	0.010823	0.3000	O≤D D1
0.188953	0.614719	0.015988	0.010823	1.0000	9.52
0.212209	0.614719	0.015988	0.010823	1.0000	6.35
0.236919	0.614719	0.013081	0.010823	1.0000	7.4
0.260174	0.614719	0.013081	0.010823	1.0000	4.4
0.281977	0.614719	0.015988	0.010823	1.0000	11.9
0.305233	0.614719	0.014535	0.010823	1.0000	6.35
0.326328	0.613021	0.017403	0.014217	1.0000	11.1
0.373547	0.614719	0.015988	0.010823	1.0000	11.1
0.396802	0.614719	0.061047	0.010823	1.0000	UJL-9.52MX6.35M-AW-S
0.667151	0.614719	0.015988	0.010823	1.0000	6.35
0.691860	0.614719	0.013081	0.010823	1.0000	4.4
0.713663	0.614719	0.015988	0.010823	1.0000	10.3
0.735465	0.614719	0.017442	0.010823	1.0000	6.35
0.760174	0.614719	0.013081	0.010823	1.0000	7.9
0.783430	0.614719	0.013081	0.010823	1.0000	7.9
0.806686	0.614719	0.013081	0.010823	1.0000	7.9
0.829942	0.614719	0.055233	0.010823	1.0000	UJLT-6.35M-AW-S
0.190407	0.595238	0.015988	0.010823	1.0000	12.7
0.210756	0.595238	0.017442	0.010823	1.0000	6.35
0.235465	0.595238	0.015988	0.010823	1.0000	10.3
0.260174	0.595238	0.013081	0.010823	1.0000	4.4
0.281977	0.595238	0.015988	0.010823	1.0000	13.5
0.303779	0.595238	0.015988	0.010823	1.0000	6.35
0.328488	0.597403	0.014535	0.008658	1.0000	143
0.351744	0.597403	0.014535	0.008658	1.0000	143
0.375000	0.597403	0.014535	0.008658	1.0000	143
0.398256	0.597403	0.061047	0.008658	1.0000	UJL-12.7MX6.35M-AW-S
0.667151	0.595238	0.017442	0.010823	1.0000	9.52
0.691860	0.595238	0.013081	0.010823	1.0000	7.4
0.713663	0.595238	0.015988	0.010823	1.0000	11.9
0.736919	0.595238	0.015988	0.010823	1.0000	6.35
0.760174	0.595238	0.015988	0.010823	1.0000	11.1
0.783430	0.595238	0.015988	0.010823	1.0000	11.1
0.806686	0.595238	0.014535	0.010823	1.0000	11.1
0.829942	0.595238	0.055233	0.010823	1.0000	UJLT-9.52M-AW-S
0.190407	0.575758	0.017442	0.010823	1.0000	12.7
0.206395	0.577922	0.020349	0.006494	0.5000	9.52
0.236919	0.575758	0.014535	0.010823	1.0000	10.3
0.260174	0.575758	0.013081	0.010823	1.0000	7.4
0.281977	0.575758	0.015988	0.010823	1.0000	13.5
0.305233	0.575758	0.014535	0.010823	1.0000	6.35
0.328488	0.577922	0.015988	0.008658	1.0000	143
0.351744	0.577922	0.014535	0.008658	1.0000	143
0.375000	0.577922	0.014535	0.008658	1.0000	143
0.398256	0.575758	0.059593	0.010823	1.0000	UJL-12.7M×9.52M-AW-S
0.668605	0.575758	0.015988	0.010823	1.0000	12.7
0.688953	0.575758	0.018895	0.010823	1.0000	10.3
0.713663	0.575758	0.015988	0.010823	1.0000	13.5
0.736919	0.575758	0.015988	0.010823	1.0000	6.35
0.760174	0.575758	0.015988	0.010823	1.0000	14.3
0.783430	0.575758	0.015988	0.010823	1.0000	14.3
0.806686	0.575758	0.015988	0.010823	1.0000	14.3
0.829942	0.575758	0.055233	0.010823	1.0000	UJLT-12.7M-AW-S
0.665698	0.439394	0.133721	0.013023	1.0000	•#D D1 D2 D3 L L1
0.328488	0.415584	0.013081	0.010823	1.0000	7.9
0.351744	0.415584	0.013081	0.010823	1.0000	7.9
0.375000	0.415584	0.050872	0.010823	1.0000	UJT-6.35M-AW-S
0.667151	0.415584	0.017442	0.010823	1.0000	9.52
0.712209	0.415584	0.015988	0.010823	1.0000	7.4
0.734012	0.415584	0.017442	0.010823	1.0000	4.4
0.758721	0.415584	0.015988	0.010823	1.0000	16
0.780523	0.415584	0.018895	0.010823	1.0000	6.35
0.805233	0.415584	0.063953	0.010823	1.0000	UJS-9.52MX6.35M-AW-S
0.188953	0.398268	0.015988	0.008658	1.0000	9.52
0.328488	0.398268	0.014535	0.008658	1.0000	11.1
0.375000	0.396104	0.050872	0.010823	1.0000	UJT-9.52M-AW-S
0.668605	0.396104	0.015988	0.010823	1.0000	12.7
0.690407	0.396104	0.015988	0.010823	1.0000	6.35
0.713663	0.396104	0.015988	0.010823	1.0000	10.3
0.738372	0.396104	0.013081	0.010823	1.0000	4.4
0.763081	0.396104	0.010174	0.010823	0.5000	16
0.783430	0.396104	0.015988	0.010823	1.0000	6.35
0.806686	0.396104	0.062500	0.010823	1.0000	UJS-12.7MX6.35M-AW-S
0.327035	0.376623	0.017442	0.010823	1.0000	14.3
0.351744	0.378788	0.014535	0.008658	1.0000	143
0.375000	0.376623	0.050872	0.010823	1.0000	UJT-12.7M-AW-S
0.668605	0.376623	0.015988	0.010823	1.0000	12.7
0.690407	0.376623	0.015988	0.010823	1.0000	9.52
0.713663	0.378788	0.017442	0.008658	1.0000	10.3
0.738372	0.376623	0.013081	0.010823	1.0000	7.4
0.761628	0.376623	0.011628	0.010823	1.0000	16
0.781977	0.376623	0.017442	0.010823	1.0000	6.35
0.805233	0.376623	0.063953	0.010823	1.0000	UJS-12.7Mx9.52M-AW-S
0.421512	0.242424	0.013081	0.008658	0.3000	ÆUg*
0.667151	0.240181	0.107558	0.013218	1.0000	DD DI L LIA
0.187500	0.218615	0.037791	0.010993	1.0000	9.52 6.35
0.268895	0.218615	0.018895	0.010823	1.0000	23.8
0.398256	0.218615	0.061047	0.010823	1.0000	UJT-9.52MX6.35M-AW-S
0.667151	0.218615	0.015988	0.010823	1.0000	6.35
0.712209	0.216450	0.014535	0.012987	1.0000	25
0.729651	0.218615	0.026163	0.010823	1.0000	19.05
0.783430	0.218615	0.046512	0.010823	1.0000	UJL-6.35M-AW
0.398256	0.199134	0.061047	0.008658	1.0000	UJT-12.7MX6.35M-AW-S
0.667151	0.199134	0.017442	0.008658	1.0000	9.52
0.691860	0.196970	0.013081	0.010823	1.0000	7.4
0.715116	0.199134	0.013081	0.008658	1.0000	25
0.734012	0.201299	0.020349	0.004329	0.3000	1005
0.784884	0.199134	0.045058	0.008658	1.0000	UJL-9.52M-AW
0.252907	0.179654	0.010174	0.010823	1.0000	7.4
0.273256	0.179654	0.010174	0.010823	1.0000	27
0.293605	0.179654	0.013081	0.010823	1.0000	13.5
0.312500	0.181647	0.013081	0.004532	0.3000	A 2F
0.334302	0.181818	0.014535	0.004329	1.0000	142
0.375000	0.179654	0.015988	0.010823	1.0000	14.3
0.398256	0.179654	0.061047	0.010823	1.0000	UJT-12.7MX9.52M-AW-S
0.668605	0.179654	0.015988	0.010823	1.0000	127
0.715116	0.177489	0.011628	0.010823	1.0000	29
0.729651	0.179654	0.046512	0.010823	1.0000	19.05 17.2
0.781793	0.177109	0.048356	0.014909	1.0000	UJL-12.7M-AW
0.832849	0.056269	0.107558	0.015160	1.0000	Fujikin® Incorporated 24
#FILE	tmp/pdfs/fitting_dimension_audit/fujikin_ocr/ocr-14.png
0.616175	0.919644	0.171735	0.026423	1.0000	Safety & Clean Technology
0.206395	0.835498	0.024709	0.012987	0.3000	OißD1
0.236919	0.837662	0.013081	0.010823	1.0000	D2
0.188953	0.813853	0.015988	0.010823	1.0000	9.52
0.210756	0.813853	0.017442	0.010823	1.0000	6.35
0.236919	0.813853	0.013081	0.010823	1.0000	7.4
0.260174	0.813853	0.013081	0.010823	1.0000	4.4
0.306686	0.813853	0.011628	0.010823	1.0000	25
0.329942	0.813853	0.011628	0.010823	1.0000	25
0.348837	0.813853	0.020349	0.010823	1.0000	19.05
0.373547	0.813853	0.063953	0.010823	1.0000	UJL-9.52MX6.35M-AW
0.559593	0.811688	0.104651	0.019481	0.3000	ÉD⅕ēІ·1ž9ā$жт2У
0.190407	0.794372	0.015988	0.010823	1.0000	12.7
0.212209	0.794372	0.015988	0.010823	1.0000	6.35
0.235465	0.794372	0.015988	0.010823	1.0000	10.3
0.260174	0.794372	0.013081	0.010823	1.0000	4.4
0.281977	0.794372	0.015988	0.010823	1.0000	17.2
0.306686	0.794372	0.011628	0.010823	1.0000	29
0.329942	0.794372	0.010174	0.010823	1.0000	29
0.348837	0.794372	0.020349	0.010823	1.0000	19.05
0.375000	0.794372	0.062500	0.010823	1.0000	UJL-12.7MX6.35M-AW
0.667151	0.796537	0.017442	0.010823	0.3000	ЛisD
0.190407	0.774892	0.015988	0.010823	1.0000	12.7
0.212209	0.774892	0.015988	0.010823	1.0000	9.52
0.235465	0.774892	0.015988	0.010823	1.0000	10.3
0.260174	0.774892	0.013081	0.010823	1.0000	7.4
0.281977	0.774892	0.015988	0.010823	1.0000	17.2
0.308140	0.774892	0.010174	0.010823	1.0000	29
0.329942	0.774892	0.011628	0.010823	1.0000	29
0.348837	0.774892	0.020349	0.010823	1.0000	19.05
0.373547	0.774892	0.063953	0.010823	1.0000	UJL-12.7M×9.52M-AW
0.667151	0.774892	0.017442	0.010823	1.0000	6.35
0.693314	0.777056	0.010174	0.004329	1.0000	44
0.760174	0.777056	0.013081	0.004329	0.5000	0.50
0.850291	0.774892	0.063953	0.010823	1.0000	UJT-6.35M-SXL-AW-316LM
0.190407	0.673160	0.014535	0.010823	0.3000	OýsD
0.213663	0.653680	0.011628	0.004329	1.0000	44
0.238372	0.651515	0.010174	0.008658	1.0000	50
0.281977	0.651515	0.017442	0.008658	1.0000	19.05
0.328488	0.651515	0.045058	0.010823	1.0000	UJT-6.35M-AW
0.188953	0.632035	0.015988	0.008658	1.0000	9.52
0.215116	0.629870	0.011628	0.010823	1.0000	7.4
0.238372	0.632035	0.010174	0.008658	1.0000	50
0.261628	0.629870	0.010174	0.010823	1.0000	25
0.281977	0.632035	0.017442	0.008658	1.0000	19.05
0.328488	0.629870	0.045058	0.010823	1.0000	UJT-9.52M-AW
0.667151	0.627706	0.015988	0.010823	1.0000	6.35
0.693314	0.627706	0.011628	0.010823	1.0000	4.4
0.716570	0.627706	0.010174	0.010823	1.0000	50
0.739826	0.627706	0.010174	0.010823	1.0000	25
0.763081	0.627706	0.010174	0.010823	1.0000	21
0.780523	0.627706	0.021802	0.010823	1.0000	10.35
0.805233	0.627706	0.015988	0.010823	1.0000	6.35
0.850291	0.627706	0.063953	0.010823	1.0000	UJT-6.35M-LXS-AW-316LM
0.190407	0.612554	0.014535	0.008658	1.0000	12.7
0.212209	0.612554	0.015988	0.008658	1.0000	10.3
0.238372	0.610390	0.010174	0.010823	0.5000	58
0.261628	0.610390	0.010174	0.010823	1.0000	29
0.281977	0.612554	0.017442	0.008658	1.0000	19.05
0.328488	0.610390	0.045058	0.010823	1.0000	UJT-12.7M-AW
0.558140	0.517316	0.111919	0.019481	0.3000	()(/80D)
0.210756	0.508658	0.018895	0.010823	0.3000	DISD1
0.188953	0.487013	0.017442	0.010823	1.0000	9.52
0.212209	0.487013	0.015988	0.010823	1.0000	6.35
0.236919	0.487013	0.013081	0.010823	1.0000	7.4
0.260174	0.487013	0.013081	0.010823	1.0000	4.4
0.280523	0.487013	0.017442	0.010823	1.0000	11.1
0.303779	0.487013	0.014535	0.010823	1.0000	50
0.327035	0.487013	0.014535	0.010823	1.0000	25
0.345930	0.487013	0.023256	0.010823	1.0000	19.05 .
0.375000	0.487013	0.056686	0.010823	1.0000	UJT-9.52MX6.35M-AW
0.675872	0.480519	0.013081	0.010823	1.0000	3.2
0.700581	0.480519	0.010174	0.010823	1.0000	1.8
0.720930	0.478355	0.015988	0.012987	1.0000	8.75
0.744186	0.480519	0.015988	0.008658	1.0000	6.35
0.792151	0.480519	0.011628	0.010823	1.0000	4.8
0.813953	0.478355	0.081395	0.012987	1.0000	4.8 UJL-3.2M-AW-S-EAJ
0.190407	0.467532	0.015988	0.010823	1.0000	12.7
0.212209	0.467532	0.015988	0.010823	1.0000	6.35
0.235465	0.467532	0.015988	0.010823	1.0000	10.3
0.260174	0.467532	0.013081	0.010823	1.0000	4.4
0.281977	0.467532	0.015988	0.010823	1.0000	17.2
0.329942	0.467532	0.011628	0.010823	1.0000	29
0.348837	0.467532	0.020349	0.010823	1.0000	19.05
0.375000	0.467532	0.056686	0.010823	1.0000	UJT-12.7MX6.35M-AW
0.191860	0.448052	0.013081	0.010823	1.0000	12.7
0.212209	0.448052	0.015988	0.010823	1.0000	9.52
0.235465	0.448052	0.015988	0.010823	1.0000	10.3
0.260174	0.448052	0.011628	0.010823	1.0000	7.4
0.281977	0.448052	0.015988	0.010823	1.0000	17.2
0.306686	0.448052	0.010174	0.010823	1.0000	58
0.329942	0.448052	0.010174	0.010823	1.0000	29
0.347384	0.448052	0.021802	0.010823	1.0000	19.05
0.375000	0.448052	0.056686	0.010823	1.0000	UJT-12.7M×9.52M-AW
0.557836	0.366827	0.105253	0.025786	0.3000	É)ã}F(T!)(1/80D)
0.213663	0.348485	0.014535	0.008658	1.0000	D1~
0.238372	0.348485	0.010174	0.008658	1.0000	D2
0.675872	0.333333	0.013081	0.010823	1.0000	3.2
0.700581	0.333333	0.010174	0.008658	1.0000	1.8
0.720930	0.333333	0.015988	0.010823	1.0000	17.5
0.767442	0.333333	0.015988	0.010823	1.0000	6.35
0.812500	0.333333	0.015988	0.010823	1.0000	4.8
0.835756	0.333333	0.082849	0.010823	1.0000	4.8 UJT-3.2M-AW-S-EAJ
0.188953	0.324675	0.015988	0.010823	1.0000	9.52
0.236919	0.322511	0.013081	0.010823	1.0000	7.4
0.258721	0.324675	0.014535	0.010823	1.0000	4.4
0.328488	0.322511	0.056686	0.012987	1.0000	UJS-9.52MX6.35M-AW
0.190407	0.305195	0.015988	0.010823	1.0000	12.7
0.283430	0.307359	0.010174	0.004329	1.0000	40
0.328488	0.305195	0.056686	0.010823	1.0000	UJS-12.7MX6.35M-AW
0.191860	0.285714	0.013081	0.008658	1.0000	12.7
0.212209	0.285714	0.015988	0.008658	1.0000	9.52
0.235465	0.285714	0.015988	0.008658	1.0000	10.3
0.260174	0.285714	0.011628	0.008658	1.0000	7.4
0.305233	0.285714	0.017442	0.008658	1.0000	9.05
0.328488	0.283550	0.056686	0.010823	1.0000	UJS-12.7M×9.52M-AW
0.667151	0.186147	0.015988	0.010823	1.0000	6.35
0.763081	0.186147	0.010174	0.010823	1.0000	16
0.783430	0.186147	0.014535	0.010823	1.0000	6.35
0.806686	0.186147	0.061047	0.010823	1.0000	UJS-6.35MX3.2M-AW-S-EAJ
0.188953	0.147186	0.017442	0.010823	1.0000	6.35
0.283430	0.147186	0.015988	0.010823	1.0000	0.35
0.303779	0.147186	0.015988	0.010823	1.0000	6.35
0.351744	0.147186	0.062500	0.010823	1.0000	UJL-6.35M-LXS-AW-316LM
0.059593	0.056277	0.015988	0.017316	1.0000	25
0.834302	0.056269	0.106105	0.015160	1.0000	Fujikin® Incorporated 26
#FILE	tmp/pdfs/fitting_dimension_audit/jsk_micro/ocr-5.png
0.083508	0.958940	0.046352	0.010073	0.3000	|JSK
0.129125	0.958746	0.150398	0.013412	1.0000	• SANKO KOGYO CO., LTL.
0.316222	0.962209	0.112936	0.008721	1.0000	http://www.jsk-sanko.co.jp
0.123203	0.893895	0.412731	0.020349	1.0000	MICRO WELD FITTINGS
0.279261	0.802253	0.065708	0.010247	1.0000	•: BA or EP
0.285421	0.781977	0.137577	0.011730	1.0000	Micro Reducer (MR)
0.295688	0.767442	0.026694	0.008721	1.0000	Size
0.351038	0.767290	0.028930	0.009025	1.0000	Size
0.416838	0.765988	0.055441	0.010174	1.0000	Ordering
0.519507	0.763081	0.012320	0.010174	1.0000	D
0.579055	0.763081	0.018480	0.010174	1.0000	D1
0.866530	0.763081	0.010267	0.010174	1.0000	L
0.293634	0.757267	0.032854	0.008721	1.0000	(OD)
0.349076	0.757267	0.034908	0.008721	1.0000	(OD1)
0.418814	0.757062	0.053542	0.010585	1.0000	Number
0.295688	0.745640	0.022587	0.007267	1.0000	3/8"
0.353183	0.744186	0.020534	0.008721	1.0000	1/4"
0.414784	0.745640	0.057495	0.008721	1.0000	MR64SL
0.515400	0.742733	0.024641	0.011628	1.0000	9.53
0.574949	0.742733	0.026694	0.011628	1.0000	6.35
0.630390	0.742733	0.026694	0.011628	1.0000	1.00
0.687885	0.742733	0.026694	0.011628	1.0000	1.00
0.858316	0.742733	0.026694	0.011628	1.0000	19.1
0.295688	0.732558	0.022587	0.008721	1.0000	1/2"
0.353183	0.732558	0.022587	0.008721	1.0000	1/4"
0.414716	0.732368	0.055579	0.010554	1.0000	MR84SL
0.511294	0.731105	0.030801	0.010174	1.0000	12.70
0.574949	0.731105	0.028747	0.010174	1.0000	6.35
0.742832	0.704547	0.033051	0.051940	0.3000	3223
0.295688	0.719477	0.020534	0.010174	1.0000	1/2"
0.353183	0.719477	0.020534	0.008721	1.0000	3/8*
0.412690	0.717918	0.059630	0.011839	1.0000	MR86SL
0.511294	0.718023	0.030801	0.011628	1.0000	12.70
0.574949	0.718023	0.026694	0.011628	1.0000	9.53
0.858316	0.718023	0.026694	0.011628	1.0000	19.1
0.293634	0.706395	0.022587	0.010174	1.0000	3/4"
0.353183	0.707849	0.020534	0.008721	1.0000	1/4"
0.412702	0.706312	0.065767	0.011795	1.0000	MR124SL
0.511294	0.704942	0.030801	0.011628	1.0000	19.05
0.574949	0.704942	0.026694	0.011628	1.0000	6.35
0.630390	0.704942	0.026694	0.011628	1.0000	1.65
0.687885	0.706395	0.026694	0.010174	1.0000	1.00
0.800821	0.706395	0.026694	0.010174	1.0000	10.4
0.858316	0.706395	0.026694	0.011628	1.0000	19.1
0.295688	0.694767	0.022587	0.008721	1.0000	3/4"
0.353183	0.694767	0.022587	0.008721	1.0000	3/8"
0.412731	0.693314	0.065708	0.011628	1.0000	MR126SL
0.511294	0.693314	0.030801	0.011628	1.0000	19.05
0.574949	0.693314	0.028747	0.011628	1.0000	9.53
0.630390	0.693314	0.026694	0.011628	1.0000	1.65
0.689938	0.694767	0.024641	0.010174	1.0000	1.00
0.743326	0.693314	0.028747	0.011628	1.0000	6.35
0.804928	0.694767	0.024641	0.010174	1.0000	10.4
0.858316	0.693314	0.026694	0.011628	1.0000	19.1
0.293634	0.681686	0.024641	0.010174	1.0000	3/4"
0.351129	0.680233	0.022587	0.011628	1.0000	1/2"
0.412664	0.681494	0.065843	0.012012	1.0000	MR128S•
0.511294	0.681686	0.030801	0.011628	1.0000	19.05
0.570842	0.681686	0.032854	0.010174	1.0000	12.70
0.630390	0.681686	0.026694	0.011628	1.0000	1.65
0.687885	0.680233	0.026694	0.011628	1.0000	1.24
0.743326	0.681686	0.028747	0.010174	1.0000	6.35
0.802875	0.683140	0.026694	0.008721	1.0000	10.4
0.858316	0.681686	0.026694	0.010174	1.0000	19.1
0.285421	0.582751	0.219713	0.011726	1.0000	Micro Reducing 90° Elbow (ME)
0.293634	0.568314	0.028747	0.008721	1.0000	Size
0.351129	0.568314	0.028747	0.010174	1.0000	Size
0.418891	0.565407	0.055441	0.011628	1.0000	Ordering
0.517454	0.565407	0.012320	0.008721	1.0000	D
0.564682	0.565407	0.016427	0.008721	1.0000	D1
0.618070	0.565407	0.012320	0.008721	1.0000	T
0.667351	0.565407	0.014374	0.008721	1.0000	T1
0.718686	0.563953	0.012320	0.010174	1.0000	A
0.772074	0.565407	0.010267	0.008721	1.0000	B
0.806982	0.562500	0.034908	0.010174	1.0000	Body
0.870637	0.565407	0.010267	0.008721	1.0000	L
0.293634	0.558140	0.030801	0.008721	1.0000	(OD)
0.347023	0.556686	0.036961	0.011628	1.0000	(OD1)
0.422998	0.558140	0.051335	0.008721	1.0000	Number
0.806982	0.556686	0.034908	0.008721	1.0000	Cube
0.297741	0.545058	0.018480	0.008721	1.0000	3/8*
0.353183	0.545058	0.020534	0.008721	1.0000	1/4"
0.412731	0.543605	0.057495	0.011628	1.0000	ME64SL
0.511294	0.543605	0.026694	0.011628	1.0000	9.53
0.560575	0.543605	0.026694	0.011628	1.0000	6.35
0.609856	0.543605	0.026694	0.011628	1.0000	1.00
0.661191	0.543605	0.024641	0.011628	1.0000	1.00
0.708419	0.543605	0.030801	0.011628	1.0000	11.91
0.761807	0.543605	0.026694	0.011628	1.0000	6.35
0.806982	0.545058	0.030801	0.010174	1.0000	11.11
0.860370	0.543605	0.030801	0.011628	1.0000	17.46
0.295688	0.533430	0.020534	0.008721	1.0000	1/2"
0.353183	0.533430	0.020534	0.008721	1.0000	1/4"
0.414784	0.533430	0.055441	0.008721	1.0000	ME84SL
0.166324	0.526163	0.043121	0.014535	1.0000	JSK
0.507187	0.531977	0.030801	0.010174	1.0000	12.70
0.560575	0.530523	0.026694	0.011628	1.0000	6.35
0.609856	0.530523	0.026694	0.011628	1.0000	1.24
0.659138	0.531977	0.026694	0.010174	1.0000	1.00
0.708419	0.531977	0.030801	0.010174	1.0000	13.50
0.761807	0.530523	0.026694	0.011628	1.0000	6.35
0.809035	0.533430	0.028747	0.008721	1.0000	14.29
0.860370	0.531977	0.030801	0.011628	1.0000	20.64
0.293634	0.518895	0.024641	0.010174	1.0000	1/2"
0.353183	0.520349	0.020534	0.008721	1.0000	3/8"
0.414784	0.520349	0.055441	0.010174	1.0000	ME86SL
0.507187	0.518895	0.030801	0.011628	1.0000	12.70
0.560575	0.518895	0.026694	0.011628	1.0000	9.53
0.611910	0.520349	0.024641	0.010174	1.0000	1.24
0.659138	0.518895	0.026694	0.011628	1.0000	1.00
0.708419	0.518895	0.030801	0.011628	1.0000	13.50
0.761807	0.518895	0.026694	0.011628	1.0000	6.35
0.806982	0.518895	0.030801	0.011628	1.0000	14.29
0.858316	0.518895	0.032854	0.011628	1.0000	20.64
0.293634	0.507267	0.024641	0.010174	1.0000	3/4"
0.353183	0.508721	0.020534	0.008721	1.0000	1/4"
0.414754	0.508608	0.063716	0.008946	1.0000	ME124SLJ
0.505133	0.507267	0.032854	0.010174	1.0000	19.05
0.560575	0.507267	0.026694	0.010174	1.0000	6.35
0.609856	0.507267	0.026694	0.010174	1.0000	1.65
0.659138	0.507267	0.026694	0.010174	1.0000	1.00
0.708419	0.505814	0.030801	0.011628	1.0000	16.68
0.761807	0.507267	0.026694	0.010174	1.0000	6.35
0.806982	0.505814	0.030801	0.011628	1.0000	20.65
0.858316	0.505814	0.032854	0.011628	1.0000	27.00
0.295688	0.495640	0.022587	0.008721	1.0000	3/4"
0.353183	0.495640	0.022587	0.008721	1.0000	3/8*
0.414784	0.495640	0.063655	0.010174	1.0000	ME126SL
0.507187	0.494186	0.030801	0.011628	1.0000	19.05
0.562628	0.495640	0.024641	0.008721	1.0000	9.53
0.609856	0.494186	0.026694	0.011628	1.0000	1.65
0.663244	0.495640	0.022587	0.010174	1.0000	1.00
0.710472	0.495640	0.028747	0.008721	1.0000	16.68
0.763860	0.495640	0.024641	0.008721	1.0000	6.35
0.806982	0.494186	0.030801	0.010174	1.0000	20.65
0.858316	0.494186	0.032854	0.011628	1.0000	27.00
0.295688	0.484012	0.020534	0.008721	1.0000	3/4"
0.353183	0.484012	0.020534	0.008721	1.0000	1/2"
0.414771	0.483963	0.063681	0.008818	1.0000	ME128SL
0.507187	0.482558	0.030801	0.010174	1.0000	19.05
0.558522	0.484012	0.028747	0.008721	1.0000	12.70
0.611910	0.484012	0.024641	0.008721	1.0000	1.65
0.661191	0.484012	0.024641	0.008721	1.0000	1.24
0.710472	0.484012	0.028747	0.008721	1.0000	16.68
0.763860	0.484012	0.024641	0.008721	1.0000	6.35
0.809035	0.484012	0.030801	0.008721	1.0000	20.65
0.858316	0.482558	0.032854	0.010174	1.0000	27.00
0.283368	0.367733	0.151951	0.011628	1.0000	Micro 90° Elbow (ME)
0.295688	0.353198	0.026694	0.008721	1.0000	Size
0.377543	0.352270	0.055965	0.010025	1.0000	Ordering
0.566735	0.350291	0.010267	0.008721	1.0000	T
0.772074	0.345930	0.036961	0.011628	1.0000	Body
0.860370	0.348837	0.010267	0.008721	1.0000	L
0.291581	0.340116	0.034908	0.011628	1.0000	(OD)
0.377775	0.342874	0.053484	0.009019	1.0000	Number
0.772074	0.338663	0.036961	0.011628	1.0000	Cube
0.297741	0.329942	0.020534	0.008721	1.0000	1/4"
0.369576	0.328414	0.051401	0.011776	1.0000	ME4SL
0.488706	0.328488	0.026694	0.011628	1.0000	6.35
0.558522	0.328488	0.026694	0.011628	1.0000	1.00
0.628337	0.328488	0.032854	0.011628	1.0000	10.32
0.704312	0.328488	0.026694	0.011628	1.0000	6.35
0.778234	0.328488	0.026694	0.011628	1.0000	7.94
0.848049	0.328488	0.032854	0.011628	1.0000	14.29
0.164271	0.321221	0.045175	0.015988	1.0000	JSK
0.371663	0.315407	0.049281	0.013081	1.0000	ME6SD
0.488706	0.315407	0.026694	0.011628	1.0000	9.53
0.558522	0.315407	0.026694	0.011628	1.0000	1.00
0.628337	0.316860	0.032854	0.010174	1.0000	11.91
0.704312	0.315407	0.026694	0.013081	1.0000	6.35
0.776181	0.318314	0.030801	0.008721	1.0000	11.11
0.848049	0.316860	0.032854	0.010174	1.0000	17.46
0.293634	0.302326	0.024641	0.013081	1.0000	11/2"
0.371663	0.303779	0.049281	0.011628	1.0000	ME8SL
0.486653	0.305233	0.026694	0.008721	1.0000	12.70
0.558522	0.303779	0.026694	0.011628	1.0000	1.24
0.628337	0.303779	0.032854	0.011628	1.0000	13.50
0.704312	0.303779	0.026694	0.011628	1.0000	6.35
0.774127	0.303779	0.032854	0.011628	1.0000	14.29
0.848049	0.303779	0.032854	0.011628	1.0000	20.64
0.295688	0.290698	0.022587	0.013081	1.0000	3/4"
0.369405	0.290218	0.059957	0.014042	1.0000	ME12SL
0.484600	0.292151	0.028747	0.008721	1.0000	19.05
0.558522	0.290698	0.026694	0.013081	1.0000	1.65
0.628337	0.290698	0.032854	0.011628	1.0000	16.68
0.704312	0.290698	0.026694	0.011628	1.0000	6.35
0.774127	0.290698	0.032854	0.014535	1.0000	20.65
0.848049	0.290698	0.034908	0.014535	1.0000	27.00
0.078029	0.026030	0.104723	0.013215	1.0000	21 JSK Fittings
#FILE	tmp/pdfs/fitting_dimension_audit/jsk_micro/ocr-6.png
0.568789	0.960756	0.119097	0.010174	1.0000	http://www.jsk-sanko.co.jp
0.714504	0.951575	0.215849	0.024162	1.0000	SANKO KOGYO CO., LTD. JSK "
0.096509	0.893895	0.412731	0.020349	1.0000	MICRO WELD FITTINGS
0.221766	0.802253	0.065708	0.010247	1.0000	•: BA or EP
0.227669	0.784764	0.107251	0.011989	1.0000	Micro Tee (MT)
0.753593	0.773256	0.012320	0.010174	1.0000	F
0.236140	0.770349	0.028747	0.007267	1.0000	Size
0.309900	0.768349	0.055766	0.009814	1.0000	Ordering
0.429158	0.764535	0.014374	0.010174	1.0000	D
0.513347	0.765988	0.010267	0.008721	1.0000	T
0.589322	0.763081	0.016427	0.011628	1.0000	A
0.671458	0.764535	0.014374	0.010174	1.0000	B
0.741273	0.761628	0.036961	0.013081	1.0000	Body
0.233067	0.757872	0.034914	0.012016	1.0000	(OD)
0.312115	0.760174	0.051335	0.007267	1.0000	Number
0.743326	0.757267	0.034908	0.008721	1.0000	Cube
0.238193	0.745640	0.020534	0.008721	1.0000	1/4"
0.305955	0.747093	0.049281	0.008721	1.0000	MT4SL
0.427105	0.745640	0.026694	0.010174	1.0000	6.35
0.507187	0.748547	0.022587	0.005814	1.0000	1.00
0.583162	0.744186	0.030801	0.011628	1.0000	10.32
0.665298	0.744186	0.026694	0.011628	1.0000	6.35
0.747433	0.744186	0.026694	0.011628	1.0000	7.94
0.823409	0.744186	0.032854	0.011628	1.0000	20.64
0.238193	0.734012	0.022587	0.008721	1.0000	3/8"
0.305955	0.734012	0.049281	0.010174	1.0000	MT6SL
0.429158	0.734012	0.024641	0.008721	1.0000	9.53
0.509240	0.735465	0.020534	0.005814	1.0000	1.00
0.583162	0.732558	0.030801	0.010174	1.0000	11.91
0.665298	0.731105	0.026694	0.013081	1.0000	6.35
0.743326	0.732558	0.030801	0.010174	1.0000	11.11
0.823409	0.731105	0.030801	0.011628	1.0000	23.81
0.117043	0.719477	0.030801	0.008721	1.0000	JSK
0.238193	0.720930	0.020534	0.010174	0.5000	1/2"
0.305955	0.722384	0.049281	0.008721	1.0000	MT8SL
0.422998	0.722384	0.030801	0.008721	1.0000	12.70
0.507187	0.720930	0.022587	0.008721	1.0000	1.24
0.581109	0.719477	0.032854	0.011628	1.0000	13.50
0.665298	0.719477	0.026694	0.011628	1.0000	6.35
0.743326	0.719477	0.030801	0.011628	1.0000	14.29
0.823409	0.719477	0.032854	0.011628	1.0000	26.99
0.238193	0.709302	0.020534	0.008721	1.0000	3/4"
0.305955	0.707849	0.055441	0.011628	1.0000	MT12SL
0.420945	0.707849	0.032854	0.010174	1.0000	19.05
0.507187	0.709302	0.022587	0.008721	1.0000	1.65
0.581109	0.706395	0.032854	0.013081	1.0000	16.68
0.665298	0.706395	0.026694	0.013081	1.0000	6.35
0.743326	0.706395	0.032854	0.013081	1.0000	20.65
0.823409	0.706395	0.032854	0.013081	1.0000	33.35
0.946612	0.607558	0.036961	0.008721	1.0000	AUTO
0.946612	0.597384	0.036961	0.008721	1.0000	TUBE
0.946612	0.587209	0.036961	0.008721	1.0000	WELD
0.945604	0.573055	0.047049	0.012570	1.0000	Fittings
0.227926	0.566822	0.174538	0.011666	1.0000	Micro Reducing Tee (MT)
0.788501	0.556686	0.012320	0.008721	1.0000	F
0.236140	0.552326	0.028747	0.008721	1.0000	Size
0.293634	0.552326	0.028747	0.008721	1.0000	Size
0.354654	0.550530	0.056578	0.011898	1.0000	Ordering
0.449692	0.549419	0.012320	0.007267	1.0000	D
0.733060	0.549419	0.012320	0.008721	1.0000	B
0.778234	0.547965	0.032854	0.008721	1.0000	Body
0.845996	0.547965	0.010267	0.010174	1.0000	L
0.234086	0.542151	0.032854	0.008721	1.0000	(OD)
0.289528	0.542151	0.034908	0.008721	1.0000	(OD1)
0.357232	0.541978	0.051450	0.009067	1.0000	Number
0.778234	0.539244	0.032854	0.008721	1.0000	Cube
0.238193	0.529070	0.022587	0.008721	1.0000	3/8"
0.295688	0.529070	0.022587	0.008721	1.0000	1/4"
0.349076	0.527616	0.057495	0.011628	1.0000	MT64SL
0.443532	0.526163	0.026694	0.013081	1.0000	9.53
0.554415	0.527616	0.026694	0.010174	1.0000	1.00
0.613963	0.529070	0.024641	0.008721	1.0000	1.00
0.667351	0.529070	0.030801	0.008721	1.0000	11.91
0.724846	0.527616	0.026694	0.010174	1.0000	6.35
0.778234	0.527616	0.030801	0.010174	1.0000	11.11
0.833676	0.527616	0.032854	0.010174	1.0000	23.81
0.236140	0.514535	0.022587	0.011628	1.0000	1/2"
0.293634	0.515988	0.022587	0.010174	1.0000	1/4"
0.349076	0.515988	0.057495	0.011628	1.0000	MT84SL
0.439425	0.514535	0.030801	0.011628	1.0000	12.70
0.501027	0.514535	0.024641	0.011628	1.0000	6.35
0.554415	0.515988	0.026694	0.010174	1.0000	1.24
0.611910	0.514535	0.024641	0.011628	1.0000	1.00
0.665298	0.514535	0.032854	0.011628	1.0000	13.50
0.724846	0.514535	0.026694	0.011628	1.0000	6.35
0.778234	0.514535	0.030801	0.011628	1.0000	14.29
0.835729	0.514535	0.030801	0.011628	1.0000	26.99
0.238193	0.504360	0.020534	0.008721	1.0000	1/2"
0.295688	0.504360	0.020534	0.008721	1.0000	3/8"
0.349076	0.504360	0.057495	0.010174	1.0000	MT86SL
0.439425	0.502907	0.030801	0.011628	1.0000	12.70
0.501027	0.504360	0.024641	0.008721	1.0000	9.53
0.556468	0.504360	0.024641	0.008721	1.0000	1.24
0.613963	0.504360	0.022587	0.011628	1.0000	1.00
0.667351	0.504360	0.030801	0.008721	1.0000	13.50
0.726899	0.504360	0.024641	0.008721	1.0000	6.35
0.780287	0.504360	0.028747	0.008721	1.0000	14.29
0.835729	0.502907	0.030801	0.011628	1.0000	26.99
0.238193	0.492733	0.022587	0.008721	1.0000	3/4"
0.295688	0.492733	0.020534	0.008721	1.0000	1/4"
0.351071	0.492516	0.063771	0.009153	1.0000	MT124SL
0.437372	0.489826	0.032854	0.014535	1.0000	19.05
0.501027	0.489826	0.026694	0.011628	1.0000	6.35
0.556468	0.491279	0.024641	0.008721	1.0000	1.65
0.613963	0.491279	0.022587	0.010174	1.0000	1.00
0.665298	0.489826	0.032854	0.011628	1.0000	16.68
0.724846	0.489826	0.026694	0.011628	1.0000	6.35
0.778234	0.489826	0.030801	0.011628	1.0000	20.65
0.833676	0.489826	0.032854	0.011628	1.0000	27.00
0.112936	0.476744	0.041068	0.011628	1.0000	JSK
0.238193	0.479651	0.022587	0.008721	1.0000	3/4"
0.293634	0.479651	0.024641	0.008721	1.0000	3/8"
0.351129	0.481105	0.061602	0.008721	1.0000	MT126S•
0.439425	0.476744	0.030801	0.015988	1.0000	19.05
0.501027	0.479651	0.024641	0.008721	1.0000	9.53
0.554415	0.478198	0.026694	0.011628	1.0000	1.65
0.613963	0.479651	0.022587	0.008721	1.0000	1.00
0.667351	0.479651	0.030801	0.008721	1.0000	16.68
0.724846	0.478198	0.026694	0.010174	1.0000	6.35
0.778234	0.478198	0.030801	0.010174	1.0000	20.65
0.833676	0.478198	0.032854	0.010174	1.0000	27.00
0.236140	0.465116	0.024641	0.011628	1.0000	3/4"
0.293634	0.465116	0.022587	0.011628	1.0000	1/2"
0.349059	0.466524	0.063688	0.011719	1.0000	MT128S[
0.439425	0.465116	0.030801	0.014535	1.0000	19.05
0.494867	0.465116	0.032854	0.011628	1.0000	12.70
0.554415	0.465116	0.026694	0.011628	1.0000	1.65
0.611910	0.465116	0.024641	0.011628	1.0000	1.24
0.665298	0.465116	0.032854	0.011628	1.0000	16.68
0.724846	0.465116	0.026694	0.011628	1.0000	6.35
0.778234	0.465116	0.030801	0.011628	1.0000	20.65
0.833676	0.465116	0.032854	0.011628	1.0000	27.00
0.819302	0.029070	0.100616	0.010174	1.0000	JSK Fittings 22
#FILE	tmp/pdfs/fitting_dimension_audit/jsk_micro/ocr-7.png
0.082136	0.956395	0.045175	0.011628	1.0000	„JSK_
0.137577	0.959207	0.143737	0.011723	1.0000	SANKO KOGYO CO., LTD.
0.316222	0.962209	0.112936	0.008721	1.0000	http://www.jsk-sanko.co.jp
0.121150	0.893895	0.439425	0.020349	1.0000	FORGED WELD FITTINGS
0.291554	0.803677	0.065762	0.008926	1.0000	•:BA or EP
0.295688	0.786325	0.129363	0.011655	1.0000	90° Elbow (LE,SE)
0.852156	0.774709	0.012320	0.010174	1.0000	F
0.305955	0.770349	0.028747	0.008721	1.0000	Size
0.371663	0.770349	0.055441	0.008721	1.0000	Ordering
0.490760	0.767442	0.012320	0.008721	1.0000	D
0.665298	0.765988	0.014374	0.010174	1.0000	A
0.759754	0.767442	0.014374	0.008721	1.0000	B
0.839836	0.764535	0.036961	0.011628	1.0000	Body
0.303901	0.761628	0.032854	0.008721	1.0000	(OD)
0.373703	0.761589	0.051361	0.008800	1.0000	Number
0.841889	0.758721	0.034908	0.008721	1.0000	Cube
0.308008	0.748547	0.024641	0.008721	1.0000	1/4"
0.371663	0.748547	0.047228	0.008721	1.0000	LE4SU
0.486653	0.747093	0.024641	0.010174	1.0000	6.35
0.568789	0.745640	0.026694	0.011628	1.0000	1.00
0.659138	0.745640	0.028747	0.011628	1.0000	25.0
0.749487	0.747093	0.032854	0.010174	1.0000	19.05
0.843943	0.747093	0.028747	0.010174	1.0000	11.2
0.308008	0.735465	0.024641	0.008721	1.0000	3/8"
0.371663	0.735465	0.047228	0.010174	1.0000	LE6SO
0.484600	0.734012	0.028747	0.011628	1.0000	9.53
0.568789	0.734012	0.028747	0.011628	1.0000	1.00
0.659138	0.734012	0.028747	0.011628	1.0000	25.0
0.749487	0.734012	0.032854	0.011628	1.0000	19.05
0.843943	0.734012	0.026694	0.011628	1.0000	11.2
0.308008	0.722384	0.020534	0.010174	1.0000	1/2"
0.371586	0.723633	0.045329	0.009130	1.0000	LE8SU
0.480493	0.722384	0.032854	0.010174	1.0000	12.70
0.568789	0.720930	0.026694	0.011628	1.0000	1.24
0.659138	0.720930	0.028747	0.011628	1.0000	29.0
0.749487	0.722384	0.032854	0.010174	1.0000	19.05
0.843943	0.720930	0.026694	0.011628	1.0000	17.5
0.308008	0.710756	0.022587	0.008721	1.0000	3/4"
0.371663	0.710756	0.053388	0.010174	1.0000	LE12SO
0.480493	0.709302	0.032854	0.011628	1.0000	19.05
0.568789	0.709302	0.026694	0.011628	1.0000	1.65
0.659138	0.709302	0.028747	0.010174	1.0000	35.8
0.751540	0.709302	0.032854	0.011628	1.0000	23.30
0.843943	0.709302	0.026694	0.010174	1.0000	25.0
0.295504	0.579236	0.084557	0.013039	1.0000	Tee (LT,ST)
0.304825	0.563174	0.030982	0.011575	1.0000	Size
0.385715	0.564092	0.056144	0.010821	1.0000	Ordering
0.792608	0.568314	0.010267	0.008721	1.0000	F
0.505133	0.561047	0.012320	0.008721	1.0000	D
0.646817	0.559593	0.014374	0.010174	1.0000	A
0.780287	0.559593	0.034908	0.008721	1.0000	Body
0.862423	0.561047	0.010267	0.008721	1.0000	L
0.303901	0.555233	0.032854	0.008721	1.0000	(OD)
0.386008	0.555143	0.053446	0.008901	1.0000	Number
0.780160	0.552065	0.035162	0.009243	1.0000	Cube
0.308008	0.542151	0.024641	0.008721	1.0000	1/4"
0.383915	0.541996	0.045312	0.010484	1.0000	LT4SC
0.501027	0.539244	0.026694	0.011628	1.0000	6.35
0.568789	0.540698	0.026694	0.010174	1.0000	1.00
0.640657	0.539244	0.026694	0.011628	1.0000	25.0
0.708419	0.539244	0.032854	0.011628	1.0000	19.05
0.784394	0.542151	0.026694	0.008721	1.0000	11.2
0.856263	0.540698	0.024641	0.010174	1.0000	50.0
0.308008	0.529070	0.024641	0.008721	1.0000	3/8"
0.383984	0.530523	0.045175	0.008721	1.0000	LT6SD
0.501027	0.527616	0.026694	0.010174	1.0000	9.53
0.568789	0.527616	0.026694	0.011628	1.0000	1.00
0.642710	0.527616	0.024641	0.010174	1.0000	25.0
0.708419	0.527616	0.032854	0.011628	1.0000	19.05
0.784394	0.527616	0.026694	0.010174	1.0000	11.2
0.856263	0.527616	0.024641	0.010174	1.0000	50.0
0.305955	0.515988	0.022587	0.010174	1.0000	1/2"
0.383893	0.517237	0.045356	0.010584	1.0000	LT8SL
0.494867	0.515988	0.032854	0.010174	1.0000	12.70
0.568789	0.514535	0.026694	0.011628	1.0000	1.24
0.642710	0.514535	0.024641	0.011628	1.0000	29.0
0.708419	0.514535	0.032854	0.011628	1.0000	19.05
0.784394	0.514535	0.024641	0.011628	1.0000	17.5
0.856263	0.514535	0.024641	0.011628	1.0000	58.0
0.308008	0.504360	0.024641	0.008721	1.0000	3/4"
0.383984	0.504360	0.053388	0.010174	1.0000	LT12SD
0.496920	0.504360	0.030801	0.008721	1.0000	19.05
0.568789	0.502907	0.026694	0.010174	1.0000	1.65
0.642710	0.504360	0.024641	0.008721	1.0000	35.8
0.708419	0.502907	0.034908	0.010174	1.0000	23.30
0.782341	0.502907	0.028747	0.010174	1.0000	25.0
0.856263	0.502907	0.024641	0.011628	1.0000	71.6
0.293634	0.337209	0.154004	0.013218	1.0000	Reducing Tee (LT,ST)
0.305955	0.322674	0.028747	0.008721	1.0000	Size
0.361396	0.322674	0.030801	0.008721	1.0000	Size
0.420921	0.319710	0.057541	0.011743	1.0000	Ordering
0.523614	0.318314	0.012320	0.010174	1.0000	D
0.572895	0.318314	0.016427	0.008721	1.0000	Dı
0.624230	0.319767	0.012320	0.008721	1.0000	T
0.671458	0.316860	0.018480	0.010174	0.5000	T1
0.772074	0.319767	0.012320	0.007267	1.0000	B
0.815195	0.318314	0.032854	0.008721	1.0000	Body
0.303901	0.312500	0.032854	0.008721	1.0000	(OD)
0.359343	0.312500	0.034908	0.008721	1.0000	(OD1)
0.425051	0.312500	0.051335	0.008721	1.0000	Number
0.815195	0.309593	0.032854	0.008721	1.0000	Cube
0.308008	0.299419	0.022587	0.008721	1.0000	3/8"
0.363450	0.297965	0.024641	0.011628	1.0000	1/4"
0.420945	0.299419	0.053388	0.010174	1.0000	LT64S•
0.519507	0.297965	0.026694	0.010174	1.0000	9.53
0.568789	0.297965	0.026694	0.010174	1.0000	6.35
0.616016	0.297965	0.026694	0.010174	1.0000	1.00
0.667351	0.297965	0.024641	0.010174	1.0000	1.00
0.718686	0.299419	0.024641	0.008721	1.0000	25.0
0.759754	0.297965	0.032854	0.010174	1.0000	19.05
0.817248	0.297965	0.026694	0.010174	1.0000	11.2
0.866530	0.297965	0.026694	0.010174	1.0000	50.0
0.308008	0.286337	0.022587	0.010174	1.0000	1/2"
0.363450	0.286337	0.024641	0.010174	1.0000	1/4"
0.418840	0.286213	0.055545	0.011876	1.0000	LT84SD
0.515400	0.284884	0.030801	0.011628	1.0000	12.70
0.568789	0.284884	0.026694	0.011628	1.0000	6.35
0.616016	0.284884	0.026694	0.011628	1.0000	1.24
0.667351	0.284884	0.024641	0.011628	1.0000	1.00
0.716632	0.283430	0.026694	0.013081	1.0000	29.0
0.763860	0.286337	0.028747	0.010174	1.0000	19.05
0.819302	0.286337	0.024641	0.010174	1.0000	17.5
0.866530	0.284884	0.026694	0.011628	1.0000	58.0
0.308008	0.274709	0.022587	0.008721	1.0000	1/2"
0.365503	0.274709	0.022587	0.008721	1.0000	3/8"
0.420945	0.274709	0.053388	0.010174	1.0000	LT86S•
0.515400	0.271802	0.032854	0.013081	1.0000	12.70
0.570842	0.274709	0.024641	0.008721	1.0000	9.53
0.618070	0.273256	0.022587	0.010174	1.0000	1.24
0.669405	0.274709	0.022587	0.008721	1.0000	1.00
0.718686	0.274709	0.024641	0.008721	1.0000	29.0
0.763860	0.274709	0.028747	0.008721	1.0000	19.05
0.819302	0.273256	0.024641	0.010174	1.0000	17.5
0.868583	0.274709	0.024641	0.008721	1.0000	58.0
0.308008	0.261628	0.022587	0.008721	1.0000	З/4"
0.363450	0.261628	0.024641	0.010174	1.0000	1/4"
0.420945	0.261628	0.061602	0.010174	1.0000	LT124SD
0.515400	0.260174	0.030801	0.011628	1.0000	19.05
0.568789	0.260174	0.026694	0.011628	1.0000	6.35
0.616016	0.260174	0.026694	0.011628	1.0000	1.65
0.667351	0.260174	0.024641	0.011628	1.0000	1.00
0.716632	0.260174	0.026694	0.010174	1.0000	35.8
0.759754	0.260174	0.034908	0.011628	1.0000	23.30
0.817248	0.260174	0.026694	0.011628	1.0000	25.0
0.866530	0.261628	0.024641	0.008721	1.0000	71.6
0.305955	0.248547	0.022587	0.010174	1.0000	З/4"
0.363450	0.250000	0.024641	0.008721	1.0000	3/8"
0.420810	0.249576	0.061871	0.011022	1.0000	LT126SD
0.515400	0.248547	0.030801	0.010174	1.0000	19.05
0.568789	0.247093	0.026694	0.011628	1.0000	9.53
0.616016	0.248547	0.026694	0.010174	1.0000	1.65
0.667351	0.247093	0.024641	0.011628	1.0000	1.00
0.716632	0.247093	0.026694	0.011628	1.0000	35.8
0.761807	0.248547	0.032854	0.010174	1.0000	23.30
0.817248	0.247093	0.026694	0.011628	1.0000	25.0
0.866530	0.250000	0.024641	0.008721	1.0000	71.6
0.308008	0.236919	0.022587	0.008721	1.0000	3/4"
0.361396	0.235465	0.026694	0.011628	1.0000	1/2"
0.418891	0.236919	0.063655	0.010174	1.0000	LT128SD
0.515400	0.235465	0.030801	0.011628	1.0000	19.05
0.564682	0.236919	0.030801	0.010174	1.0000	12.70
0.616016	0.235465	0.026694	0.011628	1.0000	1.65
0.669405	0.236919	0.024641	0.008721	1.0000	1.24
0.716632	0.235465	0.026694	0.011628	1.0000	35.8
0.761807	0.236919	0.032854	0.010174	1.0000	23.30
0.817248	0.235465	0.026694	0.010174	1.0000	25.0
0.864476	0.235465	0.026694	0.011628	1.0000	71.6
0.075975	0.029070	0.020534	0.010174	1.0000	23
0.112660	0.029080	0.070385	0.010418	1.0000	JSK Fittings
#FILE	tmp/pdfs/fitting_dimension_audit/jsk_micro/ocr-8.png
0.570842	0.962209	0.114990	0.008721	1.0000	http://www.jsk-sanko.co.jp
0.714579	0.959207	0.143737	0.011723	1.0000	SANKO KOGYO CO., LTD.
0.880903	0.959302	0.039014	0.010174	1.0000	\\JSK|
0.096509	0.893895	0.439425	0.020349	1.0000	FORGED WELD FITTINGS
0.242300	0.796426	0.121150	0.011714	1.0000	Reducer (LR,SR)
0.254620	0.781977	0.028747	0.008721	1.0000	Size
0.312115	0.781977	0.028747	0.008721	1.0000	Size
0.373529	0.781106	0.055885	0.010064	1.0000	Ordering
0.484600	0.777616	0.012320	0.010174	1.0000	D
0.554415	0.779070	0.016427	0.007267	1.0000	D1
0.626283	0.779070	0.012320	0.008721	1.0000	T
0.694045	0.776163	0.016427	0.011628	1.0000	T1
0.252567	0.771802	0.032854	0.008721	1.0000	(OD)
0.308008	0.771802	0.036961	0.008721	1.0000	(OD1)
0.375770	0.771802	0.051335	0.008721	1.0000	Number
0.256674	0.758721	0.020534	0.008721	1.0000	3/8"
0.314168	0.758721	0.018480	0.008721	1.0000	1/4"
0.371663	0.758721	0.053388	0.010174	1.0000	LR64SL
0.478439	0.757267	0.028747	0.011628	1.0000	9.53
0.550308	0.757267	0.026694	0.011628	1.0000	6.35
0.618070	0.757267	0.026694	0.011628	1.0000	1.00
0.691992	0.758721	0.024641	0.008721	1.0000	1.00
0.757700	0.757267	0.032854	0.011628	1.0000	19.05
0.831622	0.757267	0.034908	0.011628	1.0000	38.10
0.254620	0.745640	0.022587	0.010174	1.0000	1/2"
0.314168	0.747093	0.020534	0.008721	1.0000	1/4"
0.371663	0.747093	0.053388	0.008721	1.0000	LR84SL
0.474333	0.745640	0.032854	0.010174	1.0000	12.70
0.550308	0.744186	0.026694	0.011628	1.0000	6.35
0.618070	0.744186	0.026694	0.011628	1.0000	1.24
0.689938	0.744186	0.026694	0.011628	1.0000	1.00
0.757700	0.744186	0.032854	0.011628	1.0000	19.05
0.831622	0.744186	0.034908	0.011628	1.0000	38.10
0.256674	0.734012	0.020534	0.008721	1.0000	1/2"
0.314168	0.734012	0.020534	0.008721	1.0000	3/8"
0.371663	0.734012	0.053388	0.010174	1.0000	LR86SL
0.474333	0.732558	0.032854	0.010174	1.0000	12.70
0.550308	0.731105	0.026694	0.011628	1.0000	9.53
0.620123	0.734012	0.024641	0.008721	1.0000	1.24
0.691992	0.734012	0.024641	0.010174	1.0000	1.00
0.757700	0.732558	0.032854	0.010174	1.0000	19.05
0.831622	0.732558	0.034908	0.010174	1.0000	38.10
0.254620	0.719477	0.022587	0.011628	1.0000	3/4"
0.314168	0.722384	0.020534	0.008721	1.0000	1/4"
0.371592	0.722127	0.061743	0.009235	1.0000	LR124SL
0.474333	0.719477	0.032854	0.011628	1.0000	19.05
0.550308	0.719477	0.026694	0.011628	1.0000	6.35
0.618070	0.719477	0.026694	0.011628	1.0000	1.65
0.689938	0.719477	0.026694	0.011628	1.0000	1.00
0.757700	0.719477	0.032854	0.011628	1.0000	19.05
0.831622	0.719477	0.034908	0.011628	1.0000	42.90
0.256674	0.709302	0.020534	0.008721	1.0000	3/4"
0.312115	0.707849	0.022587	0.010174	1.0000	3/8"
0.371632	0.709207	0.061664	0.010366	1.0000	LR126SL
0.474333	0.707849	0.032854	0.010174	1.0000	19.05
0.550308	0.707849	0.026694	0.010174	1.0000	9.53
0.620123	0.709302	0.024641	0.008721	1.0000	1.65
0.689938	0.707849	0.026694	0.010174	1.0000	1.00
0.757700	0.707849	0.032854	0.010174	1.0000	19.05
0.833676	0.709302	0.032854	0.008721	1.0000	42.90
0.256674	0.697674	0.020534	0.008721	1.0000	3/4"
0.312115	0.694767	0.022587	0.011628	1.0000	1/2"
0.371646	0.697612	0.061637	0.008846	1.0000	LR128SL
0.474333	0.694767	0.030801	0.011628	1.0000	19.05
0.546201	0.696221	0.030801	0.010174	1.0000	12.70
0.618070	0.696221	0.026694	0.010174	1.0000	1.65
0.689938	0.694767	0.026694	0.011628	1.0000	1.24
0.757700	0.694767	0.032854	0.011628	1.0000	19.05
0.831622	0.696221	0.034908	0.010174	1.0000	42.90
0.944559	0.606105	0.039014	0.011628	1.0000	AUTO
0.944559	0.594477	0.039014	0.011628	1.0000	TUBE
0.946612	0.587209	0.036961	0.008721	1.0000	WELD
0.943550	0.571472	0.049429	0.014144	1.0000	Fittings
0.819302	0.029070	0.100616	0.010174	1.0000	JSK Fittings 24
#FILE	tmp/pdfs/fitting_dimension_audit/jsk_vcr/ocr-05.png
0.117043	0.918605	0.049281	0.011628	1.0000	JSK
0.188766	0.906683	0.105014	0.026750	1.0000	JSK
0.104723	0.783430	0.375770	0.020377	1.0000	TOM JOINT FITTING
0.480493	0.675872	0.039014	0.011628	1.0000	C-22
0.143737	0.613372	0.108830	0.014535	1.0000	(Materials)
0.546201	0.611888	0.205339	0.016019	1.0000	Some Configurations
0.147844	0.592852	0.154004	0.010490	1.0000	Glands, Bodies and Nuts
0.542036	0.594301	0.051452	0.009073	1.0000	Gaskets
0.279261	0.581395	0.041068	0.008721	1.0000	Ordering
0.716881	0.577616	0.044615	0.015921	1.0000	Ordering
0.188912	0.574128	0.041068	0.007267	1.0000	Material
0.281314	0.574128	0.036961	0.007267	1.0000	Number
0.361396	0.572650	0.114990	0.010199	1.0000	Applicable Specification
0.603675	0.571183	0.041110	0.011703	1.0000	Material
0.720739	0.574128	0.036961	0.007267	1.0000	Number
0.774127	0.571096	0.121150	0.010490	1.0000	Applicable Specification
0.275154	0.563953	0.049281	0.008721	1.0000	Designator
0.714315	0.563732	0.049753	0.009855	1.0000	Designator
0.143737	0.550872	0.096509	0.008721	1.0000	316L stainless steel
0.332649	0.549340	0.178645	0.008936	1.0000	bar stock : ASME SA479, ASTM A276
0.542094	0.550872	0.032854	0.008721	1.0000	Nickel
0.731006	0.550872	0.016427	0.008721	1.0000	NI
0.802772	0.549087	0.063861	0.010837	1.0000	ASTM B162
0.293634	0.543605	0.010267	0.010174	1.0000	S
0.143691	0.537663	0.055534	0.010429	1.0000	Single Melt
0.332649	0.536337	0.102669	0.010283	1.0000	forgings : ASTM A182
0.540041	0.536337	0.098563	0.010283	1.0000	316L stainless steel
0.728953	0.537791	0.020534	0.008721	1.0000	US
0.802752	0.535941	0.063900	0.010967	1.0000	ASTM A167
0.143500	0.523858	0.082624	0.010766	1.0000	316L (VIM+VAR)
0.332649	0.523256	0.178645	0.010174	1.0000	bar stock : ASME SA479, ASTM A276
0.544148	0.523256	0.151951	0.010174	1.0000	Silver plated 316L stainless steel
0.728953	0.523256	0.018480	0.011628	1.0000	SS
0.802837	0.521698	0.063731	0.011836	1.0000	ASTM A167
0.143737	0.513081	0.125257	0.010229	1.0000	stainless steel Double Melt
0.332649	0.511628	0.102669	0.010174	1.0000	forgings : ASTM A182
0.184805	0.476744	0.156057	0.015988	1.0000	(Specifications)
0.297741	0.457849	0.036961	0.013081	1.0000	VCR
0.162218	0.430233	0.045175	0.011628	1.0000	ANSI
0.277207	0.427326	0.170431	0.014535	1.0000	Pressure Piping B31.3
0.852156	0.396802	0.012320	0.011628	1.0000	1
0.141603	0.380529	0.090511	0.013651	1.0000	ANSI B31.1
0.544042	0.380017	0.119396	0.016413	1.0000	10°atm cc/sec.
0.716632	0.361919	0.026694	0.013081	1.0000	BA
0.831622	0.363372	0.024641	0.011628	1.0000	EP
0.162218	0.353198	0.036961	0.011628	1.0000	0.94
0.850103	0.328488	0.032854	0.013081	1.0000	100
0.379851	0.315330	0.069866	0.011782	1.0000	316316L
0.141592	0.297683	0.088479	0.015100	1.0000	1,000F(537
0.141608	0.280299	0.076128	0.013530	1.0000	600F(315
0.733060	0.270349	0.082136	0.008721	1.0000	Surface Finish
0.141556	0.260857	0.090641	0.013849	1.0000	1,000F(537
0.568287	0.258994	0.068718	0.013075	1.0000	Designator
0.702259	0.252907	0.028747	0.011628	1.0000	(Ry)
0.821355	0.252907	0.030801	0.011628	1.0000	(Ra)
0.593429	0.238372	0.018480	0.008721	1.0000	EP
0.700205	0.236919	0.045175	0.010174	1.0000	≤0.7 pm
0.819241	0.236777	0.047349	0.010458	1.0000	5 u inch
0.593429	0.222384	0.020534	0.008721	1.0000	BA
0.700160	0.220828	0.045266	0.010379	1.0000	≤3.0 um
0.817226	0.220871	0.053433	0.010293	1.0000	=10 x inch
0.281227	0.179850	0.098738	0.012393	1.0000	(passivation)
0.141684	0.148256	0.246407	0.016080	1.0000	Typical Face Seal Fittings
0.195057	0.074075	0.069846	0.010280	1.0000	Female Nut
0.361396	0.074128	0.039014	0.010174	1.0000	Gland
0.498973	0.072674	0.047228	0.011628	1.0000	Gasket
0.648845	0.072631	0.039066	0.011715	1.0000	Gland
0.788454	0.072558	0.057588	0.011860	1.0000	Male Nut
0.075975	0.029070	0.020534	0.010174	1.0000	29
0.110720	0.028151	0.072173	0.010195	1.0000	JSK Fittings
#FILE	tmp/pdfs/fitting_dimension_audit/jsk_vcr/ocr-06.png
0.570842	0.962209	0.114990	0.008721	1.0000	http://www.jsk-sanko.co.jp
0.714579	0.959207	0.143737	0.011723	1.0000	SANKO KOGYO CO., LTD.
0.880903	0.959207	0.041068	0.010269	1.0000	\\JSK ]
0.098418	0.893433	0.127600	0.021273	1.0000	GLAND
0.256492	0.871686	0.064066	0.010095	1.0000	•: BA or EP
0.262834	0.854651	0.131417	0.010174	1.0000	Female Gland (TSG)
0.266940	0.840116	0.030801	0.007267	1.0000	Head
0.340862	0.838663	0.028747	0.008721	1.0000	Tube
0.431069	0.839201	0.053854	0.008632	1.0000	Ordering
0.827515	0.840116	0.028747	0.008721	1.0000	ANS
0.548255	0.835756	0.012320	0.008721	1.0000	D
0.763860	0.835756	0.010267	0.008721	1.0000	L
0.268994	0.829942	0.026694	0.008721	1.0000	Size
0.334702	0.829942	0.043121	0.008721	1.0000	Size(OD)
0.433238	0.829866	0.049335	0.008873	1.0000	Number
0.823063	0.830403	0.037640	0.009141	1.0000	(Inch)
0.273101	0.816860	0.020534	0.008721	1.0000	1/8"
0.342916	0.816860	0.020534	0.008721	1.0000	1/8"
0.425051	0.816860	0.069815	0.010174	1.0000	TSG2S19•
0.542094	0.815407	0.028747	0.011628	1.0000	3.18
0.611910	0.818314	0.026694	0.008721	1.0000	0.70
0.681725	0.815407	0.032854	0.011628	1.0000	19.05
0.753593	0.818314	0.032854	0.008721	1.0000	27.40
0.831622	0.818314	0.020534	0.008721	1.0000	1/8
0.273101	0.805233	0.022587	0.008721	1.0000	1/4"
0.340862	0.803779	0.024641	0.010174	1.0000	1/4"
0.425051	0.805233	0.061602	0.010174	1.0000	TSG4S6•
0.544148	0.805233	0.026694	0.008721	1.0000	6.35
0.609856	0.803779	0.028747	0.011628	1.0000	1.00
0.687885	0.805233	0.026694	0.008721	1.0000	6.35
0.751540	0.803779	0.034908	0.011628	1.0000	15.24
0.829569	0.803779	0.022587	0.011628	1.0000	1/4
0.273101	0.793605	0.022587	0.008721	1.0000	1/4"
0.342916	0.793605	0.022587	0.008721	1.0000	1/4"
0.425024	0.793509	0.069871	0.010366	1.0000	TSG4S100
0.544148	0.793605	0.024641	0.008721	1.0000	6.35
0.611910	0.793605	0.026694	0.008721	1.0000	1.00
0.681725	0.793605	0.032854	0.008721	1.0000	10.00
0.753593	0.793605	0.032854	0.008721	1.0000	18.89
0.831622	0.793605	0.020534	0.010174	1.0000	1/4
0.273101	0.781977	0.022587	0.008721	1.0000	1/4"
0.342916	0.781977	0.022587	0.008721	1.0000	1/4"
0.422962	0.780413	0.071940	0.011849	1.0000	TSG4S19•
0.544148	0.781977	0.026694	0.008721	1.0000	6.35
0.611910	0.781977	0.026694	0.008721	1.0000	1.00
0.681725	0.781977	0.032854	0.008721	1.0000	19.05
0.753593	0.781977	0.032854	0.008721	1.0000	27.94
0.831622	0.780523	0.020534	0.011628	1.0000	1/4
0.273101	0.770349	0.022587	0.007267	1.0000	1/2"
0.342916	0.770349	0.022587	0.008721	1.0000	3/8"
0.425038	0.770308	0.063681	0.010256	1.0000	TSG6S6•
0.544148	0.770349	0.026694	0.008721	1.0000	9.53
0.611910	0.770349	0.026694	0.008721	1.0000	1.00
0.687885	0.770349	0.026694	0.008721	1.0000	6.35
0.753593	0.770349	0.032854	0.008721	1.0000	15.75
0.831622	0.770349	0.020534	0.008721	1.0000	1/2
0.273101	0.757267	0.020534	0.008721	1.0000	1/2"
0.342916	0.757267	0.022587	0.008721	1.0000	3/8"
0.422998	0.757267	0.071869	0.011628	1.0000	TSG6S10•
0.544148	0.758721	0.026694	0.008721	1.0000	9.53
0.611910	0.758721	0.026694	0.008721	1.0000	1.00
0.681725	0.758721	0.032854	0.008721	1.0000	10.00
0.753593	0.758721	0.032854	0.008721	1.0000	19.40
0.831622	0.758721	0.020534	0.008721	1.0000	1/2
0.273101	0.745640	0.020534	0.008721	1.0000	1/2"
0.342916	0.745640	0.022587	0.008721	1.0000	3/8"
0.422964	0.745535	0.071936	0.011837	1.0000	TSG6S19•
0.544148	0.747093	0.026694	0.008721	1.0000	9.53
0.611910	0.747093	0.026694	0.008721	1.0000	1.00
0.681725	0.747093	0.032854	0.008721	1.0000	19.05
0.753593	0.747093	0.032854	0.008721	1.0000	28.45
0.831622	0.747093	0.020534	0.008721	1.0000	1/2
0.273101	0.734012	0.020534	0.008721	1.0000	1/2"
0.342916	0.734012	0.022587	0.008721	1.0000	1/2"
0.425051	0.735465	0.065708	0.010174	1.0000	TSG8S6•
0.537988	0.734012	0.032854	0.010174	1.0000	12.70
0.611910	0.735465	0.024641	0.008721	1.0000	1.24
0.687885	0.735465	0.026694	0.008721	1.0000	6.35
0.753538	0.735360	0.032965	0.008931	1.0000	15.75
0.831622	0.735465	0.020534	0.008721	1.0000	1/2
0.273101	0.722384	0.020534	0.008721	1.0000	1/2"
0.342916	0.722384	0.022587	0.008721	1.0000	1/2"
0.424958	0.723508	0.070001	0.010832	1.0000	TSG8S100
0.537988	0.722384	0.032854	0.010174	1.0000	12.70
0.611910	0.722384	0.024641	0.008721	1.0000	1.24
0.681725	0.722384	0.032854	0.008721	1.0000	10.00
0.753593	0.722384	0.032854	0.008721	1.0000	19.40
0.831622	0.722384	0.020534	0.010174	1.0000	1/2
0.273101	0.710756	0.020534	0.008721	1.0000	1/2"
0.342916	0.710756	0.020534	0.008721	1.0000	1/2"
0.422965	0.710654	0.071934	0.011832	1.0000	TSG8S19•
0.537988	0.710756	0.032854	0.008721	1.0000	12.70
0.611910	0.710756	0.024641	0.008721	1.0000	1.24
0.681725	0.710756	0.032854	0.008721	1.0000	19.05
0.753593	0.710756	0.032854	0.008721	1.0000	28.45
0.831622	0.710756	0.020534	0.008721	1.0000	1/2
0.271047	0.699128	0.024641	0.008721	1.0000	3/4"
0.342916	0.699128	0.022587	0.008721	1.0000	3/4"
0.425030	0.699048	0.076018	0.010333	1.0000	TSG12S190
0.537988	0.699128	0.030801	0.008721	1.0000	19.05
0.611910	0.700581	0.024641	0.008721	1.0000	1.65
0.681725	0.700581	0.032854	0.007267	1.0000	19.05
0.753593	0.699128	0.032854	0.008721	1.0000	55.90
0.831622	0.699128	0.020534	0.008721	1.0000	3/4
0.277207	0.687500	0.012320	0.008721	1.0000	1"
0.424926	0.687012	0.076225	0.011151	1.0000	TSG16S19•
0.537988	0.687500	0.030801	0.008721	1.0000	25.40
0.611910	0.687500	0.026694	0.008721	1.0000	1.65
0.679671	0.687500	0.034908	0.010174	1.0000	19.05
0.753593	0.688953	0.032854	0.008721	1.0000	63.20
0.273101	0.675872	0.022587	0.008721	1.0000	1/4"
0.342916	0.675872	0.022587	0.008721	1.0000	1/8"
0.425036	0.675816	0.076005	0.010286	1.0000	TSG42S100
0.540041	0.675872	0.026694	0.008721	1.0000	3.18
0.611910	0.675872	0.026694	0.008721	1.0000	0.70
0.681725	0.675872	0.032854	0.008721	1.0000	10.00
0.753593	0.675872	0.032854	0.008721	1.0000	18.89
0.831622	0.675872	0.020534	0.008721	1.0000	1/4
0.268994	0.661337	0.024641	0.010174	1.0000	1/2"
0.342916	0.662791	0.022587	0.008721	1.0000	1/4"
0.425026	0.664156	0.069866	0.010350	1.0000	TSG84S6•
0.537988	0.662791	0.028747	0.010174	1.0000	6.35
0.611910	0.664244	0.026694	0.008721	1.0000	1.00
0.685832	0.662791	0.028747	0.010174	1.0000	6.35
0.753593	0.662791	0.032854	0.010174	1.0000	15.75
0.831622	0.664244	0.020534	0.008721	1.0000	1/2
0.271047	0.649709	0.024641	0.011628	1.0000	1/2"
0.342916	0.652616	0.022587	0.007267	1.0000	1/4"
0.425051	0.652616	0.073922	0.008721	1.0000	TSG84S10L
0.611910	0.652616	0.024641	0.008721	1.0000	1.00
0.681725	0.652616	0.032854	0.008721	1.0000	10.00
0.753593	0.652616	0.032854	0.008721	1.0000	19.40
0.831622	0.652616	0.020534	0.008721	1.0000	1/2
0.271047	0.638081	0.022587	0.011628	1.0000	1/2"
0.342916	0.640988	0.022587	0.007267	1.0000	1/4"
0.540041	0.640988	0.026694	0.008721	1.0000	6.35
0.611910	0.640988	0.026694	0.008721	1.0000	1.00
0.681725	0.640988	0.032854	0.008721	1.0000	19.05
0.753593	0.640988	0.032854	0.008721	1.0000	28.45
0.831622	0.640988	0.020534	0.008721	1.0000	1/2
0.256674	0.627817	0.104723	0.008936	1.0000	ANS : AVAILABLE NUT SIZE
0.258727	0.609012	0.121150	0.011812	1.0000	Male Gland (TLG)
0.266940	0.594477	0.030801	0.008721	1.0000	Head
0.340862	0.594477	0.028747	0.008721	1.0000	Tube
0.429158	0.594477	0.053388	0.008721	1.0000	Ordering
0.827515	0.595930	0.028747	0.008721	1.0000	ANS
0.546201	0.591570	0.010267	0.008721	1.0000	D
0.620123	0.591570	0.010267	0.008721	1.0000	T
0.268994	0.585756	0.026694	0.008721	1.0000	Size
0.332649	0.584302	0.045175	0.010174	1.0000	Size(OD)
0.431189	0.585689	0.051380	0.008855	1.0000	Number
0.825462	0.585756	0.036961	0.008721	1.0000	(Inch)
0.271047	0.574128	0.022587	0.008721	1.0000	1/8"
0.338809	0.572674	0.024641	0.010174	1.0000	1/8"
0.427063	0.572551	0.067846	0.011876	1.0000	TLG2S190
0.542094	0.574128	0.026694	0.008721	1.0000	3.18
0.611910	0.574128	0.026694	0.008721	1.0000	0.70
0.681725	0.574128	0.030801	0.008721	1.0000	19.05
0.751540	0.574128	0.032854	0.008721	1.0000	36.00
0.831622	0.572674	0.020534	0.008721	1.0000	1/8
0.271047	0.562500	0.022587	0.008721	1.0000	1/4"
0.338809	0.559593	0.026694	0.011628	1.0000	1/4"
0.427045	0.560887	0.061721	0.011948	1.0000	TLG4S6
0.542094	0.561047	0.026694	0.010174	1.0000	6.35
0.611910	0.562500	0.026694	0.008721	1.0000	1.00
0.685832	0.562500	0.026694	0.008721	1.0000	6.35
0.751540	0.562500	0.032854	0.008721	1.0000	30.48
0.831622	0.559593	0.018480	0.011628	1.0000	1/4
0.271047	0.550872	0.022587	0.007267	1.0000	1/4"
0.338809	0.549419	0.024641	0.008721	1.0000	1/4"
0.427023	0.549138	0.067926	0.010735	1.0000	TLG4S100
0.540041	0.547965	0.028747	0.011628	1.0000	6.35
0.611910	0.550872	0.026694	0.008721	1.0000	1.00
0.681725	0.549419	0.030801	0.010174	1.0000	10.00
0.753593	0.550872	0.030801	0.008721	1.0000	34.13
0.831622	0.549419	0.020534	0.008721	1.0000	1/4
0.271047	0.537791	0.022587	0.008721	1.0000	1/4"
0.338809	0.536337	0.026694	0.011628	1.0000	1/4"
0.424971	0.536092	0.069976	0.012119	1.0000	TLG4S190
0.540041	0.536337	0.028747	0.011628	1.0000	6.35
0.611910	0.537791	0.026694	0.008721	1.0000	1.00
0.679671	0.536337	0.032854	0.011628	1.0000	19.05
0.751540	0.539244	0.034908	0.008721	1.0000	43.18
0.833676	0.537791	0.018480	0.008721	1.0000	1/4
0.271047	0.526163	0.022587	0.008721	1.0000	1/2"
0.340862	0.526163	0.022587	0.008721	1.0000	3/8"
0.425051	0.524709	0.067762	0.011628	1.0000	TLG6S6•
0.540041	0.524709	0.028747	0.011628	1.0000	9.53
0.611910	0.526163	0.024641	0.008721	1.0000	1.00
0.685832	0.526163	0.026694	0.008721	1.0000	6.35
0.751540	0.527616	0.032854	0.008721	1.0000	32.77
0.831622	0.526163	0.020534	0.008721	1.0000	1/2
0.271047	0.514535	0.022587	0.008721	1.0000	1/2"
0.340862	0.514535	0.022587	0.008721	1.0000	3/8"
0.424922	0.512681	0.070074	0.012428	1.0000	TLG6S100
0.542094	0.514535	0.026694	0.010174	1.0000	9.53
0.609856	0.513081	0.026694	0.010174	1.0000	1.00
0.681725	0.514535	0.030801	0.008721	1.0000	10.00
0.753593	0.515988	0.032854	0.008721	1.0000	36.42
0.831622	0.514535	0.020534	0.008721	1.0000	1/2
0.271047	0.502907	0.022587	0.008721	1.0000	1/2"
0.340862	0.502907	0.022587	0.008721	1.0000	3/8"
0.424910	0.501014	0.070098	0.012507	1.0000	TLG6S19L
0.542094	0.502907	0.026694	0.008721	1.0000	9.53
0.611910	0.502907	0.026694	0.008721	1.0000	1.00
0.679671	0.501453	0.032854	0.010174	1.0000	19.05
0.751540	0.504360	0.032854	0.008721	1.0000	45.47
0.829569	0.500000	0.022587	0.011628	1.0000	1/2
0.271047	0.491279	0.022587	0.008721	1.0000	1/2"
0.340862	0.491279	0.022587	0.008721	1.0000	1/2"
0.425034	0.489776	0.067796	0.011727	1.0000	TLG8S6•
0.533881	0.489826	0.034908	0.010174	1.0000	12.70
0.611910	0.491279	0.026694	0.008721	1.0000	1.24
0.687885	0.491279	0.024641	0.008721	1.0000	6.35
0.749487	0.489826	0.034908	0.011628	1.0000	32.77
0.833676	0.489826	0.018480	0.008721	1.0000	1/2
0.268994	0.478198	0.024641	0.010174	1.0000	1/2"
0.340862	0.479651	0.022587	0.008721	1.0000	1/2"
0.424981	0.477983	0.069956	0.012057	1.0000	TLG8S100
0.535934	0.479651	0.030801	0.007267	1.0000	12.70
0.611910	0.479651	0.026694	0.008721	1.0000	1.24
0.679671	0.478198	0.032854	0.010174	1.0000	10.00
0.753593	0.479651	0.030801	0.010174	1.0000	36.42
0.831622	0.478198	0.020534	0.008721	1.0000	1/2
0.268994	0.465116	0.024641	0.011628	1.0000	1/2"
0.338809	0.465116	0.024641	0.011628	1.0000	1/2"
0.425011	0.465009	0.069895	0.013296	1.0000	TLG8S190
0.535934	0.466570	0.030801	0.008721	1.0000	12.70
0.611910	0.468023	0.026694	0.007267	1.0000	1.24
0.679671	0.465116	0.032854	0.011628	1.0000	19.05
0.751540	0.468023	0.032854	0.008721	1.0000	45.47
0.831622	0.466570	0.020534	0.008721	1.0000	1/2
0.271047	0.454942	0.022587	0.008721	1.0000	3/4"
0.340862	0.454942	0.024641	0.008721	1.0000	3/4"
0.427023	0.454635	0.074086	0.010787	1.0000	TLG12S190
0.535934	0.454942	0.032854	0.008721	1.0000	19.05
0.613963	0.456395	0.024641	0.008721	1.0000	1.65
0.681725	0.456395	0.030801	0.008721	1.0000	19.05
0.753593	0.456395	0.030801	0.008721	1.0000	51.56
0.831622	0.454942	0.020534	0.008721	1.0000	3/4
0.277207	0.443314	0.012320	0.008721	1.0000	1"
0.344969	0.443314	0.014374	0.008721	1.0000	1"
0.427072	0.443194	0.073987	0.010413	1.0000	TLG16S190
0.533881	0.441860	0.034908	0.011628	1.0000	25.40
0.611910	0.443314	0.026694	0.008721	1.0000	1.65
0.681725	0.444767	0.030801	0.008721	1.0000	19.05
0.753593	0.444767	0.030801	0.008721	1.0000	58.93
0.271047	0.431686	0.022587	0.008721	1.0000	1/4"
0.338809	0.431686	0.026694	0.010174	1.0000	1/8"
0.427059	0.431517	0.074014	0.010512	1.0000	TLG42S100
0.542094	0.431686	0.026694	0.008721	1.0000	3.18
0.611910	0.431686	0.026694	0.010174	1.0000	0.70
0.681725	0.431686	0.030801	0.008721	1.0000	10.00
0.753593	0.433140	0.030801	0.008721	1.0000	34.13
0.831622	0.431686	0.020534	0.008721	1.0000	1/4
0.271047	0.420058	0.022587	0.008721	1.0000	1/2"
0.340862	0.420058	0.024641	0.008721	1.0000	1/4"
0.424811	0.416479	0.070296	0.014425	1.0000	TLG84S6L
0.542094	0.420058	0.026694	0.008721	1.0000	6.35
0.611910	0.420058	0.026694	0.008721	1.0000	1.00
0.687885	0.420058	0.024641	0.008721	1.0000	6.35
0.753593	0.420058	0.030801	0.008721	1.0000	32.77
0.831622	0.418605	0.020534	0.010174	1.0000	1/2
0.271047	0.408430	0.022587	0.008721	1.0000	1/2"
0.340862	0.408430	0.022587	0.008721	1.0000	1/4"
0.542094	0.408430	0.026694	0.008721	1.0000	6.35
0.611910	0.408430	0.026694	0.008721	1.0000	1.00
0.679671	0.408430	0.032854	0.008721	1.0000	10.00
0.753593	0.408430	0.030801	0.008721	1.0000	36.42
0.829569	0.406977	0.022587	0.010174	1.0000	1/2
0.271047	0.396802	0.022587	0.008721	1.0000	1/2"
0.340862	0.396802	0.024641	0.008721	1.0000	1/4"
0.427105	0.396802	0.073922	0.008721	1.0000	TLG84S19[
0.542094	0.396802	0.026694	0.008721	1.0000	6.35
0.611910	0.396802	0.026694	0.008721	1.0000	1.00
0.679671	0.395349	0.032854	0.010174	1.0000	19.05
0.751540	0.396802	0.032854	0.008721	1.0000	45.47
0.831622	0.393895	0.020534	0.010174	1.0000	1/2
0.256674	0.385004	0.104723	0.007438	1.0000	ANS : AVAILABLE NUT SIZE
0.946612	0.383721	0.028747	0.008721	1.0000	TOM
0.944374	0.370324	0.039383	0.012259	1.0000	JOINT
0.946612	0.360465	0.045175	0.010174	1.0000	Fittings
0.819302	0.029070	0.100616	0.010174	1.0000	JSK Fittings 30
#FILE	tmp/pdfs/fitting_dimension_audit/jsk_vcr/ocr-07.png
0.082136	0.956395	0.045175	0.011628	1.0000	„JSK_
0.137577	0.959207	0.143737	0.011723	1.0000	SANKO KOGYO CO., LTD.
0.316222	0.962209	0.112936	0.008721	1.0000	http://www.jsk-sanko.co.jp
0.121092	0.893711	0.129479	0.020717	1.0000	UNION
0.293634	0.857420	0.149897	0.010490	1.0000	Bulkhead Union (TBU)
0.299795	0.843023	0.030801	0.008721	1.0000	Head
0.369101	0.841207	0.054574	0.011838	1.0000	Ordering
0.696099	0.845930	0.012320	0.010174	1.0000	F
0.765914	0.844477	0.016427	0.011628	1.0000	F1
0.622177	0.837209	0.012320	0.011628	1.0000	L
0.685832	0.838663	0.032854	0.008721	1.0000	Body
0.755647	0.835756	0.034908	0.011628	1.0000	Body
0.845996	0.835756	0.018480	0.014535	1.0000	M
0.301848	0.832849	0.026694	0.008721	1.0000	Size
0.371663	0.832849	0.051335	0.008721	1.0000	Number
0.685832	0.831395	0.032854	0.007267	1.0000	Cube
0.757700	0.831395	0.032854	0.007267	1.0000	Cube
0.303901	0.821221	0.020534	0.008721	1.0000	1/4"
0.363398	0.821061	0.053491	0.009040	1.0000	TBU4SL
0.472279	0.819767	0.024641	0.010174	1.0000	4.35
0.542094	0.818314	0.030801	0.011628	1.0000	33.00
0.613963	0.818314	0.030801	0.011628	1.0000	56.60
0.685832	0.818314	0.030801	0.011628	1.0000	19.05
0.757700	0.818314	0.030801	0.011628	1.0000	15.88
0.823409	0.819736	0.063655	0.010206	1.0000	9/16-18 UNF
0.303901	0.808140	0.020534	0.008721	1.0000	1/2"
0.363450	0.809593	0.053388	0.008721	1.0000	TBU8SL
0.468172	0.809593	0.028747	0.008721	1.0000	10.22
0.542094	0.806686	0.030801	0.011628	1.0000	37.60
0.613963	0.806686	0.030801	0.011628	1.0000	65.25
0.685832	0.806686	0.030801	0.011628	1.0000	26.90
0.757700	0.806686	0.030801	0.011628	1.0000	23.81
0.825462	0.806527	0.059548	0.011787	1.0000	7/8-14 UNF
0.303901	0.797965	0.020534	0.007267	1.0000	3/4"
0.363215	0.795747	0.062072	0.011704	1.0000	TBU12SD
0.468172	0.796512	0.030801	0.008721	1.0000	15.75
0.542094	0.795058	0.030801	0.011628	1.0000	43.40
0.613963	0.795058	0.030801	0.011628	1.0000	79.00
0.685832	0.795058	0.030801	0.011628	1.0000	38.10
0.757700	0.795058	0.030801	0.011628	1.0000	33.34
0.819302	0.797965	0.073922	0.008721	1.0000	1 1/4-18 UNEF
0.308008	0.786337	0.012320	0.007267	1.0000	1"
0.363426	0.786253	0.061649	0.008889	1.0000	TBU16SL
0.466119	0.784884	0.032854	0.010174	1.0000	22.10
0.542094	0.783430	0.030801	0.011628	1.0000	47.10
0.613963	0.783430	0.030801	0.011628	1.0000	86.00
0.685832	0.783430	0.030801	0.011628	1.0000	44.40
0.757700	0.783430	0.030801	0.010174	1.0000	41.28
0.825462	0.784771	0.063655	0.010287	1.0000	11/2-20 UN
0.119097	0.540698	0.232033	0.018895	1.0000	CONNECTOR
0.295688	0.501453	0.221766	0.010202	1.0000	TBW Bulkhead Connector (TTBC)
0.303901	0.486919	0.030801	0.008721	1.0000	Head
0.722793	0.489826	0.012320	0.008721	1.0000	F
0.353183	0.485465	0.030801	0.008721	1.0000	Tube
0.408295	0.484504	0.054013	0.010160	1.0000	Ordering
0.774127	0.489826	0.016427	0.007267	1.0000	F1
0.492813	0.482558	0.012320	0.008721	1.0000	D
0.632444	0.482558	0.018480	0.008721	1.0000	B1
0.677618	0.482558	0.010267	0.008721	1.0000	L
0.712526	0.479651	0.032854	0.010174	1.0000	Body
0.765914	0.481105	0.030801	0.008721	1.0000	Body
0.843943	0.479651	0.018480	0.011628	1.0000	M
0.305955	0.476744	0.026694	0.008721	1.0000	Size
0.346212	0.474911	0.042562	0.011036	1.0000	Size(OD)
0.410663	0.476702	0.049311	0.008805	1.0000	Number
0.714579	0.475291	0.028747	0.005814	1.0000	Cube
0.767967	0.475291	0.028747	0.005814	1.0000	Cube
0.308008	0.463663	0.020534	0.008721	1.0000	1/4"
0.357290	0.463663	0.022587	0.008721	1.0000	1/4"
0.394251	0.465116	0.065708	0.008721	1.0000	TTBC44S[
0.488706	0.463663	0.024641	0.008721	1.0000	6.35
0.533881	0.462209	0.024641	0.010174	1.0000	4.35
0.574949	0.463663	0.028747	0.008721	1.0000	19.05
0.624230	0.462209	0.030801	0.011628	1.0000	33.00
0.665298	0.462209	0.030801	0.010174	1.0000	59.85
0.714579	0.463663	0.028747	0.008721	1.0000	19.05
0.767967	0.463663	0.028747	0.008721	1.0000	15.88
0.823148	0.462809	0.062122	0.011882	1.0000	9/16-18 UNF
0.305955	0.452035	0.020534	0.008721	1.0000	1/2"
0.357290	0.452035	0.020534	0.008721	1.0000	1/2"
0.394214	0.451912	0.067835	0.010420	1.0000	TTBC88SL
0.484600	0.452035	0.028747	0.008721	1.0000	12.70
0.529774	0.452035	0.028747	0.008721	1.0000	10.22
0.574949	0.452035	0.028747	0.008721	1.0000	19.05
0.626283	0.452035	0.028747	0.008721	1.0000	37.60
0.669405	0.452035	0.026694	0.008721	1.0000	65.25
0.712526	0.450581	0.030801	0.010174	1.0000	26.90
0.767967	0.452035	0.028747	0.008721	1.0000	23.81
0.825444	0.451976	0.055478	0.008838	1.0000	7/8-14 UNF
0.305955	0.440407	0.022587	0.008721	1.0000	3/4"
0.357290	0.440407	0.020534	0.008721	1.0000	3/4"
0.394223	0.440295	0.082190	0.010398	1.0000	TTBC1212SD
0.482546	0.440407	0.030801	0.008721	1.0000	19.05
0.529774	0.440407	0.030801	0.008721	1.0000	15.75
0.574949	0.440407	0.028747	0.008721	1.0000	19.05
0.626283	0.440407	0.028747	0.008721	1.0000	43.25
0.667351	0.440407	0.028747	0.008721	1.0000	71.30
0.714579	0.440407	0.028747	0.008721	1.0000	38.10
0.767967	0.440407	0.028747	0.008721	1.0000	33.34
0.817248	0.440407	0.071869	0.008721	1.0000	1 1/4-18 UNEF
0.079739	0.027341	0.103256	0.012145	1.0000	31 JSK Fittings
#FILE	tmp/pdfs/fitting_dimension_audit/jsk_vcr/ocr-08.png
0.570842	0.962209	0.114990	0.008721	1.0000	http://www.jsk-sanko.co.jp
0.714579	0.957849	0.215606	0.016122	1.0000	SANKO KOGYO CO., LTD. JSK
0.098563	0.885004	0.318275	0.029240	1.0000	NUT, PLUG & CAP
0.279261	0.866279	0.117043	0.010178	1.0000	Female Nut (TFN)
0.611910	0.856105	0.012320	0.008721	1.0000	F
0.283368	0.851744	0.032854	0.007267	1.0000	Head
0.365503	0.850291	0.053388	0.008721	1.0000	Ordering
0.505133	0.847384	0.012320	0.010174	1.0000	L
0.605749	0.847384	0.024641	0.008721	1.0000	Hex
0.710472	0.845930	0.022587	0.011628	1.0000	DX
0.815195	0.844477	0.020534	0.015988	1.0000	M
0.096509	0.844477	0.067762	0.007267	1.0000	LEAK TEST PORTS
0.285421	0.841570	0.028747	0.008721	1.0000	Size
0.367556	0.841570	0.049281	0.008721	1.0000	Number
0.605749	0.840116	0.024641	0.007267	1.0000	Flat
0.287474	0.829942	0.020534	0.008721	1.0000	1/8"
0.369610	0.828488	0.041068	0.008721	1.0000	TFN2S
0.501027	0.829942	0.022587	0.008721	1.0000	13.5
0.603696	0.829942	0.028747	0.008721	1.0000	11.11
0.710472	0.827035	0.026694	0.011628	1.0000	5.30
0.794661	0.828488	0.063655	0.010284	1.0000	5/16-24 UNF
0.289528	0.818314	0.020534	0.007267	1.0000	1/4"
0.369610	0.816860	0.041068	0.008721	1.0000	TFN4S
0.498973	0.815407	0.024641	0.011628	1.0000	20.5
0.601643	0.815407	0.030801	0.011628	1.0000	19.05
0.710472	0.815407	0.028747	0.011628	1.0000	9.10
0.792608	0.816860	0.063655	0.010257	1.0000	9/16-18 UNF
0.287474	0.805233	0.020534	0.008721	1.0000	1/2"
0.367556	0.803779	0.043121	0.010174	1.0000	TFN8S
0.498973	0.803779	0.024641	0.011628	1.0000	22.3
0.601643	0.803779	0.030801	0.011628	1.0000	26.99
0.706366	0.803779	0.030801	0.010174	1.0000	15.50
0.796649	0.805045	0.057626	0.010550	1.0000	7/8-14 UNF
0.289528	0.793605	0.020534	0.008721	1.0000	3/4"
0.369570	0.793490	0.049362	0.008951	1.0000	TFN12S
0.498973	0.792151	0.024641	0.010174	1.0000	28.4
0.601643	0.792151	0.032854	0.011628	1.0000	38.10
0.706366	0.792151	0.030801	0.011628	1.0000	22.60
0.788419	0.791887	0.074085	0.012157	1.0000	1 1/4-18 UNEF
0.293634	0.781977	0.012320	0.008721	1.0000	1"
0.369610	0.781977	0.047228	0.008721	1.0000	TFN16S
0.498973	0.780523	0.024641	0.010174	1.0000	34.0
0.601643	0.780523	0.030801	0.011628	1.0000	44.45
0.706366	0.780523	0.030801	0.011628	1.0000	30.50
0.796566	0.781438	0.059846	0.009798	1.0000	1 1/2-20 UN
0.275154	0.690365	0.108830	0.011670	1.0000	Male Nut (TMN)
0.659138	0.680233	0.010267	0.008721	1.0000	F
0.283368	0.675872	0.032854	0.008721	1.0000	Head
0.364995	0.674056	0.054579	0.011911	1.0000	Ordering
0.650924	0.670058	0.026694	0.010174	1.0000	Hex
0.733060	0.671512	0.024641	0.010174	1.0000	DX
0.825462	0.672965	0.012320	0.008721	1.0000	M
0.287474	0.667151	0.026694	0.008721	1.0000	Size
0.367556	0.667151	0.049281	0.008721	1.0000	Number
0.650924	0.662791	0.026694	0.011628	1.0000	Flat
0.289528	0.654070	0.018480	0.008721	1.0000	1/8"
0.367556	0.654070	0.045175	0.008721	1.0000	TMN2S
0.486653	0.652616	0.026694	0.011628	1.0000	12.7
0.570842	0.652616	0.022587	0.010174	1.0000	8.2
0.652977	0.652616	0.026694	0.011628	1.0000	9.52
0.735113	0.652616	0.026694	0.011628	1.0000	5.30
0.798768	0.652616	0.065708	0.011719	1.0000	5/16-24 UNF
0.289528	0.642442	0.020534	0.008721	1.0000	1/4"
0.369610	0.642442	0.043121	0.008721	1.0000	TMN4S
0.486653	0.640988	0.026694	0.011628	1.0000	18.0
0.566735	0.640988	0.026694	0.011628	1.0000	11.0
0.648871	0.640988	0.030801	0.011628	1.0000	15.88
0.737166	0.642442	0.024641	0.010174	1.0000	9.10
0.798735	0.640899	0.063720	0.011807	1.0000	9/16-18 UNF
0.285421	0.630814	0.024641	0.008721	1.0000	*1/4"
0.367556	0.630814	0.063655	0.008721	1.0000	TMN4S.54
0.486653	0.629360	0.026694	0.011628	1.0000	13.7
0.566735	0.629360	0.026694	0.011628	1.0000	11.0
0.650924	0.629360	0.028747	0.011628	1.0000	15.88
0.733060	0.629360	0.028747	0.011628	1.0000	9.10
0.798753	0.629320	0.063685	0.011709	1.0000	9/16-18 UNF
0.289528	0.619186	0.018480	0.008721	1.0000	1/2"
0.369610	0.617733	0.043121	0.008721	1.0000	TMN8S
0.486653	0.617733	0.026694	0.011628	1.0000	20.5
0.566735	0.617733	0.024641	0.011628	1.0000	12.7
0.648871	0.617733	0.030801	0.011628	1.0000	23.81
0.728953	0.617733	0.030801	0.011628	1.0000	15.50
0.800821	0.617716	0.059548	0.011655	1.0000	7/8-14 UNF
0.289528	0.607558	0.020534	0.008721	1.0000	3/4"
0.367556	0.606105	0.051335	0.008721	1.0000	TMN12S
0.486653	0.606105	0.026694	0.011628	1.0000	25.4
0.566735	0.606105	0.026694	0.011628	1.0000	16.0
0.648871	0.606105	0.028747	0.010174	1.0000	33.34
0.728953	0.606105	0.030801	0.011628	1.0000	22.60
0.794405	0.605228	0.074435	0.013381	1.0000	1 1/4-18 UNEF
0.293634	0.594477	0.012320	0.008721	1.0000	1"
0.367445	0.595591	0.051558	0.009400	1.0000	TMN16S
0.488706	0.595930	0.024641	0.008721	1.0000	30.2
0.566735	0.594477	0.026694	0.011628	1.0000	20.0
0.646817	0.594477	0.032854	0.010174	1.0000	41.28
0.728953	0.594477	0.030801	0.010174	1.0000	30.50
0.802848	0.595856	0.057547	0.010324	1.0000	1 1/2-20 UN
0.270885	0.582757	0.144092	0.010312	1.0000	*TMN4S.54 : Short Male Nut 1/4 Only
0.168378	0.574128	0.034908	0.007457	1.0000	(1/4" only)
0.279261	0.482517	0.073922	0.011669	1.0000	Plug (TPG)
0.285421	0.468023	0.032854	0.008721	1.0000	Head
0.387813	0.466930	0.054008	0.010421	1.0000	Ordering
0.554415	0.465116	0.010267	0.010174	1.0000	L
0.287474	0.459302	0.028747	0.007267	1.0000	Size
0.390077	0.459110	0.049415	0.009106	1.0000	Number
0.289528	0.446221	0.022587	0.008721	1.0000	1/8"
0.392166	0.447577	0.053451	0.008915	1.0000	TPG2S
0.544148	0.444767	0.030801	0.011628	1.0000	17.30
0.677618	0.446221	0.026694	0.010174	1.0000	9.52
0.782228	0.445855	0.063882	0.010906	1.0000	5/16-24 UNF
0.291581	0.433140	0.018480	0.010174	1.0000	1/4"
0.392197	0.434593	0.053388	0.010174	1.0000	TPG4SL
0.544148	0.433140	0.030801	0.011628	1.0000	23.37
0.673511	0.433140	0.030801	0.011628	1.0000	15.88
0.782177	0.432673	0.063984	0.012560	1.0000	9/16-18 UNF
0.289528	0.422965	0.020534	0.008721	1.0000	1/2"
0.392091	0.422681	0.053600	0.010743	1.0000	TPG8S[
0.544148	0.421512	0.030801	0.010174	1.0000	27.43
0.671458	0.421512	0.030801	0.010174	1.0000	23.81
0.786416	0.422874	0.057559	0.010357	1.0000	7/8-14 UNF
0.287474	0.408430	0.022587	0.011628	1.0000	3/4"
0.392183	0.411286	0.061630	0.008823	1.0000	TPG12SL
0.544148	0.409884	0.030801	0.011628	1.0000	36.32
0.671458	0.409884	0.030801	0.011628	1.0000	33.34
0.776165	0.411278	0.076007	0.010293	1.0000	1 1/4 -18 UNEF
0.392104	0.399368	0.061788	0.009404	1.0000	TPG16SL
0.546201	0.399709	0.028747	0.008721	1.0000	38.61
0.673511	0.399709	0.028747	0.008721	1.0000	41.28
0.786431	0.399652	0.059582	0.008836	1.0000	1 1/2-20 UN
0.946612	0.383721	0.028747	0.008721	1.0000	TOM
0.944440	0.370439	0.039251	0.012029	1.0000	JOINT
0.945734	0.359654	0.046743	0.012845	1.0000	Fittings
0.277096	0.294695	0.074144	0.012353	1.0000	Cap (TCP)
0.285421	0.280523	0.032854	0.008721	1.0000	Head
0.361172	0.279584	0.055961	0.010161	1.0000	Ordering
0.714579	0.283430	0.010267	0.010174	1.0000	F
0.708419	0.277616	0.022587	0.008721	1.0000	Hex
0.287474	0.271802	0.028747	0.008721	1.0000	Size
0.363432	0.271738	0.051371	0.007396	1.0000	Number
0.708419	0.268895	0.022587	0.008721	1.0000	Flat
0.289528	0.258721	0.020534	0.008721	1.0000	1/8"
0.363450	0.260174	0.053388	0.008721	1.0000	TCP2SL
0.490760	0.257267	0.032854	0.011628	1.0000	16.00
0.601643	0.257267	0.026694	0.011628	1.0000	7.60
0.704312	0.258721	0.028747	0.008721	1.0000	11.11
0.792434	0.256773	0.064003	0.012617	1.0000	5/16-24 UNF
0.289528	0.247093	0.020534	0.008721	1.0000	1/4"
0.361396	0.245640	0.057495	0.011628	1.0000	TCP4SL
0.490760	0.245640	0.032854	0.011628	1.0000	24.20
0.599589	0.245640	0.030801	0.011628	1.0000	11.18
0.702259	0.245640	0.030801	0.010174	1.0000	19.05
0.792404	0.245055	0.064063	0.012797	1.0000	9/16-18 UNF
0.287474	0.232558	0.022587	0.011628	1.0000	1/2"
0.361396	0.234012	0.057495	0.011628	1.0000	TCP8SL
0.490760	0.232558	0.032854	0.013081	1.0000	25.65
0.597536	0.234012	0.032854	0.010174	1.0000	11.43
0.702259	0.232558	0.030801	0.011628	1.0000	26.99
0.794585	0.233815	0.059700	0.012022	1.0000	7/8-14 UNF
0.289528	0.222384	0.020534	0.008721	1.0000	З/4"
0.363357	0.223551	0.061786	0.010747	1.0000	TCP12SD
0.492813	0.220930	0.028747	0.013081	1.0000	32.77
0.597536	0.220930	0.032854	0.013081	1.0000	13.72
0.702259	0.220930	0.030801	0.013081	1.0000	38.10
0.786448	0.220930	0.075975	0.013081	1.0000	1 1/4-18 UNEF
0.295688	0.210756	0.012320	0.010174	1.0000	1"
0.363231	0.211414	0.062056	0.010602	1.0000	TCP16SL
0.492813	0.209302	0.030801	0.013081	1.0000	39.12
0.596643	0.207370	0.057171	0.014767	1.0000	16.00 •
0.704312	0.209302	0.030801	0.013081	1.0000	44.45
0.794606	0.209171	0.061712	0.013344	1.0000	1 1/2-20 UN
0.275154	0.194639	0.059548	0.010490	1.0000	J:BA or EP
0.817215	0.026042	0.104790	0.014777	1.0000	JSK Fittings | 32
#FILE	tmp/pdfs/fitting_dimension_audit/jsk_vcr/ocr-09.png
0.086242	0.959302	0.041068	0.008721	1.0000	JSK
0.137577	0.959207	0.143737	0.011723	1.0000	SANKO KOGYO CO., LTD.
0.315984	0.960785	0.113376	0.010259	1.0000	http://www.jsk-sanko.co.jp
0.123203	0.893895	0.143737	0.020349	1.0000	GASKET
0.320329	0.888081	0.071869	0.008721	1.0000	•=NI, US, SS
0.318275	0.876453	0.069815	0.008721	1.0000	NI : Nickel EP
0.318275	0.863248	0.102669	0.010490	1.0000	US : Original 316L EP
0.318275	0.851593	0.121150	0.010490	1.0000	SS : Silver plated 316L EP
0.322382	0.831391	0.174538	0.013209	1.0000	Gasket w/ Retainner (TGR)
0.328542	0.816860	0.034908	0.008721	1.0000	Head
0.439425	0.816860	0.049281	0.008721	1.0000	Ordering
0.829569	0.812500	0.022587	0.011628	1.0000	DХ
0.332649	0.808140	0.026694	0.008721	1.0000	Size
0.439398	0.809506	0.047281	0.007442	1.0000	Number
0.334702	0.796512	0.020534	0.007267	1.0000	1/4"
0.429158	0.796512	0.049281	0.010174	1.0000	TGR4[
0.593429	0.793605	0.020534	0.011628	1.0000	0.8
0.714579	0.793605	0.020534	0.011628	1.0000	5.6
0.825462	0.793605	0.032854	0.011628	1.0000	11.85
0.334702	0.783430	0.020534	0.008721	1.0000	1/2"
0.431197	0.784847	0.045203	0.008794	1.0000	TGR8•
0.593429	0.781977	0.020534	0.011628	1.0000	0.8
0.710472	0.783430	0.024641	0.010174	1.0000	11.2
0.827515	0.781977	0.028747	0.011628	1.0000	19.27
0.334702	0.773256	0.020534	0.007267	1.0000	3/4"
0.431181	0.773161	0.053450	0.008911	1.0000	TGR120
0.593429	0.770349	0.020534	0.010174	1.0000	0.8
0.710472	0.770349	0.026694	0.011628	1.0000	16.8
0.825462	0.770349	0.030801	0.011628	1.0000	27.90
0.338809	0.760174	0.014374	0.008721	1.0000	1"
0.429158	0.761628	0.055441	0.008721	1.0000	TGR16[
0.593429	0.758721	0.020534	0.011628	1.0000	0.8
0.710472	0.758721	0.024641	0.011628	1.0000	22.6
0.825462	0.758721	0.030801	0.011628	1.0000	34.20
0.322382	0.697674	0.092402	0.011727	1.0000	Gasket (TGT)
0.328542	0.684593	0.034908	0.007267	1.0000	Head
0.437372	0.683140	0.053388	0.010174	1.0000	Ordering
0.716632	0.678779	0.022587	0.011628	1.0000	D1
0.837782	0.680233	0.018480	0.008721	1.0000	Dx
0.332649	0.674419	0.026694	0.008721	1.0000	Size
0.437339	0.675774	0.051401	0.008917	1.0000	Number
0.332649	0.659884	0.024641	0.011628	1.0000	1/8"
0.433265	0.661337	0.049281	0.011628	1.0000	TGT2L
0.597536	0.659884	0.020534	0.011628	1.0000	0.8
0.720739	0.659884	0.020534	0.011628	1.0000	2.3
0.837782	0.661337	0.020534	0.010174	1.0000	6.6
0.334702	0.649709	0.022587	0.008721	1.0000	1/4"
0.433225	0.649624	0.049362	0.011799	1.0000	TGT4D
0.597536	0.649709	0.020534	0.010174	1.0000	0.8
0.720739	0.648256	0.020534	0.011628	1.0000	5.6
0.833676	0.648256	0.024641	0.011628	1.0000	11.9
0.334702	0.638081	0.020534	0.008721	1.0000	1/2"
0.435265	0.639396	0.045281	0.009000	1.0000	TGT8L
0.597536	0.638081	0.020534	0.010174	1.0000	0.8
0.716632	0.638081	0.024641	0.010174	1.0000	11.2
0.835729	0.639535	0.022587	0.008721	1.0000	19.8
0.334702	0.626453	0.022587	0.008721	1.0000	3/4"
0.435254	0.627705	0.053517	0.009125	1.0000	TGT12D
0.597536	0.625000	0.020534	0.011628	1.0000	0.8
0.714579	0.625000	0.026694	0.011628	1.0000	16.8
0.833676	0.625000	0.024641	0.011628	1.0000	29.0
0.338809	0.616279	0.012320	0.007267	1.0000	1"
0.435212	0.615943	0.053600	0.009392	1.0000	TGT16•
0.597536	0.613372	0.020534	0.011628	1.0000	0.8
0.714579	0.613372	0.026694	0.011628	1.0000	22.6
0.831622	0.613372	0.026694	0.011628	1.0000	35.8
0.320329	0.552326	0.133470	0.013081	1.0000	Blind Gasket (TBG)
0.328542	0.539244	0.032854	0.008721	1.0000	Head
0.433070	0.538604	0.053778	0.010001	1.0000	Ordering
0.630390	0.536337	0.012320	0.008721	1.0000	D
0.811088	0.536337	0.010267	0.008721	1.0000	T
0.330595	0.530523	0.028747	0.008721	1.0000	Size
0.435318	0.530523	0.051335	0.008721	1.0000	Number
0.334702	0.518895	0.022587	0.007267	1.0000	1/4"
0.431055	0.517068	0.047540	0.010923	1.0000	TBG4L
0.622177	0.515988	0.026694	0.010174	1.0000	11.9
0.806982	0.517442	0.020534	0.008721	1.0000	0.8
0.332649	0.504360	0.022587	0.011628	1.0000	1/2"
0.431211	0.505814	0.047228	0.010174	1.0000	TBG8
0.624230	0.504360	0.024641	0.011628	1.0000	19.8
0.806982	0.505814	0.020534	0.008721	1.0000	0.8
0.334702	0.494186	0.020534	0.008721	1.0000	3/4"
0.431195	0.494144	0.053420	0.010259	1.0000	TBG12L
0.626283	0.494186	0.022587	0.010174	1.0000	28.9
0.806982	0.494186	0.020534	0.008721	1.0000	0.8
0.338809	0.482558	0.014374	0.008721	1.0000	1"
0.433242	0.483944	0.051380	0.008856	1.0000	TBG16
0.626283	0.482558	0.022587	0.008721	1.0000	35.5
0.806982	0.482558	0.018480	0.008721	1.0000	0.8
0.123203	0.428779	0.162218	0.018895	1.0000	HI-FLOW
0.324435	0.395349	0.158111	0.010246	1.0000	HVCR Male Nut (THMN)
0.330595	0.380814	0.032854	0.008721	1.0000	Head
0.404475	0.379230	0.053472	0.008981	1.0000	Ordering
0.531828	0.377907	0.010267	0.008721	1.0000	B
0.613963	0.376453	0.010267	0.008721	1.0000	L
0.687885	0.376453	0.026694	0.008721	1.0000	Hex
0.332649	0.370640	0.028747	0.008721	1.0000	Size
0.406571	0.372093	0.049281	0.007267	1.0000	Number
0.687885	0.369186	0.026694	0.007267	1.0000	Flat
0.334702	0.359012	0.022587	0.008721	1.0000	1/4"
0.408624	0.357558	0.055441	0.010174	1.0000	THMN4S
0.521561	0.357558	0.028747	0.010174	1.0000	11.0
0.603696	0.359012	0.030801	0.008721	1.0000	18.03
0.687885	0.359012	0.028747	0.008721	1.0000	15.88
0.772074	0.357558	0.020534	0.010174	1.0000	9.9
0.831518	0.357212	0.065916	0.010866	1.0000	9/16-18 UNF
0.129363	0.302253	0.067762	0.003108	0.5000	AKTEST PORTS
0.324435	0.293605	0.172485	0.010203	1.0000	HVCR Female Nut (THFN)
0.330595	0.279070	0.032854	0.008721	1.0000	Head
0.657084	0.281977	0.012320	0.008721	1.0000	F
0.422708	0.276751	0.053937	0.010017	1.0000	Ordering
0.332649	0.268895	0.028747	0.008721	1.0000	Size
0.425036	0.268851	0.049313	0.008810	1.0000	Number
0.560575	0.271802	0.012320	0.010174	1.0000	L
0.648871	0.274709	0.026694	0.007267	1.0000	Hex
0.747433	0.271802	0.022587	0.011628	1.0000	Dx
0.850103	0.274709	0.016427	0.008721	1.0000	M
0.650924	0.265988	0.024641	0.008721	1.0000	Flat
0.334702	0.257267	0.022587	0.007267	1.0000	1/4"
0.422748	0.256233	0.051896	0.010234	1.0000	THFN4S
0.550308	0.251453	0.030801	0.013081	1.0000	20.57
0.646817	0.254360	0.030801	0.011628	1.0000	19.05
0.745380	0.254360	0.024641	0.011628	1.0000	9.90
0.823353	0.254202	0.065819	0.011944	1.0000	9/16-18 UNF
0.324241	0.192219	0.174911	0.013017	1.0000	HVCR Long Gland (THLG)
0.328497	0.178671	0.034997	0.007484	1.0000	Head
0.404517	0.178779	0.032854	0.007267	1.0000	Tube
0.498973	0.177326	0.053388	0.010174	1.0000	Ordering
0.607803	0.174419	0.010267	0.008721	1.0000	D
0.669405	0.174419	0.012320	0.008721	1.0000	B
0.733060	0.172965	0.012320	0.010174	1.0000	L
0.856263	0.172965	0.020534	0.011628	1.0000	E1
0.332649	0.170058	0.026694	0.007267	1.0000	Size
0.396304	0.168605	0.049281	0.008721	1.0000	Size(OD)
0.501027	0.170058	0.051335	0.008721	1.0000	Number
0.334702	0.156977	0.022587	0.007267	1.0000	1/4"
0.410678	0.155523	0.022587	0.008721	1.0000	3/8"
0.488706	0.154070	0.071869	0.011628	1.0000	THLG46SL
0.597536	0.154070	0.028747	0.011628	1.0000	9.53
0.663244	0.154070	0.024641	0.011628	1.0000	28.4
0.724846	0.154070	0.026694	0.011628	1.0000	33.2
0.792608	0.154070	0.020534	0.011628	1.0000	7.5
0.852156	0.154070	0.026694	0.011628	1.0000	6.28
0.080082	0.030523	0.016427	0.008721	1.0000	33
0.112936	0.029070	0.069815	0.008721	1.0000	JSK Fittings
#FILE	tmp/pdfs/fitting_dimension_audit/jsk_vcr/ocr-10.png
0.570842	0.962209	0.114990	0.008721	1.0000	http://www.jsk-sanko.co.jp
0.714579	0.959207	0.149897	0.011723	1.0000	SANKO KOGYO CO., LTD.
0.878850	0.957849	0.032854	0.011628	1.0000	_JSK
0.137410	0.898153	0.378254	0.019066	1.0000	Female Elbow Union Welded Assembly
0.558522	0.898213	0.351129	0.016031	1.0000	Female Tee Union Welded Assembly
0.562475	0.733326	0.170808	0.013185	1.0000	Ordering Number / TFTU4SL
0.607803	0.655523	0.041068	0.010174	1.0000	Gasket
0.813142	0.614826	0.047228	0.008721	1.0000	S-Gland
0.778234	0.578477	0.063655	0.010186	1.0000	Female Nut
0.145791	0.546512	0.024641	0.018895	1.0000	2
0.626283	0.540698	0.051335	0.008721	1.0000	Male Nut
0.780287	0.540698	0.067762	0.008721	1.0000	Female Nut
0.607803	0.462209	0.041068	0.008721	1.0000	L-Gland
0.827420	0.461956	0.045365	0.009227	1.0000	S-Gland
0.685832	0.421512	0.041068	0.008721	1.0000	Marking
0.944559	0.382267	0.032854	0.010174	1.0000	TOM
0.944559	0.370640	0.041068	0.010174	1.0000	JOINT
0.946396	0.360598	0.045804	0.010139	1.0000	Fittings
0.162218	0.313953	0.014374	0.011628	1.0000	4
0.806982	0.302253	0.039014	0.008936	1.0000	1/8 turn
0.244353	0.286337	0.026694	0.011628	1.0000	1/8
0.351129	0.210756	0.039014	0.011628	1.0000	VCR
0.616016	0.167055	0.073922	0.010270	1.0000	Protective Cap
0.819302	0.029070	0.100616	0.010174	1.0000	JSK Fittings 34
#FILE	tmp/pdfs/fitting_dimension_audit/vups_ocr/ocr-04.png
0.715681	0.930014	0.202001	0.021267	1.0000	Face Seal Fitting
0.785010	0.908281	0.134122	0.017809	1.0000	VVR Series
0.092311	0.819736	0.207842	0.019125	1.0000	• General Information
0.100553	0.683006	0.073056	0.011895	1.0000	Materials
0.406062	0.662196	0.060218	0.014552	1.0000	Ordering
0.102523	0.652496	0.055308	0.010416	1.0000	Material
0.408268	0.652570	0.053287	0.010267	1.0000	Number
0.544278	0.649375	0.086987	0.015204	1.0000	Specification
0.408043	0.638982	0.071455	0.011984	1.0000	Designator
0.104536	0.623330	0.159763	0.010391	1.0000	Glands, Bodies, and Nuts
0.104536	0.603198	0.116371	0.008721	1.0000	316L stainless steel
0.408284	0.603198	0.055227	0.008721	1.0000	Standard
0.546351	0.604630	0.220907	0.013102	1.0000	Bar stock: ASME SA479, ASTM A276
0.544379	0.593023	0.140039	0.013081	1.0000	Forgings: ASME SA182
0.544379	0.575581	0.222880	0.014535	1.0000	Bar stock: ASME SA479, ASTM A276
0.104536	0.572573	0.218935	0.010275	1.0000	316L secondary remelt stainless steel
0.410256	0.574128	0.029586	0.008721	1.0000	-SLV
0.544379	0.565407	0.142012	0.013081	1.0000	Forgings: ASME SA182
0.104446	0.552027	0.051463	0.009317	1.0000	Gaskets
0.104536	0.534884	0.037475	0.008721	1.0000	Nickel
0.408284	0.536337	0.021696	0.008721	1.0000	-NI
0.546328	0.533359	0.074996	0.013224	1.0000	ASTM B162
0.104536	0.518700	0.116371	0.008916	1.0000	316L stainless steel
0.408249	0.518774	0.055297	0.008964	1.0000	Standard
0.546351	0.515988	0.149901	0.013081	1.0000	ASTM A240, ASTM A167
0.098570	0.485052	0.520806	0.013523	1.0000	* The product is fabricated in compliance with the VS001A process specification
0.102564	0.446221	0.092702	0.010174	1.0000	Dimensions
0.102564	0.424310	0.435897	0.011737	1.0000	• Dimensions are for reference only and may change without prior notice
0.102564	0.411337	0.463511	0.010301	1.0000	• The D1 dimension refers to the smallest nominal inside diameter of the part
0.102307	0.366005	0.134630	0.013355	1.0000	Pressure Ratings
0.102564	0.344477	0.392505	0.010376	1.0000	• Ratings are based upon tests conducted using VFS assemblies
0.104536	0.332849	0.471400	0.008721	1.0000	• All ratings comply with calculations per ANSI Code for Pressure Piping B31.3
0.104537	0.318314	0.546351	0.017442	1.0000	• To determine pressure ratings in accordance with ANSI B31.3, multiply psig rating by 0.94
0.102564	0.303651	0.274162	0.010303	1.0000	• Ratings determined at ambient temperature
0.106484	0.257161	0.080917	0.010387	1.0000	Components
0.252432	0.258615	0.051348	0.008934	1.0000	Material
0.564103	0.254230	0.130178	0.014693	1.0000	Temperature, °F (°C)
0.252286	0.242786	0.118734	0.011706	1.0000	316L stainless steel
0.563968	0.242283	0.069303	0.012526	1.0000	1000 (537)
0.103977	0.235736	0.048157	0.011346	1.0000	Fittings
0.252465	0.231077	0.222880	0.010240	1.0000	316L secondary remelt stainless steel
0.564012	0.229362	0.067242	0.012207	1.0000	1000 (537)
0.252245	0.217251	0.118773	0.011317	1.0000	316L stainless steel
0.564065	0.216451	0.067136	0.011865	1.0000	1000 (537)
0.106472	0.212096	0.049383	0.008948	1.0000	Gaskets
0.252465	0.206395	0.039448	0.008721	1.0000	Nickel
0.566075	0.203473	0.061144	0.011643	1.0000	600 (315)
0.101866	0.156599	0.058569	0.013455	1.0000	Testing
0.104536	0.136628	0.749507	0.011636	1.0000	The VFS assembly with silver plating has been helium leak tested to a rate of 4x10-9 mbar L/s He and the unplated gasket to a
0.102499	0.124868	0.264483	0.012288	1.0000	rate of 4x10-1 mbar L/s He without leakage.
0.106460	0.044877	0.128303	0.019258	1.0000	VIGOUR
0.106509	0.037791	0.126233	0.004507	1.0000	we offer solutions regarding your ideas!
#FILE	tmp/pdfs/fitting_dimension_audit/vups_ocr/ocr-05.png
0.080422	0.928579	0.200186	0.021966	1.0000	Face Seal Fitting
0.080868	0.906946	0.136095	0.019145	1.0000	VVR Series
0.370688	0.813553	0.051523	0.009522	1.0000	lest port
0.652860	0.802315	0.096647	0.010240	1.0000	Markings identify
0.208890	0.793172	0.142343	0.012169	1.0000	Side-load retainer gasket
0.652860	0.793411	0.124260	0.007569	1.0000	manufacturer, material
0.155819	0.748442	0.130178	0.008905	1.0000	Standard surface finish
0.157791	0.734012	0.108481	0.013094	1.0000	10uin (0.25pm) Ra
0.656805	0.675872	0.007890	0.014535	1.0000	3161
0.670400	0.625053	0.116798	0.011680	1.0000	Material heat code is
0.157791	0.617542	0.108481	0.008911	1.0000	Metal to metal seal
0.670611	0.614826	0.132150	0.010286	1.0000	stamped on glands and
0.670430	0.603457	0.138375	0.011533	1.0000	all shapes to ensure raw
0.670414	0.594303	0.110883	0.011771	1.0000	material traceability
0.214990	0.579942	0.173570	0.010174	1.0000	Precision manufactured gasket
0.424063	0.569767	0.179487	0.010375	1.0000	Female threads are silver plated
0.100592	0.457703	0.230769	0.016135	1.0000	• Typical VFS Assemblies
0.118343	0.435886	0.378698	0.010335	1.0000	VFS assemblies are made up of four or five basic components.
0.161719	0.376384	0.065123	0.008859	1.0000	Female Nut
0.327416	0.376453	0.031558	0.008721	1.0000	Gland
0.422091	0.376453	0.088757	0.008721	1.0000	Gasket Retainer
0.597633	0.376453	0.033531	0.008721	1.0000	Gland
0.771203	0.376453	0.049310	0.008721	1.0000	Male Nut
0.173570	0.364826	0.045365	0.008721	1.0000	VVR-FN
0.317554	0.364826	0.047337	0.008721	1.0000	VVR-FG
0.439842	0.363372	0.055227	0.010174	1.0000	assembly
0.587771	0.364826	0.049310	0.008721	1.0000	VVR-MG
0.771203	0.364826	0.049310	0.008721	1.0000	VVR-MN
0.453649	0.268895	0.021696	0.008721	1.0000	OR
0.161700	0.168459	0.065159	0.009012	1.0000	Female Nut
0.331361	0.168605	0.033531	0.008721	1.0000	Gland
0.443787	0.168605	0.041420	0.008721	1.0000	Gasket
0.602660	0.166639	0.031367	0.011199	1.0000	Body
0.173570	0.156977	0.045365	0.008721	1.0000	VVR-FN
0.323417	0.156821	0.045474	0.009033	1.0000	VVR-FG
0.581854	0.156977	0.067061	0.008721	1.0000	VVR-MC-NT
0.765286	0.045058	0.128205	0.018895	1.0000	VIGOUR
0.923077	0.043605	0.015779	0.011628	1.0000	2
0.765286	0.036337	0.128205	0.007296	1.0000	we offer solutions regarding your ideas!
#FILE	tmp/pdfs/fitting_dimension_audit/vups_ocr/ocr-06.png
0.078388	0.928530	0.204202	0.024784	1.0000	Face Seal Fitting
0.078895	0.906946	0.138067	0.019145	1.0000	VVR Series
0.101809	0.814693	0.092348	0.023303	1.0000	• Glands
0.739645	0.754360	0.013807	0.007267	1.0000	L1
0.114398	0.736866	0.173570	0.017495	1.0000	Short Tube Butt Weld
0.195266	0.690407	0.029586	0.011628	1.0000	Wall
0.266272	0.690407	0.029586	0.011628	1.0000	VFS
0.516765	0.691860	0.047337	0.008721	1.0000	Qrdering
0.672584	0.691860	0.110454	0.008941	1.0000	Dimensions, in.(mm)
0.838264	0.691860	0.045365	0.008721	1.0000	Working
0.106360	0.669872	0.053553	0.023628	1.0000	Tubo OD
0.181400	0.678635	0.057319	0.013369	1.0000	Thickness
0.266272	0.678779	0.029586	0.013081	1.0000	Size
0.366864	0.678779	0.049310	0.015988	1.0000	Material
0.516765	0.681686	0.047337	0.008721	1.0000	Number
0.836041	0.682279	0.049817	0.007605	1.0000	Pressure
0.199211	0.670058	0.019724	0.010174	1.0000	in.
0.272189	0.668605	0.017751	0.011628	1.0000	in.
0.656805	0.671512	0.015779	0.008721	1.0000	L1
0.719921	0.671512	0.017751	0.008721	1.0000	D1
0.788955	0.671512	0.009862	0.008721	1.0000	L
0.834285	0.669958	0.053324	0.010374	1.0000	psig (bar)
0.372781	0.651163	0.031558	0.011628	1.0000	316L
0.485207	0.652616	0.080868	0.010174	1.0000	VVR-FG2-TB2
0.646943	0.651163	0.027613	0.011628	1.0000	0.75
0.712032	0.651163	0.029586	0.011628	1.0000	0.07
0.781065	0.654070	0.027613	0.008721	1.0000	1.08
0.844181	0.652616	0.031558	0.010174	1.0000	8500
0.122288	0.646802	0.017751	0.008721	1.0000	1/8
0.189349	0.645349	0.035503	0.010174	1.0000	0.028
0.270217	0.646802	0.019724	0.008721	1.0000	1/8
0.329389	0.638023	0.122288	0.010240	1.0000	316L secondary remelt
0.484847	0.636157	0.107164	0.014495	1.0000	VVR-FG2-TB2-SLV
0.642998	0.638081	0.035503	0.010174	1.0000	(19.1)
0.712032	0.638081	0.029586	0.011628	1.0000	(1.8)
0.775148	0.638081	0.037475	0.011628	1.0000	(27.4)
0.844181	0.636628	0.033531	0.011628	1.0000	(585)
0.374753	0.626453	0.029586	0.008721	1.0000	316L
0.487136	0.624812	0.078983	0.010550	1.0000	VVR-FG4-TB4
0.646943	0.626453	0.027613	0.008721	1.0000	0.75
0.714004	0.626453	0.027613	0.008721	1.0000	0.18
0.781065	0.626453	0.027613	0.008721	1.0000	1.10
0.844181	0.625000	0.031558	0.010174	1.0000	5100
0.122288	0.619186	0.019724	0.008721	1.0000	1/4
0.189349	0.617733	0.035503	0.010174	1.0000	0.035
0.270217	0.619186	0.019724	0.008721	1.0000	1/4
0.327416	0.610419	0.124260	0.010240	1.0000	316L secondary remelt
0.483235	0.610465	0.108481	0.011628	1.0000	VVR-FG4-TB4-SLV
0.642998	0.610465	0.035503	0.011628	1.0000	(19.1)
0.712032	0.610465	0.029586	0.011628	1.0000	(4.6)
0.775148	0.610465	0.037475	0.011628	1.0000	(27.9)
0.844181	0.610465	0.033531	0.011628	1.0000	(351)
0.374753	0.598837	0.029586	0.008721	1.0000	316L
0.485207	0.595930	0.104536	0.011628	1.0000	VVR-FG4-TB4-L18
0.644902	0.597274	0.029723	0.010393	1.0000	0.38
0.714004	0.598837	0.027613	0.008721	1.0000	0.18
0.781065	0.598837	0.027613	0.008721	1.0000	0.72
0.844181	0.597384	0.031558	0.011628	1.0000	5100
0.122288	0.591570	0.017751	0.008721	1.0000	1/4
0.191321	0.591570	0.033531	0.008721	1.0000	0.035
0.270217	0.591570	0.017751	0.008721	1.0000	1/4
0.329389	0.584150	0.122288	0.008905	1.0000	316L secondary remelt
0.485207	0.582849	0.130178	0.011628	1.0000	VVR-FG4-TB4-L18-SLV
0.644970	0.582849	0.031558	0.011628	1.0000	(9.6)
0.712032	0.582849	0.029586	0.011628	1.0000	(4.6)
0.775148	0.582849	0.037475	0.011628	1.0000	(18.3)
0.844181	0.582849	0.033531	0.011628	1.0000	(351)
0.374753	0.571221	0.029586	0.008721	1.0000	316L
0.484963	0.569861	0.104990	0.011688	1.0000	VVR-FG4-TB4-L15
0.644970	0.569767	0.029586	0.011628	1.0000	0.25
0.712032	0.569767	0.029586	0.011628	1.0000	0.18
0.781065	0.571221	0.027613	0.008721	1.0000	0.60
0.844181	0.571221	0.031558	0.010174	1.0000	5100
0.122288	0.565407	0.017751	0.008721	1.0000	1/4
0.189349	0.562500	0.035503	0.011628	1.0000	0.035
0.268245	0.563953	0.021696	0.010174	1.0000	1/4
0.329389	0.556545	0.122288	0.010315	1.0000	316L secondary remelt
0.485207	0.555233	0.128205	0.011628	1.0000	VVR-FG4-TB4-L15-SLV
0.644970	0.555233	0.029586	0.011628	1.0000	(6.4)
0.712032	0.556686	0.029586	0.011628	1.0000	(4.6)
0.775148	0.556686	0.037475	0.010174	1.0000	(15.2)
0.844181	0.556686	0.033531	0.010174	1.0000	(351)
0.372781	0.543605	0.031558	0.010174	1.0000	316L
0.485090	0.541691	0.081103	0.012548	1.0000	VVR-FG8-TB4
0.646943	0.545058	0.027613	0.008721	1.0000	0.75
0.714004	0.545058	0.027613	0.008721	1.0000	0.18
0.779093	0.543605	0.029586	0.010174	1.0000	1.12
0.846154	0.545058	0.031558	0.008721	1.0000	4300
0.122288	0.537791	0.017751	0.008721	1.0000	1/4
0.189349	0.536337	0.035503	0.010174	1.0000	0.035
0.268245	0.536337	0.021696	0.010174	1.0000	1/2
0.327416	0.528940	0.124260	0.010304	1.0000	316L secondary remelt
0.487179	0.530523	0.104536	0.010174	1.0000	VVR-FG8-TB4-SLV
0.644970	0.530523	0.033531	0.008721	1.0000	(19.1)
0.712032	0.529070	0.029586	0.011628	1.0000	(4.6)
0.775148	0.529070	0.037475	0.011628	1.0000	(28.4)
0.844181	0.529070	0.033531	0.011628	1.0000	(296)
0.371712	0.513892	0.033744	0.013308	1.0000	316L
0.485207	0.515988	0.104536	0.010174	1.0000	VVR-FG8-TB4-L15
0.644970	0.515988	0.029586	0.010174	1.0000	0.25
0.714004	0.517442	0.027613	0.008721	1.0000	0.18
0.779093	0.515988	0.029586	0.010174	1.0000	0.62
0.846154	0.517442	0.029586	0.008721	1.0000	4300
0.120316	0.508721	0.019724	0.010174	1.0000	1/4
0.191321	0.510174	0.033531	0.008721	1.0000	0.035
0.270217	0.510174	0.019724	0.008721	1.0000	1/2
0.329389	0.502907	0.122288	0.008721	1.0000	316L secondary remelt
0.485207	0.501453	0.130178	0.011628	1.0000	VVR-FG8-TB4-L15-SLV
0.642998	0.501453	0.035503	0.011628	1.0000	(19.1)
0.712032	0.501453	0.029586	0.011628	1.0000	(4.6)
0.775148	0.501453	0.037475	0.011628	1.0000	(15.7)
0.844181	0.501453	0.033531	0.011628	1.0000	(296)
0.374753	0.489826	0.029586	0.008721	1.0000	316L
0.487179	0.489826	0.102564	0.008721	1.0000	VVR-FG8-TB4-L19
0.646943	0.489826	0.027613	0.010174	1.0000	0.75
0.712032	0.488372	0.029586	0.011628	1.0000	0.18
0.779093	0.488372	0.029586	0.011628	1.0000	0.76
0.844181	0.488372	0.031558	0.010174	1.0000	4300
0.122288	0.484012	0.017751	0.007267	1.0000	1/4
0.189349	0.481105	0.035503	0.011628	1.0000	0.035
0.268245	0.481105	0.021696	0.011628	1.0000	1/2
0.329389	0.475291	0.122288	0.010174	1.0000	316L secondary remelt
0.485207	0.473837	0.128205	0.011628	1.0000	VVR-FG8-TB4-L19-SLV
0.642998	0.473837	0.035503	0.011628	1.0000	(19.1)
0.712032	0.473837	0.029586	0.011628	1.0000	(4.6)
0.775148	0.473837	0.037475	0.011628	1.0000	(19.4)
0.844181	0.473837	0.033531	0.011628	1.0000	(296)
0.374753	0.462209	0.029586	0.008721	1.0000	316L
0.485189	0.460687	0.080904	0.011766	1.0000	VVR-FG8-TB6
0.644970	0.462209	0.029586	0.010174	1.0000	0.75
0.712032	0.460756	0.029586	0.011628	1.0000	0.31
0.779093	0.462209	0.029586	0.010174	1.0000	1.12
0.844181	0.462209	0.031558	0.010174	1.0000	3300
0.118343	0.454942	0.021696	0.010174	1.0000	3/8
0.189349	0.454942	0.035503	0.010174	1.0000	0.035
0.268245	0.454942	0.019724	0.010174	1.0000	1/2
0.327416	0.447462	0.124260	0.010387	1.0000	316L secondary remelt
0.483235	0.447674	0.108481	0.010174	1.0000	VVR-FG8-TB6-SLV
0.642998	0.446221	0.035503	0.011628	1.0000	(19.1)
0.712032	0.446221	0.029586	0.011628	1.0000	(7.9)
0.775148	0.446221	0.037475	0.011628	1.0000	(28.4)
0.844181	0.447674	0.031558	0.010174	1.0000	(227)
0.374753	0.434593	0.029586	0.008721	1.0000	316L
0.485207	0.433140	0.104536	0.011628	1.0000	VVR-FG8-TB6-L15
0.644970	0.433140	0.029586	0.011628	1.0000	0.25
0.712032	0.434593	0.029586	0.010174	1.0000	0.31
0.779093	0.434593	0.029586	0.010174	1.0000	0.62
0.844181	0.434593	0.031558	0.010174	1.0000	3300
0.120316	0.427326	0.019724	0.010174	1.0000	3/8
0.189349	0.427326	0.035503	0.010174	1.0000	0.035
0.268245	0.428779	0.021696	0.008721	1.0000	1/2
0.329389	0.419858	0.122288	0.010375	1.0000	316L secondary remelt
0.485207	0.420058	0.130178	0.011628	1.0000	VVR-FG8-TB6-L15-SLV
0.644970	0.420058	0.029586	0.011628	1.0000	(6.4)
0.712032	0.420058	0.029586	0.011628	1.0000	(7.9)
0.775148	0.420058	0.037475	0.011628	1.0000	(15.7)
0.844181	0.418605	0.033531	0.013081	1.0000	(227)
0.374753	0.408430	0.029586	0.008721	1.0000	316L
0.487179	0.408430	0.078895	0.008721	1.0000	VVR-FG8-TB8
0.646943	0.408430	0.027613	0.008721	1.0000	0.75
0.712032	0.406977	0.029586	0.010174	1.0000	0.40
0.781065	0.408430	0.027613	0.008721	1.0000	1.12
0.844181	0.406977	0.031558	0.010174	1.0000	3700
0.120316	0.399709	0.019724	0.010174	1.0000	1/2
0.189349	0.399709	0.035503	0.010174	1.0000	0.049
0.268245	0.399709	0.019724	0.011628	1.0000	1/2
0.327416	0.393895	0.124260	0.008721	1.0000	316L secondary remelt
0.485207	0.392442	0.104536	0.011628	1.0000	VVR-FG8-TB8-SLV
0.642998	0.392442	0.035503	0.011628	1.0000	(19.1)
0.708087	0.392442	0.037475	0.011628	1.0000	(10.2)
0.775148	0.392442	0.037475	0.011628	1.0000	(28.4)
0.844181	0.393895	0.033531	0.010174	1.0000	(254)
0.372781	0.379360	0.031558	0.011628	1.0000	316L
0.483235	0.379360	0.106509	0.010174	1.0000	VVR-FG8-TB8-L18
0.646943	0.380814	0.027613	0.008721	1.0000	0.38
0.712032	0.379360	0.029586	0.011628	1.0000	0.40
0.779093	0.379360	0.029586	0.011628	1.0000	0.74
0.844181	0.379360	0.033531	0.011628	1.0000	3700
0.122288	0.373547	0.017751	0.010174	1.0000	1/2
0.188919	0.372555	0.036306	0.011259	1.0000	0.049
0.266272	0.373547	0.021696	0.010174	1.0000	1/2
0.327416	0.366279	0.124260	0.010391	1.0000	316L secondary remelt
0.487179	0.366279	0.128205	0.010174	1.0000	VVR-FG8-TB8-L18-SLV
0.644970	0.364826	0.031558	0.011628	1.0000	(9.6)
0.708087	0.364826	0.037475	0.011628	1.0000	(10.2)
0.775148	0.364826	0.037475	0.011628	1.0000	(18.8)
0.844181	0.364826	0.033531	0.011628	1.0000	(254)
0.374753	0.354651	0.029586	0.007267	1.0000	316L
0.485207	0.351744	0.104536	0.011628	1.0000	VVR-FG8-TB8-L15
0.646943	0.351744	0.027613	0.011628	1.0000	0.25
0.714004	0.353198	0.027613	0.010174	1.0000	0.40
0.779093	0.353198	0.029586	0.010174	1.0000	0.62
0.844181	0.353198	0.031558	0.010174	1.0000	3700
0.120316	0.345930	0.019724	0.010174	1.0000	1/2
0.189349	0.345930	0.035503	0.010174	1.0000	0.049
0.266272	0.345930	0.023669	0.010174	1.0000	1/2
0.329177	0.337573	0.122699	0.012872	1.0000	316L secondary remelt
0.483235	0.338663	0.130178	0.011628	1.0000	VVR-FG8-TB8-L15-SLV
0.644970	0.338663	0.031558	0.011628	1.0000	(6.4)
0.708087	0.337209	0.037475	0.013081	1.0000	(10.2)
0.775148	0.338663	0.037475	0.011628	1.0000	(15.7)
0.844181	0.337209	0.033531	0.013081	1.0000	(254)
0.372781	0.325581	0.031558	0.010174	1.0000	316L
0.485207	0.324128	0.094675	0.011628	1.0000	VVR-FG12-TB12
0.644970	0.325581	0.029586	0.010174	1.0000	0.81
0.712032	0.324128	0.029586	0.011628	1.0000	0.62
0.779093	0.325581	0.029586	0.010174	1.0000	1.25
0.844181	0.325581	0.033531	0.010174	1.0000	2400
0.122288	0.319767	0.019724	0.008721	1.0000	3/4
0.189349	0.318314	0.035503	0.010174	1.0000	0.065
0.268245	0.318314	0.019724	0.010174	1.0000	3/4
0.329389	0.311047	0.122288	0.010174	1.0000	316L secondary remelt
0.485207	0.311047	0.120316	0.011628	1.0000	VVR-FG12-TB12-SLV
0.644970	0.311047	0.033531	0.011628	1.0000	(20.6)
0.708087	0.311047	0.037475	0.011628	1.0000	(15.7)
0.783037	0.311047	0.025641	0.010174	1.0000	(32)
0.846154	0.311047	0.031558	0.010174	1.0000	(165)
0.372781	0.299419	0.031558	0.008721	1.0000	316L
0.485207	0.297965	0.094675	0.011628	1.0000	VVR-FG16-TB16
0.646943	0.297965	0.029586	0.010174	1.0000	0.75
0.712032	0.297965	0.029586	0.010174	1.0000	0.87
0.783037	0.299419	0.025641	0.008721	1.0000	1.51
0.846154	0.299419	0.031558	0.008721	1.0000	1900
0.126233	0.292151	0.009862	0.008721	1.0000	1
0.189349	0.290698	0.035503	0.011628	1.0000	0.065
0.274162	0.292151	0.009862	0.008721	1.0000	1
0.329389	0.284884	0.122288	0.010308	1.0000	316L secondary remelt
0.485207	0.283430	0.120316	0.011628	1.0000	VVR-FG16-TB16-SLV
0.642998	0.283430	0.037475	0.010174	1.0000	(19.1)
0.708087	0.283430	0.037475	0.011628	1.0000	(22.1)
0.775148	0.283430	0.037475	0.011628	1.0000	(38.6)
0.844181	0.283430	0.035503	0.011628	1.0000	(130)
0.100592	0.245640	0.179487	0.010371	1.0000	not design for gasket retainer assembly
0.096647	0.235465	0.573964	0.010305	1.0000	* To order fittings manufactured for Surface Finish Ra(Average)0.4 add BA to the ordering number. Example: VVR-FG4-TB4-BA
0.096647	0.226625	0.725838	0.010293	1.0000	* Default process spec: VS001B. If ordering VS001A-spec fittings for VIGOUR Ultra-High Purity Products, add "P" to the order number. Example: VVR-FG4-TB4-P
0.106473	0.044924	0.128278	0.019163	1.0000	VIGOUR
0.106509	0.036337	0.128205	0.007296	1.0000	we offer solutions regarding your ideas!
#FILE	tmp/pdfs/fitting_dimension_audit/vups_ocr/ocr-07.png
0.715615	0.928541	0.202084	0.022071	1.0000	Face Seal Fitting
0.782902	0.907474	0.134465	0.016597	1.0000	VVR Series
0.091652	0.810546	0.092839	0.021468	1.0000	• Glands
0.656805	0.750000	0.013807	0.008721	1.0000	L1
0.114007	0.730441	0.168483	0.021405	1.0000	Long Tube Butt Weld
0.126233	0.686047	0.015779	0.011628	1.0000	D
0.199211	0.686047	0.029586	0.011628	1.0000	Wall
0.272189	0.686047	0.027613	0.011628	1.0000	VFS
0.520163	0.687017	0.048565	0.011458	1.0000	Qrdering
0.676529	0.688780	0.112426	0.008905	1.0000	Dimensions, in.(mm)
0.842184	0.685983	0.047387	0.010301	1.0000	Working
0.110242	0.675346	0.051705	0.012681	1.0000	Tube OD
0.183432	0.675872	0.059172	0.011628	1.0000	Thickness
0.272189	0.675872	0.027613	0.013081	1.0000	Size
0.372658	0.675608	0.045610	0.012157	1.0000	Material
0.520419	0.677720	0.047768	0.008827	1.0000	Number
0.839950	0.677748	0.051767	0.007949	1.0000	Pressure
0.128205	0.667151	0.017751	0.008721	1.0000	in.
0.207101	0.667151	0.015779	0.008721	1.0000	in.
0.278107	0.667151	0.015779	0.008721	1.0000	in.
0.660750	0.667151	0.017751	0.008721	1.0000	L1
0.723866	0.668605	0.017751	0.007267	1.0000	D1
0.836248	0.664131	0.055314	0.011854	1.0000	psig (bar)
0.378698	0.649709	0.029586	0.007267	1.0000	316L
0.491103	0.648165	0.080910	0.010356	1.0000	VVR-MG2-TB2
0.650888	0.646802	0.029586	0.011628	1.0000	0.75
0.717949	0.649709	0.027613	0.008721	1.0000	0.07
0.786982	0.649709	0.025641	0.008721	1.0000	1.42
0.850099	0.649709	0.031558	0.008721	1.0000	8500
0.124260	0.640988	0.019724	0.010174	1.0000	1/8
0.193294	0.640988	0.035503	0.010174	1.0000	0.028
0.272189	0.642442	0.019724	0.008721	1.0000	1/8
0.331361	0.635174	0.124260	0.008721	1.0000	316L secondary remelt
0.491124	0.635174	0.106509	0.008721	1.0000	VVR-MG2-TB2-SLV
0.648915	0.635174	0.033531	0.008721	1.0000	(19.1)
0.715976	0.633721	0.029586	0.010174	1.0000	(1.8)
0.783037	0.635174	0.033531	0.008721	1.0000	(36.1)
0.850099	0.633721	0.031558	0.010174	1.0000	(585)
0.378698	0.622093	0.029586	0.008721	1.0000	316L
0.489152	0.620640	0.082840	0.010174	1.0000	VVR-MG4-TB2
0.652860	0.622093	0.025641	0.008721	1.0000	0.28
0.717949	0.622093	0.027613	0.008721	1.0000	0.18
0.786982	0.622093	0.025641	0.008721	1.0000	1.31
0.850099	0.622093	0.031558	0.008721	1.0000	6400
0.124260	0.614826	0.019724	0.010174	1.0000	1/8
0.195266	0.616279	0.033531	0.008721	1.0000	0.022
0.272189	0.614826	0.019724	0.010174	1.0000	1/4
0.331361	0.607558	0.124260	0.008721	1.0000	316L secondary remelt
0.489152	0.606105	0.108481	0.011628	1.0000	VVR-MG4-TB2-SLV
0.650888	0.606105	0.029586	0.010174	1.0000	(7.1)
0.715976	0.606105	0.029586	0.011628	1.0000	(4.6)
0.779093	0.606105	0.037475	0.011628	1.0000	(33.3)
0.850099	0.607558	0.031558	0.008721	1.0000	(440)
0.378698	0.595930	0.027613	0.007267	1.0000	316L
0.491124	0.594477	0.082840	0.010174	1.0000	VVR-MG4-TB4
0.652860	0.594477	0.025641	0.008721	1.0000	0.75
0.717949	0.594477	0.027613	0.008721	1.0000	0.18
0.786982	0.594477	0.025641	0.008721	1.0000	1.70
0.850099	0.594477	0.029586	0.008721	1.0000	5100
0.124260	0.585756	0.021696	0.011628	1.0000	1/4
0.193294	0.585756	0.035503	0.011628	1.0000	0.035
0.272189	0.588663	0.019724	0.007267	1.0000	1/4
0.331361	0.579942	0.124260	0.010174	1.0000	316L secondary remelt
0.491124	0.581395	0.106509	0.008721	1.0000	VVR-MG4-TB4-SLV
0.648915	0.579942	0.033531	0.008721	1.0000	(19.1)
0.715976	0.578488	0.029586	0.011628	1.0000	(4.6)
0.779093	0.578488	0.037475	0.011628	1.0000	(43.2)
0.850099	0.578488	0.031558	0.011628	1.0000	(351)
0.378698	0.568314	0.029586	0.008721	1.0000	316L
0.491124	0.566860	0.104536	0.010174	1.0000	VVR-MG4-TB4-L33
0.652860	0.566860	0.025641	0.008721	1.0000	0.38
0.717949	0.568314	0.027613	0.008721	1.0000	0.18
0.786982	0.568314	0.025641	0.007267	1.0000	1.32
0.850099	0.568314	0.031558	0.008721	1.0000	5100
0.122288	0.559593	0.023669	0.010174	1.0000	1/4
0.195246	0.561004	0.033571	0.008806	1.0000	0.035
0.272189	0.561047	0.019724	0.008721	1.0000	1/4
0.331361	0.553779	0.124260	0.008721	1.0000	316L secondary remelt
0.489152	0.553779	0.132150	0.008721	1.0000	VVR-MG4-TB4-L33-SLV
0.648915	0.550872	0.029586	0.011628	1.0000	(9.6)
0.717949	0.553779	0.027613	0.008721	1.0000	(4.6)
0.783037	0.553779	0.033531	0.008721	1.0000	(33.5)
0.850099	0.552326	0.031558	0.010174	1.0000	(351)
0.378698	0.540698	0.029586	0.008721	1.0000	316L
0.489152	0.539244	0.106509	0.010174	1.0000	VVR-MG4-TB4-L30
0.650888	0.539244	0.027613	0.010174	1.0000	0.25
0.717949	0.540698	0.027613	0.008721	1.0000	0.18
0.786982	0.540698	0.025641	0.008721	1.0000	1.20
0.850099	0.540698	0.031558	0.008721	1.0000	5100
0.124260	0.531977	0.019724	0.011628	1.0000	1/4
0.195199	0.533288	0.033666	0.009006	1.0000	0.035
0.272189	0.533430	0.019724	0.008721	1.0000	1/4
0.331361	0.526163	0.124260	0.008721	1.0000	316L secondary remelt
0.489152	0.524709	0.132150	0.011628	1.0000	VVR-MG4-TB4-L30-SLV
0.648915	0.524709	0.031558	0.010174	1.0000	(6.4)
0.715976	0.524709	0.029586	0.011628	1.0000	(4.6)
0.779093	0.524709	0.037475	0.011628	1.0000	(30.5)
0.847756	0.523737	0.034464	0.012238	1.0000	(351)
0.378698	0.513081	0.029586	0.008721	1.0000	316L
0.491124	0.513081	0.082840	0.008721	1.0000	VVR-MG8-TB4
0.652860	0.513081	0.025641	0.008721	1.0000	0.75
0.717949	0.513081	0.027613	0.008721	1.0000	0.18
0.786982	0.513081	0.025641	0.008721	1.0000	1.79
0.850099	0.513081	0.031558	0.008721	1.0000	4300
0.122288	0.504360	0.023669	0.011628	1.0000	1/4
0.193294	0.504360	0.035503	0.011628	1.0000	0.035
0.270217	0.505814	0.021696	0.010174	1.0000	1/2
0.331180	0.497946	0.124612	0.010900	1.0000	316L secondary remelt
0.491124	0.500000	0.106509	0.008721	1.0000	VVR-MG8-TB4-SLV
0.648915	0.498547	0.033531	0.008721	1.0000	(19.1)
0.715976	0.497093	0.029586	0.010174	1.0000	(4.6)
0.779093	0.497093	0.037475	0.011628	1.0000	(45.5)
0.850099	0.497093	0.031558	0.011628	1.0000	(296)
0.378698	0.485465	0.027613	0.008721	1.0000	316L
0.491124	0.485465	0.104536	0.008721	1.0000	VVR-MG8-TB4-L32
0.650888	0.484012	0.029586	0.011628	1.0000	0.75
0.717949	0.485465	0.027613	0.008721	1.0000	0.18
0.783037	0.484012	0.029586	0.011628	1.0000	1.28
0.850028	0.486750	0.031699	0.007605	1.0000	4300
0.124260	0.478198	0.019724	0.010174	1.0000	1/4
0.195266	0.479651	0.033531	0.008721	1.0000	0.035
0.270217	0.478198	0.021696	0.010174	1.0000	1/2
0.331361	0.470930	0.124260	0.010370	1.0000	316L secondary remelt
0.491124	0.472384	0.130178	0.008721	1.0000	VVR-MG8-TB4-L32-SLV
0.646943	0.469477	0.035503	0.011628	1.0000	(19.1)
0.715976	0.469477	0.029586	0.011628	1.0000	(4.6)
0.783037	0.472384	0.033531	0.008721	1.0000	(32.7)
0.850099	0.472384	0.031558	0.008721	1.0000	(296)
0.378698	0.459302	0.029586	0.007267	1.0000	316L
0.490919	0.457123	0.104964	0.011051	1.0000	VVR-MG8-TB4-L37
0.652860	0.459302	0.027613	0.007267	1.0000	0.75
0.715976	0.457849	0.029586	0.010174	1.0000	0.18
0.786982	0.457849	0.025641	0.010174	1.0000	1.47
0.850099	0.459302	0.031558	0.008721	1.0000	4300
0.124260	0.450581	0.019724	0.010174	1.0000	1/4
0.195266	0.452035	0.033531	0.008721	1.0000	0.035
0.272189	0.452035	0.019724	0.008721	1.0000	1/2
0.331361	0.444767	0.124260	0.008928	1.0000	316L secondary remelt
0.489152	0.443314	0.132150	0.011628	1.0000	VVR-MG8-TB4-L37-SLV
0.646943	0.443314	0.035503	0.010174	1.0000	(19.1)
0.715976	0.441860	0.029586	0.011628	1.0000	(4.6)
0.781065	0.443314	0.035503	0.010174	1.0000	(37.4)
0.850099	0.443314	0.031558	0.010174	1.0000	(296)
0.378698	0.431686	0.027613	0.008721	1.0000	316L
0.491124	0.431686	0.082840	0.008721	1.0000	VVR-MG8-TB6
0.650888	0.430233	0.029586	0.010174	1.0000	0.75
0.717949	0.431686	0.027613	0.008721	1.0000	0.31
0.786982	0.431686	0.025641	0.008721	1.0000	1.79
0.850099	0.431686	0.031558	0.008721	1.0000	3300
0.122288	0.422965	0.021696	0.010174	1.0000	3/8
0.193294	0.422965	0.035503	0.011628	1.0000	0.035
0.270217	0.422965	0.021696	0.010174	1.0000	1/2
0.331180	0.416550	0.124612	0.010900	1.0000	316L secondary remelt
0.491124	0.417151	0.106509	0.010174	1.0000	VVR-MG8-TB6-SLV
0.648915	0.417151	0.033531	0.008721	1.0000	(19.1)
0.717949	0.417151	0.027613	0.008721	1.0000	(7.9)
0.781065	0.417151	0.035503	0.010174	1.0000	(45.5)
0.850099	0.415698	0.031558	0.011628	1.0000	(227)
0.378698	0.404070	0.027613	0.008721	1.0000	316L
0.489152	0.402616	0.106509	0.010174	1.0000	VVR-MG8-TB6-L32
0.652860	0.404070	0.025641	0.008721	1.0000	0.25
0.717949	0.404070	0.027613	0.008721	1.0000	0.31
0.785010	0.402616	0.027613	0.011628	1.0000	1.29
0.850014	0.403912	0.029755	0.009037	1.0000	3300
0.126233	0.398256	0.017751	0.008721	1.0000	3/8
0.193294	0.396802	0.035503	0.010174	1.0000	0.035
0.270217	0.396802	0.021696	0.010174	1.0000	1/2
0.331361	0.389535	0.124260	0.008721	1.0000	316L secondary remelt
0.491124	0.390988	0.130178	0.008721	1.0000	VVR-MG8-TB6-L32-SLV
0.648915	0.388081	0.029586	0.011628	1.0000	(6.4)
0.715976	0.388081	0.029586	0.011628	1.0000	(7.9)
0.781065	0.388081	0.035503	0.011628	1.0000	(32.8)
0.850099	0.388081	0.031558	0.011628	1.0000	(227)
0.378698	0.377907	0.029586	0.007267	1.0000	316L
0.491124	0.376453	0.080868	0.008721	1.0000	VVR-MG8-TB8
0.652860	0.376453	0.025641	0.008721	1.0000	0.75
0.717949	0.376453	0.027613	0.008721	1.0000	0.40
0.785010	0.375000	0.027613	0.011628	1.0000	1.79
0.850099	0.377907	0.029586	0.008721	1.0000	3500
0.124260	0.369186	0.019724	0.010174	1.0000	1/2
0.195266	0.370640	0.031558	0.008721	1.0000	0.049
0.272189	0.370640	0.019724	0.008721	1.0000	1/2
0.333333	0.361919	0.122288	0.010299	1.0000	316L secondary remelt
0.489152	0.361919	0.108481	0.010174	1.0000	VVR-MG8-TB8-SLV
0.646943	0.360465	0.035503	0.011628	1.0000	(19.1)
0.712032	0.360465	0.037475	0.011628	1.0000	(10.2)
0.779093	0.361919	0.037475	0.010174	1.0000	(45.5)
0.848126	0.360465	0.033531	0.011628	1.0000	(241)
0.378698	0.350291	0.029586	0.008721	1.0000	316L
0.491124	0.350291	0.104536	0.008721	1.0000	VVR-MG8-TB8-L35
0.650888	0.348837	0.027613	0.010174	1.0000	0.38
0.717949	0.350291	0.027613	0.008721	1.0000	0.40
0.786982	0.350291	0.025641	0.008721	1.0000	1.41
0.848126	0.348837	0.033531	0.010174	1.0000	3500
0.122288	0.341570	0.023669	0.010174	1.0000	1/2
0.193294	0.343023	0.035503	0.008721	1.0000	0.049
0.270217	0.343023	0.021696	0.008721	1.0000	1/2
0.331155	0.334102	0.124671	0.011953	1.0000	316L secondary remelt
0.489152	0.334302	0.132150	0.011628	1.0000	VVR-MG8-TB8-L35-SLV
0.648915	0.332849	0.031558	0.013081	1.0000	(9.6)
0.712032	0.332849	0.037475	0.013081	1.0000	(10.2)
0.779093	0.332849	0.037475	0.013081	1.0000	(35.8)
0.848126	0.332849	0.035503	0.014535	1.0000	(241)
0.378698	0.322674	0.027613	0.008721	1.0000	316L
0.489152	0.319767	0.106509	0.013081	1.0000	VVR-MG8-TB8-L32
0.650888	0.319767	0.029586	0.013081	1.0000	0.25
0.715976	0.319767	0.029586	0.013081	1.0000	0.40
0.783037	0.321221	0.029586	0.011628	1.0000	1.29
0.848126	0.321221	0.033531	0.011628	1.0000	3500
0.126233	0.315407	0.017751	0.008721	1.0000	1/2
0.195266	0.315407	0.033531	0.008721	1.0000	0.049
0.272189	0.315407	0.019724	0.008721	1.0000	1/2
0.331361	0.308103	0.124260	0.010240	1.0000	316L secondary remelt
0.489152	0.306686	0.132150	0.011628	1.0000	VVR-MG8-TB8-L32-SLV
0.648915	0.306686	0.031558	0.011628	1.0000	(6.4)
0.712032	0.306686	0.037475	0.011628	1.0000	(10.2)
0.779093	0.306686	0.037475	0.011628	1.0000	(32.8)
0.848126	0.305233	0.033531	0.013081	1.0000	(241)
0.378698	0.296512	0.029586	0.007267	1.0000	316L
0.489152	0.293605	0.098619	0.011628	1.0000	VVR-MG12-TB12
0.650888	0.293605	0.029586	0.010174	1.0000	0.75
0.715976	0.293605	0.029586	0.011628	1.0000	0.65
0.783037	0.293605	0.029586	0.010174	1.0000	2.03
0.848126	0.293605	0.031558	0.011628	1.0000	2400
0.122288	0.287791	0.021696	0.010174	1.0000	3/4
0.195266	0.289244	0.033531	0.008721	1.0000	0.065
0.270217	0.287791	0.021696	0.010174	1.0000	3/4
0.331361	0.280499	0.124260	0.010240	1.0000	316L secondary remelt
0.489152	0.279070	0.122288	0.013081	1.0000	VVR-MG12-TB12-SLV
0.646943	0.279070	0.035503	0.011628	1.0000	(19.1)
0.712032	0.279070	0.037475	0.013081	1.0000	(16.5)
0.779093	0.279070	0.037475	0.013081	1.0000	(51.6)
0.848126	0.279070	0.033531	0.013081	1.0000	(165)
0.378698	0.268895	0.029586	0.008721	1.0000	316L
0.489152	0.265988	0.096647	0.011628	1.0000	VVR-MG16-TB16
0.650888	0.265988	0.029586	0.011628	1.0000	0.75
0.715976	0.265988	0.029586	0.011628	1.0000	0.87
0.783037	0.265988	0.029586	0.011628	1.0000	2.32
0.848126	0.265988	0.033531	0.011628	1.0000	2400
0.195266	0.261628	0.031558	0.008721	1.0000	0.065
0.331361	0.252894	0.126233	0.011641	1.0000	316L secondary remelt
0.489152	0.252907	0.122288	0.011628	1.0000	VVR-MG16-TB16-SLV
0.646943	0.251453	0.037475	0.011628	1.0000	(19.1)
0.712032	0.251453	0.037475	0.013081	1.0000	(22.1)
0.779093	0.251453	0.037475	0.013081	1.0000	(58.9)
0.846757	0.250461	0.038027	0.015197	1.0000	(165)
0.102564	0.215049	0.179487	0.008905	1.0000	not design for gasket retainer assembly
0.102564	0.204809	0.571992	0.010308	1.0000	* To order fittings manufactured for Surface Finish Ra(Average)0.4 add BA to the ordering number. Example: VVR-MG4-TB4-BA
0.102564	0.194568	0.725838	0.010374	1.0000	* Default process spec: VS001B. If ordering VS001A-spec fittings for VIGOUR Ultra-High Purity Products, add "p' to the order number. Example: VVR-MG4-TB4-P
0.763314	0.045058	0.130178	0.020349	1.0000	VIGOUR
0.923077	0.042151	0.013807	0.014535	1.0000	4
0.765145	0.033561	0.126577	0.011678	1.0000	we offer solutions regarding your ideas
#FILE	tmp/pdfs/fitting_dimension_audit/vups_ocr/ocr-08.png
0.078640	0.929965	0.233248	0.023476	1.0000	Face Seal Fittings
0.076857	0.905290	0.150034	0.023723	1.0000	VVR Series
0.086613	0.815020	0.083185	0.021122	1.0000	IGlands
0.106409	0.752634	0.086985	0.017988	1.0000	Male Weld
0.114398	0.713663	0.035503	0.014535	1.0000	Tube
0.203156	0.713663	0.029586	0.013081	1.0000	VFS
0.441815	0.715116	0.049310	0.010174	1.0000	Qrdering
0.607306	0.715032	0.110871	0.010397	1.0000	Dimensions, in.(mm)
0.785010	0.715049	0.094675	0.010242	1.0000	Working Pressure
0.118343	0.704942	0.025641	0.010174	1.0000	Size
0.205128	0.704942	0.025641	0.010174	1.0000	Size
0.295633	0.703106	0.049759	0.016754	1.0000	Material
0.441815	0.704942	0.047337	0.010174	1.0000	Number
0.804702	0.704831	0.055291	0.008942	1.0000	psig (bar)
0.122288	0.694767	0.015779	0.008721	1.0000	in.
0.209073	0.694767	0.015779	0.008721	1.0000	in.
0.599606	0.694767	0.011834	0.008721	1.0000	L
0.654832	0.696221	0.015779	0.007267	1.0000	L1
0.714004	0.696221	0.009862	0.008721	1.0000	D
0.798817	0.693314	0.017751	0.010174	1.0000	Ni
0.844181	0.694767	0.029586	0.008721	1.0000	316L
0.593688	0.677326	0.025641	0.008721	1.0000	0.70
0.652860	0.677326	0.025641	0.008721	1.0000	0.28
0.706114	0.677326	0.027613	0.008721	1.0000	0.06
0.792899	0.675872	0.031558	0.010174	1.0000	9000
0.842209	0.675872	0.035503	0.010174	1.0000	11200
0.120316	0.668605	0.021696	0.011628	1.0000	1/8
0.205128	0.668605	0.021696	0.011628	1.0000	1/8
0.301775	0.667151	0.035503	0.015988	1.0000	316L
0.416049	0.668140	0.087035	0.014011	1.0000	VVR-MG2-TW2
0.585799	0.661337	0.037475	0.011628	1.0000	(17.8)
0.648915	0.661337	0.029586	0.011628	1.0000	(7.1)
0.704142	0.661337	0.029586	0.011628	1.0000	(1.5)
0.790927	0.659884	0.033531	0.013081	1.0000	(620)
0.842209	0.661337	0.033531	0.011628	1.0000	(771)
0.591716	0.648256	0.027613	0.011628	1.0000	1.31
0.648915	0.648256	0.029586	0.011628	1.0000	0.28
0.704142	0.648256	0.027613	0.011628	1.0000	0.06
0.792899	0.648256	0.031558	0.011628	1.0000	8000
0.840237	0.648256	0.037475	0.011628	1.0000	10000
0.120316	0.642442	0.019724	0.008721	1.0000	1/8
0.207101	0.642442	0.019724	0.008721	1.0000	1/4
0.305720	0.642442	0.029586	0.008721	1.0000	316L
0.418146	0.642442	0.084813	0.010174	1.0000	VVR-MG4-TW2
0.585799	0.635174	0.037475	0.010174	1.0000	(33.3)
0.648915	0.633721	0.029586	0.013081	1.0000	(7.1)
0.704142	0.633721	0.029586	0.011628	1.0000	(1.5)
0.790927	0.633721	0.033531	0.013081	1.0000	(551)
0.842209	0.633721	0.033531	0.013081	1.0000	(689)
0.589744	0.620640	0.029586	0.011628	1.0000	1.31
0.650888	0.623547	0.027613	0.008721	1.0000	0.41
0.706114	0.623547	0.027613	0.008721	1.0000	0.12
0.790927	0.620640	0.033531	0.011628	1.0000	8000
0.840237	0.622093	0.037475	0.010174	1.0000	10000
0.120316	0.614826	0.019724	0.010174	1.0000	1/4
0.207101	0.616279	0.017751	0.007267	1.0000	1/4
0.305720	0.614826	0.029586	0.008721	1.0000	316L
0.416174	0.613372	0.086785	0.011628	1.0000	VVR-MG4-TW4
0.585799	0.606105	0.037475	0.011628	1.0000	(33.3)
0.644970	0.606105	0.037475	0.011628	1.0000	(10.4)
0.704142	0.607558	0.029586	0.010174	1.0000	(3.0)
0.790927	0.606105	0.033531	0.013081	1.0000	(551)
0.842209	0.606105	0.033531	0.011628	1.0000	(689)
0.589744	0.594477	0.029586	0.010174	1.0000	1.50
0.650888	0.595930	0.027613	0.008721	1.0000	0.41
0.706114	0.595930	0.025641	0.008721	1.0000	0.12
0.792899	0.593023	0.031558	0.011628	1.0000	3500
0.842209	0.594477	0.033531	0.011628	1.0000	4300
0.120316	0.588663	0.019724	0.008721	1.0000	1/4
0.207101	0.588663	0.019724	0.008721	1.0000	1/2
0.305720	0.588663	0.027613	0.008721	1.0000	316L
0.418146	0.588663	0.084813	0.008721	1.0000	VVR-MG8-TW4
0.587771	0.581395	0.035503	0.008721	1.0000	(38.1)
0.646943	0.581395	0.035503	0.008721	1.0000	(10.4)
0.704142	0.579942	0.029586	0.011628	1.0000	(3.0)
0.790927	0.578488	0.033531	0.013081	1.0000	(241)
0.842209	0.579942	0.033531	0.011628	1.0000	(296)
0.591716	0.566860	0.027613	0.010174	1.0000	1.50
0.648915	0.566860	0.029586	0.011628	1.0000	0.41
0.704142	0.566860	0.029586	0.011628	1.0000	0.28
0.792899	0.566860	0.031558	0.010174	1.0000	3500
0.842209	0.566860	0.033531	0.010174	1.0000	4300
0.120316	0.561047	0.019724	0.008721	1.0000	3/8
0.207101	0.561047	0.019724	0.008721	1.0000	1/2
0.305720	0.561047	0.029586	0.008721	1.0000	316L
0.420118	0.561047	0.082840	0.010174	1.0000	VVR-MG8-TW6
0.585799	0.552326	0.037475	0.011628	1.0000	(38.1)
0.644970	0.552326	0.037475	0.011628	1.0000	(10.4)
0.704142	0.552326	0.029586	0.013081	1.0000	(7.1)
0.790927	0.552326	0.033531	0.013081	1.0000	(241)
0.842209	0.552326	0.033531	0.011628	1.0000	(296)
0.589744	0.539244	0.029586	0.011628	1.0000	1.50
0.648915	0.540698	0.029586	0.010174	1.0000	0.50
0.706114	0.542151	0.027613	0.008721	1.0000	0.40
0.792819	0.539124	0.031720	0.011868	1.0000	3500
0.844181	0.540698	0.031558	0.008721	1.0000	3500
0.120316	0.533430	0.019724	0.008721	1.0000	1/2
0.205128	0.531977	0.021696	0.011628	1.0000	1/2
0.305720	0.533430	0.029586	0.008721	1.0000	316L
0.416174	0.531977	0.086785	0.011628	1.0000	VVR-MG8-TW8
0.585799	0.524709	0.037475	0.011628	1.0000	(38.1)
0.644970	0.524709	0.037475	0.011628	1.0000	(12.7)
0.700197	0.524709	0.037475	0.011628	1.0000	(10.2)
0.790927	0.524709	0.033531	0.011628	1.0000	(241)
0.842209	0.524709	0.033531	0.011628	1.0000	(241)
0.589744	0.511628	0.029586	0.011628	1.0000	2.00
0.648915	0.513081	0.029586	0.010174	1.0000	0.62
0.704142	0.513081	0.029586	0.011628	1.0000	0.53
0.790927	0.511628	0.033531	0.011628	1.0000	3000
0.842209	0.511628	0.033531	0.011628	1.0000	3700
0.120316	0.507267	0.019724	0.008721	1.0000	3/4
0.205128	0.507267	0.019724	0.008721	1.0000	3/4
0.303748	0.505814	0.029586	0.010174	1.0000	316L
0.420118	0.507267	0.096647	0.008721	1.0000	VVR-MG12-TW12
0.585799	0.498547	0.037475	0.011628	1.0000	(50.8)
0.644970	0.498547	0.037475	0.011628	1.0000	(15.7)
0.700197	0.498547	0.037475	0.011628	1.0000	(13.5)
0.790927	0.497093	0.035503	0.013081	1.0000	(206)
0.840237	0.498547	0.035503	0.011628	1.0000	(254)
0.591716	0.486919	0.027613	0.008721	1.0000	2.22
0.650888	0.486919	0.027613	0.008721	1.0000	0.81
0.706114	0.486919	0.025641	0.008721	1.0000	0.75
0.792899	0.485465	0.031558	0.010174	1.0000	2400
0.844181	0.486919	0.031558	0.008721	1.0000	3000
0.211045	0.479651	0.009862	0.010174	1.0000	1
0.305720	0.479651	0.027613	0.008721	1.0000	316L
0.416174	0.478198	0.100592	0.011628	1.0000	VVR-MG16-TW16
0.585799	0.470930	0.037475	0.011628	1.0000	(56.4)
0.644970	0.470930	0.037475	0.011628	1.0000	(20.6)
0.700197	0.470930	0.037475	0.011628	1.0000	(19.1)
0.790927	0.470930	0.033531	0.010174	1.0000	(165)
0.842209	0.470930	0.033531	0.011628	1.0000	(206)
0.078895	0.447462	0.731755	0.010387	1.0000	* Default process spec: VS001B. If ordering VS001A-spec fittings for VIGOUR Ultra-High Purity Products, add "P" to the order number. Example: VVR-MG4-TW4-P
0.106509	0.332849	0.110454	0.013100	1.0000	Tube Adapter
0.116371	0.287791	0.031558	0.008721	1.0000	Tube
0.210898	0.287533	0.027907	0.009237	1.0000	VFS
0.449348	0.286789	0.048123	0.010357	1.0000	Qrdering
0.601578	0.284884	0.114398	0.013081	1.0000	Dimensions, in. (mm)
0.777011	0.284422	0.098838	0.014004	1.0000	Working Pressure
0.118343	0.277616	0.027613	0.008721	1.0000	Size
0.213018	0.277616	0.025641	0.008721	1.0000	Size
0.311596	0.277498	0.045448	0.008958	1.0000	Material
0.449683	0.277553	0.047380	0.008848	1.0000	Number
0.798817	0.273256	0.057199	0.013081	1.0000	psig (bar)
0.122288	0.267442	0.017751	0.007267	1.0000	in.
0.216963	0.267442	0.015779	0.007267	1.0000	in.
0.595661	0.265988	0.011834	0.011628	1.0000	L
0.648915	0.264535	0.019724	0.013081	1.0000	L1
0.710059	0.267442	0.011834	0.008721	1.0000	D
0.794872	0.264535	0.019724	0.011628	1.0000	Ni
0.836292	0.264535	0.033531	0.011628	1.0000	316L
0.587771	0.247093	0.027613	0.011628	1.0000	1.62
0.644970	0.247093	0.029586	0.011628	1.0000	0.64
0.700197	0.247093	0.029586	0.011628	1.0000	0.17
0.788955	0.247093	0.033531	0.010174	1.0000	8000
0.836292	0.247093	0.039448	0.011628	1.0000	10000
0.120316	0.241279	0.019724	0.008721	1.0000	1/4
0.211045	0.239826	0.021696	0.010174	1.0000	1/4
0.319527	0.241279	0.027613	0.008721	1.0000	316L
0.431953	0.239826	0.096647	0.011628	1.0000	VVR-MTA4-TB04
0.583826	0.231105	0.039448	0.015988	1.0000	(41.0)
0.642998	0.232558	0.035503	0.011628	1.0000	(16.2)
0.700197	0.232558	0.029586	0.011628	1.0000	(4.3)
0.788955	0.231105	0.033531	0.013081	1.0000	(551)
0.838264	0.231105	0.035503	0.013081	1.0000	(689)
0.587771	0.218023	0.027613	0.013081	1.0000	1.81
0.646943	0.219477	0.027613	0.011628	1.0000	0.70
0.700197	0.219477	0.029586	0.011628	1.0000	0.27
0.788955	0.219477	0.033531	0.011628	1.0000	3500
0.840237	0.219477	0.031558	0.010174	1.0000	4300
0.118343	0.213663	0.021696	0.010174	1.0000	3/8
0.211045	0.212209	0.021696	0.011628	1.0000	1/2
0.319527	0.213663	0.029586	0.008721	1.0000	316L
0.431953	0.213663	0.096647	0.010174	1.0000	VVR-MTA8-TB06
0.583826	0.204942	0.037475	0.011628	1.0000	(46.0)
0.642998	0.204942	0.035503	0.011628	1.0000	(17.8)
0.700197	0.204942	0.031558	0.011628	1.0000	(6.8)
0.788955	0.204942	0.033531	0.011628	1.0000	(241)
0.838264	0.204942	0.033531	0.011628	1.0000	(296)
0.587771	0.191860	0.027613	0.011628	1.0000	1.94
0.644970	0.191860	0.029586	0.011628	1.0000	0.96
0.700197	0.191860	0.029586	0.011628	1.0000	0.37
0.788955	0.191860	0.031558	0.011628	1.0000	3500
0.840237	0.191860	0.031558	0.011628	1.0000	4300
0.120316	0.187500	0.019724	0.008721	1.0000	1/2
0.211045	0.186047	0.021696	0.010174	1.0000	1/2
0.319442	0.185888	0.029755	0.009037	1.0000	316L
0.433925	0.187500	0.094675	0.008721	1.0000	VVR-MTA8-TB08
0.583826	0.178779	0.037475	0.011628	1.0000	(49.3)
0.642998	0.177326	0.035503	0.013081	1.0000	(24.4)
0.700197	0.177326	0.029586	0.011628	1.0000	(9.4)
0.788955	0.177326	0.033531	0.011628	1.0000	(241)
0.838264	0.177326	0.035503	0.013081	1.0000	(296)
0.076901	0.157104	0.739705	0.013032	1.0000	* Default process spec: VS001B. If ordering VS001A-spec fittings for VIGOUR Ultra-High Purity Products, add "P" to the order number. Example: VVR-MTA4-TB04-P
0.065089	0.047965	0.009862	0.010174	1.0000	5
0.106509	0.045058	0.128205	0.018895	1.0000	VIGOUR
0.106509	0.037791	0.126233	0.004507	1.0000	we offer solutions regarding your ideas!
#FILE	tmp/pdfs/fitting_dimension_audit/vups_ocr/ocr-09.png
0.689937	0.929793	0.227642	0.022005	1.0000	Face Seal Fittings
0.775148	0.908281	0.143984	0.017809	1.0000	VVR Series
0.083454	0.812977	0.087217	0.021453	1.0000	IGlands
0.119946	0.763734	0.195942	0.020697	1.0000	Blind ( Undrilled) Gland
0.169625	0.722384	0.029586	0.013081	1.0000	VFS
0.544161	0.724339	0.049817	0.010162	1.0000	Qrdering
0.721640	0.723054	0.110864	0.011103	1.0000	Dimensions, in.(mm)
0.169625	0.712209	0.029586	0.013081	1.0000	Size
0.339250	0.712209	0.049310	0.014535	1.0000	Material
0.546351	0.715116	0.045365	0.008721	1.0000	Number
0.173570	0.702035	0.019724	0.011628	1.0000	in.
0.769231	0.703488	0.011834	0.008721	1.0000	L
0.759369	0.684593	0.029586	0.010174	1.0000	0.70
0.169625	0.677326	0.021696	0.011628	1.0000	1/8
0.345168	0.677326	0.033531	0.011628	1.0000	316L
0.534517	0.678779	0.059172	0.008721	1.0000	VVR-BG2
0.757396	0.670058	0.035503	0.010174	1.0000	(17.8)
0.761341	0.658430	0.027613	0.008721	1.0000	1.31
0.171598	0.652616	0.019724	0.008721	1.0000	1/4
0.345168	0.649709	0.033531	0.011628	1.0000	316L
0.534389	0.652122	0.059426	0.009710	1.0000	VVR-BG4
0.755424	0.643895	0.037475	0.010174	1.0000	(33.3)
0.761341	0.632267	0.027613	0.008721	1.0000	1.50
0.171598	0.625000	0.019724	0.008721	1.0000	1/2
0.345168	0.623547	0.031558	0.011628	1.0000	316L
0.534517	0.625000	0.059172	0.008721	1.0000	VVR-BG8
0.755424	0.616279	0.037475	0.010174	1.0000	(38.1)
0.759369	0.603198	0.029586	0.010174	1.0000	2.00
0.169625	0.595930	0.021696	0.011628	0.5000	₺/£
0.347140	0.597384	0.029586	0.010174	1.0000	316L
0.534389	0.596835	0.065344	0.009819	1.0000	VVR-BG12
0.755424	0.588663	0.037475	0.010174	1.0000	(50.8)
0.761341	0.577035	0.027613	0.008721	1.0000	2.22
0.347140	0.571221	0.029586	0.008721	1.0000	316L
0.534504	0.569722	0.065115	0.010265	1.0000	VVR-BG16
0.755424	0.561047	0.037475	0.011628	1.0000	(56.4)
0.078895	0.543605	0.706114	0.010269	1.0000	* Default process spec: VS001B. If ordering VS001A-spec fittings for VIGOUR Ultra-High Purity Products, add "p" to the order number. Example: VVR-BG4-P
0.765014	0.043019	0.176257	0.022124	1.0000	VIGOUR 6
0.765286	0.036337	0.128205	0.007296	1.0000	we offer solutions regarding your ideas!
#FILE	tmp/pdfs/fitting_dimension_audit/vups_ocr/ocr-10.png
0.078656	0.929983	0.233214	0.023358	1.0000	Face Seal Fittings
0.076691	0.905275	0.150340	0.022793	1.0000	VVR Series
0.086785	0.815407	0.080868	0.020349	1.0000	IBodies
0.106509	0.758682	0.193294	0.019145	1.0000	Tube Fitting Connector
0.110454	0.715116	0.037475	0.013081	1.0000	Tube
0.145957	0.715116	0.041420	0.013081	1.0000	VFS
0.380386	0.714215	0.053976	0.015678	1.0000	Qrdering
0.589744	0.718023	0.110454	0.008721	1.0000	Dimensions, in.(mm)
0.792899	0.716385	0.094675	0.010360	1.0000	Working Pressure
0.112426	0.704942	0.027613	0.011628	1.0000	Size
0.159763	0.704942	0.027613	0.011628	1.0000	Size
0.250414	0.704803	0.051440	0.016265	1.0000	Material
0.382643	0.704942	0.047337	0.013081	1.0000	Number
0.812623	0.706395	0.055227	0.008721	1.0000	psig (bar)
0.116371	0.694767	0.017751	0.010174	1.0000	in.
0.163708	0.696221	0.017751	0.008721	1.0000	in.
0.526627	0.696221	0.009862	0.008721	1.0000	L
0.570020	0.697674	0.015779	0.008721	1.0000	L1
0.617357	0.697674	0.009862	0.008721	1.0000	T
0.751479	0.697674	0.011834	0.008721	1.0000	G
0.810651	0.696221	0.013807	0.007267	1.0000	Ni
0.845776	0.695297	0.030420	0.009690	1.0000	316L
0.518738	0.677326	0.027613	0.010174	1.0000	1.53
0.566075	0.678779	0.025641	0.008721	1.0000	0.60
0.611440	0.678779	0.025641	0.008721	1.0000	0.50
0.656805	0.678779	0.025641	0.008721	1.0000	0.09
0.802761	0.678779	0.031558	0.008721	1.0000	8000
0.844181	0.678779	0.037475	0.008721	1.0000	10000
0.114398	0.668605	0.023669	0.013081	1.0000	1/8
0.157791	0.668605	0.023669	0.013081	1.0000	1/4
0.256410	0.668605	0.035503	0.013081	1.0000	316L
0.370609	0.668026	0.083239	0.017146	1.0000	VVR-TFC4-02
0.702170	0.670058	0.021696	0.010174	1.0000	5/8
0.743590	0.671512	0.027613	0.008721	1.0000	7/16
0.514793	0.662791	0.035503	0.010174	1.0000	(38.9)
0.558185	0.662791	0.037475	0.011628	1.0000	(15.2)
0.605523	0.662791	0.037475	0.011628	1.0000	(12.7)
0.654832	0.664244	0.027613	0.010174	1.0000	(2.3)
0.800597	0.661812	0.034286	0.012238	1.0000	(551)
0.844181	0.662791	0.035503	0.010174	1.0000	(689)
0.516765	0.648256	0.029586	0.011628	1.0000	1.62
0.562130	0.649709	0.029586	0.011628	1.0000	0.70
0.611440	0.651163	0.025641	0.008721	1.0000	0.60
0.654832	0.651163	0.027613	0.008721	1.0000	0.18
0.800789	0.649709	0.033531	0.011628	1.0000	8000
0.840237	0.651163	0.041420	0.008721	1.0000	10000
0.114398	0.642442	0.023669	0.011628	1.0000	1/4
0.142012	0.642442	0.039448	0.013081	1.0000	1/4
0.258383	0.640988	0.031558	0.013081	1.0000	316L
0.370809	0.640988	0.078895	0.013081	1.0000	VVR-TFC4-04
0.704142	0.643895	0.019724	0.008721	1.0000	5/8
0.741617	0.642442	0.029586	0.011628	1.0000	9/16
0.516765	0.636628	0.084813	0.010300	1.0000	(41.1) (17.8)
0.599606	0.635174	0.043393	0.011628	1.0000	(15.2)
0.646943	0.635174	0.035503	0.011628	1.0000	(4.6)
0.800789	0.633721	0.035503	0.013081	1.0000	(551)
0.840237	0.635174	0.039448	0.011628	1.0000	(689)
0.516765	0.622093	0.027613	0.011628	1.0000	1.84
0.562130	0.622093	0.029586	0.011628	1.0000	0.76
0.607495	0.622093	0.029586	0.011628	1.0000	0.66
0.654832	0.623547	0.027613	0.008721	1.0000	0.28
0.800789	0.622093	0.031558	0.011628	1.0000	3500
0.842209	0.622093	0.035503	0.011628	1.0000	4300
0.114398	0.614826	0.021696	0.011628	1.0000	3/8
0.155819	0.614826	0.025641	0.011628	1.0000	1/2
0.258383	0.614826	0.031558	0.011628	1.0000	316L
0.370809	0.614826	0.080868	0.011628	1.0000	VVR-TFC8-06
0.696252	0.617542	0.076923	0.008911	1.0000	15/16 11/16
0.516765	0.609012	0.126233	0.010312	1.0000	(46.7) (19.3) (16.8)
0.648915	0.607558	0.033531	0.011628	1.0000	(7.1)
0.804677	0.608782	0.075063	0.010635	1.0000	(241) (296)
0.518738	0.597384	0.025641	0.008721	1.0000	1.95
0.564103	0.597384	0.027613	0.008721	1.0000	0.86
0.611440	0.597384	0.025641	0.008721	1.0000	0.90
0.654832	0.597384	0.027613	0.008721	1.0000	0.40
0.802761	0.597384	0.029586	0.008721	1.0000	3500
0.846154	0.597384	0.031558	0.008721	1.0000	4300
0.114398	0.587209	0.021696	0.013081	1.0000	1/2
0.153846	0.587209	0.027613	0.013081	1.0000	1/2
0.258360	0.587180	0.031603	0.013140	1.0000	316L
0.370719	0.586902	0.081047	0.013696	1.0000	VVR-TFC8-08
0.696252	0.590116	0.033531	0.008721	1.0000	15/16
0.747535	0.590116	0.019724	0.008721	1.0000	7/8
0.514793	0.582849	0.033531	0.008721	1.0000	(49.5)
0.560158	0.581395	0.035503	0.011628	1.0000	(21.8)
0.605523	0.581395	0.037475	0.010174	1.0000	(22.9)
0.650888	0.582849	0.035503	0.008721	1.0000	(10.2)
0.802761	0.582849	0.031558	0.008721	1.0000	(241)
0.846154	0.581395	0.031558	0.011628	1.0000	(296)
0.074951	0.552326	0.725838	0.013124	1.0000	* Default process spec: VS001B. If ordering VS001A-spec fittings for VIGOUR Ultra-High Purity Products, add "P to the order number. Example: VVR-TFC4-02-P
0.108481	0.417151	0.266272	0.016063	1.0000	Tube Fitting Bulkhead Connector
0.102564	0.373547	0.035503	0.011628	1.0000	Tube
0.140039	0.373547	0.039448	0.011628	1.0000	VFS
0.372781	0.372093	0.047337	0.011628	1.0000	Qrdering
0.589744	0.374889	0.110454	0.008905	1.0000	Dimensions, in.(mm)
0.792899	0.374889	0.094675	0.008905	1.0000	Working Pressure
0.106509	0.361919	0.029586	0.011628	1.0000	Size
0.149901	0.361919	0.031558	0.011628	1.0000	Size
0.236458	0.361457	0.047794	0.014004	1.0000	Material
0.374634	0.363127	0.043630	0.012118	1.0000	Number
0.812623	0.363313	0.055227	0.010240	1.0000	psig (bar)
0.112426	0.353198	0.015779	0.008721	1.0000	in.
0.157791	0.353198	0.017751	0.008721	1.0000	in.
0.502959	0.354651	0.009862	0.008721	1.0000	L
0.546351	0.354651	0.015779	0.008721	1.0000	L1
0.593688	0.354651	0.009862	0.010174	1.0000	T
0.637081	0.354651	0.011834	0.008721	1.0000	D
0.719921	0.354651	0.017751	0.008721	1.0000	F1
0.757396	0.354651	0.011834	0.008721	1.0000	G
0.810651	0.353198	0.015779	0.008721	1.0000	Ni
0.846154	0.353198	0.029586	0.008721	1.0000	316L
0.493097	0.334302	0.029586	0.010174	1.0000	2.25
0.540434	0.334302	0.027613	0.010174	1.0000	1.32
0.585799	0.334302	0.029586	0.010174	1.0000	0.60
0.631164	0.335756	0.027613	0.008721	1.0000	0.18
0.800789	0.334302	0.033531	0.010174	1.0000	8000
0.840237	0.334302	0.041420	0.010174	1.0000	10000
0.108481	0.327035	0.019724	0.011628	1.0000	1/4
0.147929	0.327035	0.027613	0.011628	1.0000	1/4
0.244576	0.327035	0.033531	0.011628	1.0000	316L
0.338860	0.324860	0.089608	0.015882	1.0000	VVR-TFBC4-04
0.678501	0.327035	0.021696	0.011628	1.0000	5/8
0.715976	0.327035	0.023669	0.011628	1.0000	5/8
0.745562	0.327035	0.031558	0.011628	1.0000	9/16
0.491124	0.319767	0.037475	0.011628	1.0000	(57.2)
0.536489	0.319767	0.037475	0.011628	1.0000	(33.5)
0.581854	0.319767	0.037475	0.011628	1.0000	(15.2)
0.629191	0.319767	0.031558	0.011628	1.0000	(4.6)
0.800789	0.318314	0.033531	0.013081	1.0000	(551)
0.840237	0.319767	0.039448	0.011628	1.0000	(689)
0.495069	0.308140	0.025641	0.008721	1.0000	1.88
0.540434	0.306686	0.027613	0.010174	1.0000	1.05
0.585799	0.306686	0.029586	0.010174	1.0000	0.60
0.631164	0.308140	0.027613	0.008721	1.0000	0.18
0.802761	0.306686	0.076923	0.010322	1.0000	8000 10000
0.110454	0.300872	0.025641	0.010174	1.0000	1/4
0.136095	0.302326	0.037475	0.008721	1.0000	1/4
0.245479	0.298763	0.033922	0.013320	1.0000	316L
0.341223	0.299419	0.110454	0.011628	1.0000	VVR-TFBC4-04-L47
0.678501	0.299419	0.021696	0.011628	1.0000	5/8
0.715976	0.299419	0.023669	0.011628	1.0000	5/8
0.745562	0.299419	0.031558	0.011628	1.0000	9/16
0.491124	0.293605	0.041420	0.010174	1.0000	(47.8)
0.534517	0.292151	0.043393	0.011628	1.0000	(26.7)
0.575937	0.292151	0.043393	0.011628	1.0000	(15.2)
0.621302	0.292151	0.039448	0.011628	1.0000	(4.6)
0.800733	0.291944	0.079007	0.012043	1.0000	(551) (689)
0.493097	0.279070	0.027613	0.011628	1.0000	2.54
0.540434	0.279070	0.027613	0.011628	1.0000	1.45
0.585799	0.279070	0.029586	0.011628	1.0000	0.66
0.629191	0.279070	0.029586	0.011628	1.0000	0.28
0.800789	0.279070	0.031558	0.011628	1.0000	3500
0.840237	0.279070	0.037475	0.011628	1.0000	4300
0.108481	0.273256	0.019724	0.010174	1.0000	3/8
0.153846	0.274709	0.019724	0.008721	1.0000	1/2
0.246548	0.273256	0.031558	0.010174	1.0000	316L
0.341024	0.272181	0.087185	0.012278	1.0000	VVR-TFBC8-06
0.672584	0.274709	0.106509	0.008906	1.0000	15/16 3/4 11/16
0.491124	0.265988	0.037475	0.010174	1.0000	(64.5)
0.534517	0.265988	0.041420	0.011628	1.0000	(36.8)
0.579854	0.265872	0.078950	0.010406	1.0000	(16.8) (7.1)
0.800607	0.264087	0.079279	0.012978	1.0000	(241) (296)
0.495069	0.254360	0.025641	0.008721	1.0000	2.74
0.542406	0.254360	0.025641	0.008721	1.0000	1.65
0.587771	0.254360	0.027613	0.008721	1.0000	0.90
0.631164	0.254360	0.027613	0.008721	1.0000	0.40
0.800789	0.252907	0.033531	0.010174	1.0000	3500
0.844181	0.254360	0.033531	0.008721	1.0000	4300
0.106509	0.245640	0.023669	0.011628	1.0000	1/2
0.149901	0.247093	0.023669	0.010174	1.0000	1/2
0.246548	0.245640	0.031558	0.011628	1.0000	316L
0.341172	0.244002	0.086886	0.013449	1.0000	VVR-TFBC8-08
0.670611	0.245640	0.102564	0.011707	1.0000	15/16 15/16 7/8
0.493097	0.239826	0.033531	0.008721	1.0000	(69.6)
0.534517	0.238372	0.039448	0.011628	1.0000	(41.9)
0.581854	0.238372	0.037475	0.011628	1.0000	(22.9)
0.625247	0.239826	0.037475	0.010174	1.0000	(10.2)
0.802761	0.238372	0.033531	0.011628	1.0000	(241)
0.838264	0.238372	0.041420	0.011628	1.0000	(296)
0.076923	0.212209	0.731755	0.011744	1.0000	* Default process spec: VS001B. If ordering VS001A-spec fittings for VIGOUR Ultra-High Purity Products, add "P" to the order number. Example: VVR-TFBC4-04-P
0.061144	0.047965	0.013807	0.010174	1.0000	7
0.106456	0.044863	0.128310	0.019285	1.0000	VIGOUR
0.106509	0.036337	0.128205	0.007296	1.0000	we offer solutions regarding your ideas!
#FILE	tmp/pdfs/fitting_dimension_audit/vups_ocr/ocr-11.png
0.687832	0.928130	0.229937	0.025004	1.0000	Face Seal Fittings
0.774977	0.907442	0.144381	0.019118	1.0000	VVR Series
0.091854	0.811764	0.086440	0.019701	1.0000	• Bodies
0.124260	0.755814	0.187377	0.017561	1.0000	Male Reducing Union •
0.118343	0.713663	0.029586	0.013081	1.0000	VFS
0.199211	0.713663	0.029586	0.013081	1.0000	VFS
0.408284	0.713663	0.049310	0.013081	1.0000	Qrdering
0.577711	0.714670	0.110842	0.010732	1.0000	Dimensions, in.(mm)
0.785010	0.715049	0.096647	0.010242	1.0000	Working Pressure
0.122288	0.704942	0.025641	0.008721	1.0000	Size
0.201183	0.703488	0.027613	0.011628	1.0000	Size
0.280079	0.703488	0.049310	0.015988	1.0000	Material
0.408205	0.703304	0.049468	0.011996	1.0000	Number
0.806614	0.704613	0.055412	0.009379	1.0000	psig (bar)
0.205128	0.693314	0.019724	0.011628	1.0000	in.
0.548323	0.694767	0.009862	0.010174	1.0000	L
0.605523	0.696221	0.011834	0.008721	1.0000	T
0.662722	0.696221	0.009862	0.008721	1.0000	D
0.714004	0.696221	0.017751	0.008721	1.0000	D1
0.804734	0.693314	0.013807	0.008721	1.0000	Ni
0.846154	0.694767	0.029586	0.008721	1.0000	316L
0.540434	0.677326	0.025641	0.008721	1.0000	1.31
0.599606	0.677326	0.025641	0.008721	1.0000	0.10
0.654832	0.677326	0.025641	0.008721	1.0000	0.09
0.710059	0.677326	0.025641	0.008721	1.0000	0.35
0.794872	0.675872	0.031558	0.010174	1.0000	8000
0.846154	0.675872	0.031558	0.010174	1.0000	8000
0.122288	0.668605	0.023669	0.011628	1.0000	1/4
0.201183	0.668605	0.021696	0.011628	1.0000	1/8
0.285996	0.667151	0.035503	0.015988	1.0000	316L
0.394442	0.665591	0.088828	0.016202	1.0000	WR-RMU4-2°
0.532544	0.661337	0.039448	0.010174	1.0000	(33.3)
0.597633	0.661337	0.029586	0.011628	1.0000	(2.5)
0.652860	0.661337	0.029586	0.011628	1.0000	(2.3)
0.706114	0.661337	0.031558	0.011628	1.0000	(8.9)
0.794872	0.661337	0.033531	0.011628	1.0000	(551)
0.846154	0.661337	0.033531	0.011628	1.0000	(551)
0.538462	0.649709	0.027613	0.008721	1.0000	1.50
0.597633	0.648256	0.029586	0.011628	1.0000	0.28
0.654832	0.649709	0.025641	0.008721	1.0000	0.18
0.708087	0.649709	0.027613	0.008721	1.0000	0.40
0.792899	0.648256	0.033531	0.010174	1.0000	3500
0.844181	0.648256	0.033531	0.011628	1.0000	3500
0.122288	0.640988	0.021696	0.011628	1.0000	1/2
0.203156	0.643895	0.019724	0.008721	1.0000	1/4
0.285996	0.640988	0.033531	0.011628	1.0000	316L
0.394477	0.639535	0.080868	0.010174	1.0000	VVR-RMU8-4
0.534517	0.635174	0.037475	0.010174	1.0000	(38.1)
0.597633	0.633721	0.029586	0.011628	1.0000	(7.1)
0.652860	0.635174	0.029586	0.011628	1.0000	(4.6)
0.706114	0.636628	0.035503	0.008721	1.0000	(10.2)
0.794872	0.635174	0.033531	0.010174	1.0000	(241)
0.848126	0.636628	0.029586	0.008721	1.0000	(241)
0.090730	0.611754	0.477318	0.010339	1.0000	D VFS components with fixed threads must remain stationary during installation. These fitting connections
0.106509	0.603198	0.355030	0.010337	1.0000	should be assembled only to glands with rotating male or female threaded nuts.
0.090730	0.584150	0.209073	0.011781	1.0000	1 Not designed for gasket retainer assembly.
0.090730	0.568121	0.721893	0.012021	1.0000	* Default process spec: VS001B. If ordering VS001A-spec fittings for VIGOUR Ultra-High Purity Products, add "P" to the order number. Example: VVR-RMU4-2-P
0.124260	0.427326	0.185404	0.013081	1.0000	Male Bulkhead Union •
0.120316	0.383721	0.027613	0.011628	1.0000	VFS
0.377972	0.381810	0.050865	0.013993	1.0000	Qrdering
0.583826	0.386465	0.110454	0.008905	1.0000	Dimensions, in.(mm)
0.785010	0.385129	0.098619	0.010240	1.0000	Working Pressure
0.122288	0.375000	0.025641	0.010174	1.0000	Size
0.226824	0.373547	0.049310	0.011628	1.0000	Material
0.380624	0.373443	0.047431	0.011836	1.0000	Number
0.806576	0.374530	0.055487	0.009661	1.0000	psig (bar)
0.126233	0.364826	0.017751	0.008721	1.0000	in.
0.534517	0.366279	0.009862	0.010174	1.0000	L
0.577909	0.363372	0.019724	0.011628	1.0000	L1
0.633136	0.366279	0.011834	0.008721	1.0000	D
0.725838	0.366279	0.017751	0.008721	1.0000	F1
0.804734	0.364826	0.017751	0.008721	1.0000	Ni
0.850099	0.364826	0.019724	0.008721	1.0000	SS
0.524655	0.344477	0.027613	0.011628	1.0000	2.23
0.573964	0.344477	0.029586	0.011628	1.0000	1.30
0.623274	0.345930	0.029586	0.010174	1.0000	0.18
0.796693	0.344237	0.033833	0.012108	1.0000	8000
0.842209	0.344477	0.037475	0.011628	1.0000	10000
0.122288	0.338663	0.023669	0.010174	1.0000	1/4
0.237412	0.336578	0.033923	0.014749	1.0000	316L
0.358914	0.337040	0.067182	0.013421	1.0000	VVR-MBU4
0.674556	0.338663	0.023669	0.010174	1.0000	3/4
0.721893	0.338663	0.023669	0.011628	1.0000	3/4
0.522682	0.329942	0.035503	0.013081	1.0000	(56.6)
0.569102	0.329472	0.041179	0.014316	1.0000	(33.0)
0.623274	0.331395	0.031558	0.010174	1.0000	(4.6)
0.798817	0.329942	0.031558	0.011628	1.0000	(551)
0.844181	0.331395	0.035503	0.010174	1.0000	(689)
0.524655	0.316860	0.029586	0.011628	1.0000	1.82
0.573964	0.316860	0.029586	0.011628	1.0000	0.99
0.623274	0.318314	0.029586	0.010174	1.0000	0.18
0.798817	0.318314	0.031558	0.010174	1.0000	8000
0.840237	0.316860	0.039448	0.011628	1.0000	10000
0.124260	0.311047	0.021696	0.011628	1.0000	1/4
0.238555	0.312306	0.029793	0.009108	1.0000	316L
0.358974	0.312500	0.088757	0.010174	1.0000	VVR-MBU4-L46
0.676529	0.311047	0.021696	0.011628	1.0000	3/4
0.723866	0.311047	0.021696	0.011628	1.0000	3/4
0.522682	0.303779	0.033531	0.011628	1.0000	(46.2)
0.564103	0.303779	0.043393	0.010174	1.0000	(25.1)
0.619329	0.303779	0.035503	0.011628	1.0000	(4.6)
0.798817	0.302326	0.033531	0.013081	1.0000	(551)
0.842209	0.303779	0.037475	0.010174	1.0000	(689)
0.526627	0.292151	0.025641	0.008721	1.0000	2.57
0.575937	0.290698	0.027613	0.010174	1.0000	1.48
0.625247	0.292151	0.027613	0.008721	1.0000	0.40
0.798817	0.290698	0.031558	0.010174	1.0000	3500
0.844181	0.290698	0.033531	0.010174	1.0000	4300
0.124260	0.283430	0.019724	0.011628	1.0000	1/2
0.238659	0.286337	0.029586	0.007267	1.0000	316L
0.360947	0.286337	0.063116	0.008721	1.0000	VVR-MBU8
0.670611	0.284884	0.082840	0.010308	1.0000	1-1/16 1-1/16
0.522682	0.276163	0.037475	0.011628	1.0000	(65.3)
0.562130	0.277616	0.045365	0.010174	1.0000	(37.6)
0.613412	0.276163	0.045365	0.011628	1.0000	(10.2)
0.798218	0.275175	0.032775	0.012293	1.0000	(241)
0.838264	0.276163	0.041420	0.011628	1.0000	(296)
0.524655	0.263081	0.029586	0.011628	1.0000	2.14
0.577909	0.265988	0.025641	0.008721	1.0000	1.11
0.626758	0.264993	0.028458	0.009835	1.0000	0.40
0.798817	0.263081	0.031558	0.011628	1.0000	3500
0.844181	0.263081	0.033531	0.011628	1.0000	4300
0.122288	0.255814	0.021696	0.011628	1.0000	1/2
0.237784	0.256874	0.031594	0.011604	1.0000	316L
0.358844	0.255318	0.089017	0.014073	1.0000	VVR-MBU8-L54
0.668639	0.255814	0.084813	0.011773	1.0000	1-1/16 1-1/16
0.522682	0.248547	0.033531	0.011628	1.0000	(54.4)
0.571992	0.248547	0.035503	0.011628	1.0000	(28.2)
0.617357	0.248547	0.041420	0.011628	1.0000	(10.2)
0.798817	0.248547	0.033531	0.011628	1.0000	(241)
0.842209	0.248547	0.037475	0.011628	1.0000	(296)
0.086785	0.228198	0.477318	0.008721	1.0000	I VFS components with fixed threads must remain stationary during installation. These fitting connections
0.100525	0.216933	0.355157	0.011579	1.0000	should be assembled only to glands with rotating male or female threaded nuts.
0.086785	0.200581	0.712032	0.010174	1.0000	* Default process spec: VS001B. If ordering VS001A-spec fittings for VIGOUR Ultra-High Purity Products, add "P" to the order number. Example: VVR-MBU4-P
0.765258	0.044961	0.128262	0.020544	1.0000	VIGOUR
0.923077	0.042151	0.015779	0.013081	1.0000	8
0.765286	0.036337	0.128205	0.008721	1.0000	we offer solutions regarding your ideas!
#FILE	tmp/pdfs/fitting_dimension_audit/vups_ocr/ocr-12.png
0.078656	0.929983	0.233214	0.023358	1.0000	Face Seal Fittings
0.076866	0.905310	0.150015	0.022229	1.0000	VVR Series
0.086623	0.815043	0.083165	0.021077	1.0000	IBodies
0.104536	0.729651	0.248521	0.017455	1.0000	Male NPT Bulkhead Connector
0.102528	0.685938	0.071079	0.013298	1.0000	NPT VFS
0.358974	0.684593	0.031558	0.013081	1.0000	rderin
0.577909	0.688780	0.110454	0.008905	1.0000	Dimensions, in.(mm)
0.802761	0.687444	0.094675	0.010240	1.0000	Working Pressure
0.106509	0.678779	0.029586	0.008721	1.0000	Size
0.145957	0.675872	0.027613	0.013081	1.0000	Size
0.222789	0.675698	0.051462	0.014883	1.0000	Material
0.360947	0.677326	0.027613	0.011628	1.0000	lumbe
0.822438	0.677162	0.055321	0.009048	1.0000	psig (bar)
0.110454	0.667151	0.015779	0.008721	1.0000	in.
0.149901	0.665698	0.019724	0.010174	1.0000	in.
0.481262	0.667151	0.009862	0.010174	1.0000	L
0.518738	0.668605	0.017751	0.008721	1.0000	L1
0.564103	0.668605	0.017751	0.008721	1.0000	L2
0.607495	0.668605	0.011834	0.008721	1.0000	D
0.646943	0.668605	0.023669	0.008721	1.0000	D1
0.712032	0.668605	0.029586	0.008721	1.0000	F1
0.763314	0.668605	0.011834	0.008721	1.0000	T
0.820513	0.667151	0.015779	0.008721	1.0000	Ni
0.859961	0.667151	0.031558	0.008721	1.0000	316L
0.471400	0.649709	0.029586	0.008721	1.0000	2.21
0.514793	0.649709	0.027613	0.008721	1.0000	0.62
0.560158	0.649709	0.025641	0.008721	1.0000	0.56
0.599606	0.649709	0.031558	0.008721	1.0000	0.18
0.641026	0.649709	0.029586	0.008721	1.0000	0.28
0.755424	0.649709	0.027613	0.008721	1.0000	1.24
0.814596	0.649709	0.031558	0.007267	1.0000	8000
0.861933	0.649709	0.029586	0.008721	1.0000	8000
0.106509	0.640988	0.025641	0.010174	1.0000	1/4
0.132150	0.642442	0.035503	0.008721	1.0000	1/4
0.230769	0.639535	0.033531	0.013081	1.0000	316L
0.331326	0.639410	0.086854	0.013332	1.0000	VVR-MBC4-M4
0.680473	0.643811	0.069034	0.007569	1.0000	13/16 13/16
0.469428	0.635174	0.035503	0.008721	1.0000	(56.1)
0.508876	0.635174	0.035503	0.008721	1.0000	(15.7)
0.556213	0.635174	0.033531	0.008721	1.0000	(14.2)
0.599606	0.635174	0.029586	0.008721	1.0000	(4.6)
0.642998	0.635174	0.027613	0.008721	1.0000	(7.1)
0.751479	0.635174	0.035503	0.008721	1.0000	(31.5)
0.814596	0.633721	0.031558	0.010174	1.0000	(551)
0.861933	0.635174	0.029586	0.008721	1.0000	(551)
0.473373	0.622093	0.025641	0.008721	1.0000	2.34
0.514793	0.622093	0.027613	0.008721	1.0000	0.75
0.560158	0.622093	0.025641	0.008721	1.0000	0.56
0.601578	0.622093	0.025641	0.008721	1.0000	0.40
0.644970	0.622093	0.025641	0.008721	1.0000	0.28
0.755424	0.622093	0.027613	0.008721	1.0000	1.24
0.814596	0.622093	0.029586	0.008721	1.0000	3500
0.861933	0.622093	0.029586	0.008721	1.0000	4300
0.104423	0.613030	0.063343	0.012312	1.0000	1/4 1/2
0.230769	0.613372	0.033531	0.011628	1.0000	316L
0.331275	0.611604	0.086956	0.013711	1.0000	VVR-MBC8-M4
0.680172	0.614690	0.069649	0.010653	1.0000	15/16 13/16
0.469359	0.607268	0.077061	0.010754	1.0000	(59.4) (19.1)
0.556213	0.607558	0.039448	0.010174	1.0000	(14.2)
0.595661	0.607558	0.035503	0.010174	1.0000	(10.2)
0.642998	0.606105	0.027613	0.010174	1.0000	(7.1)
0.749507	0.607558	0.037475	0.010174	1.0000	(31.5)
0.816568	0.607558	0.029586	0.010174	1.0000	(241)
0.863905	0.609012	0.027613	0.008721	1.0000	(296)
0.082840	0.579942	0.731755	0.011777	1.0000	* Default process spec: VS001B. If ordering VS001A-spec fittings for VIGOUR Ultra-High Purity Products, add "P' to the order number. Example: VVR-MBC4-M4-P
0.106509	0.437500	0.303748	0.014535	1.0000	Tube Butt Weld Bulkhead Connector •
0.116371	0.386628	0.031558	0.011628	1.0000	Tube
0.165680	0.388081	0.027613	0.011628	1.0000	VFS
0.392505	0.385174	0.049310	0.013081	1.0000	Qrdering
0.595661	0.389535	0.110454	0.008721	1.0000	Dimensions, in.(mm)
0.798817	0.388081	0.096647	0.010174	1.0000	Working Pressure
0.122288	0.379360	0.025641	0.008721	1.0000	Size
0.165680	0.377907	0.029586	0.010174	1.0000	Size
0.254438	0.376453	0.047337	0.013081	1.0000	Material
0.392443	0.376327	0.049433	0.013335	1.0000	Number
0.820513	0.377907	0.053254	0.010339	1.0000	psig (bar)
0.122288	0.366279	0.019724	0.010174	1.0000	in.
0.169625	0.366279	0.019724	0.010174	1.0000	in.
0.532544	0.367733	0.009862	0.010174	1.0000	L
0.575937	0.369186	0.017751	0.007267	1.0000	L1
0.623274	0.369186	0.009862	0.008721	1.0000	T
0.666667	0.369186	0.011834	0.008721	1.0000	D
0.710059	0.367733	0.019724	0.010174	1.0000	D1
0.757396	0.367733	0.011834	0.010174	1.0000	F
0.814596	0.366279	0.017751	0.010174	1.0000	Ni
0.852071	0.367733	0.029586	0.008721	1.0000	316L
0.524655	0.350291	0.027613	0.008721	1.0000	2.36
0.571992	0.350291	0.025641	0.008721	1.0000	1.30
0.619329	0.350291	0.025641	0.008721	1.0000	0.75
0.662722	0.350291	0.025641	0.008721	1.0000	0.18
0.706114	0.350291	0.027613	0.008721	1.0000	0.22
0.808679	0.348837	0.031558	0.010174	1.0000	5100
0.854043	0.350291	0.029586	0.008721	1.0000	5100
0.120316	0.340116	0.021696	0.011628	1.0000	1/4
0.163708	0.341570	0.023669	0.011628	1.0000	1/4
0.260355	0.340116	0.033531	0.013081	1.0000	316L
0.356934	0.339840	0.096782	0.013634	1.0000	VVR-TBBC4-TB4
0.751479	0.341570	0.021696	0.010174	1.0000	3/4
0.518738	0.334302	0.037475	0.011628	1.0000	(59.9)
0.564103	0.335756	0.039448	0.008721	1.0000	(33.0)
0.613412	0.335756	0.037475	0.008721	1.0000	(19.1)
0.648915	0.335756	0.041420	0.008721	1.0000	(4.6)
0.704142	0.335756	0.029586	0.008721	1.0000	(5.6)
0.806706	0.334302	0.033531	0.011628	1.0000	(351)
0.854043	0.335756	0.029586	0.010174	1.0000	(351)
0.522682	0.321221	0.029586	0.011628	1.0000	1.95
0.571992	0.322674	0.025641	0.008721	1.0000	0.99
0.619329	0.322674	0.025641	0.008721	1.0000	0.75
0.662722	0.324128	0.025641	0.007267	1.0000	0.18
0.706114	0.322674	0.025641	0.008721	1.0000	0.22
0.810651	0.322674	0.029586	0.008721	1.0000	5100
0.854043	0.322674	0.029586	0.008721	1.0000	5100
0.122151	0.316268	0.065363	0.009907	1.0000	1/4 1/4
0.262327	0.316860	0.029586	0.008721	1.0000	316L
0.357002	0.316860	0.120316	0.008721	1.0000	VVR-TBBC4-TB4-L49
0.751479	0.313953	0.021696	0.011628	1.0000	3/4
0.518738	0.306686	0.037475	0.011628	1.0000	(49.5)
0.561247	0.306028	0.043210	0.013167	1.0000	(25.1)
0.609467	0.308140	0.041420	0.008721	1.0000	(19.1)
0.656805	0.308140	0.033531	0.008721	1.0000	(4.6)
0.702170	0.306686	0.031558	0.011628	1.0000	(5.6)
0.808679	0.308140	0.031558	0.008721	1.0000	(351)
0.852071	0.306686	0.031558	0.011628	1.0000	(351)
0.086785	0.287622	0.473373	0.008905	1.0000	1 VFS components with fixed threads must remain stationary during installation. These fitting connections
0.100546	0.278137	0.353144	0.009704	1.0000	should be assembled only to glands with rotating male or female threaded nuts.
0.082804	0.259082	0.739708	0.012736	1.0000	* Default process spec: VS001B. If ordering VS001A-spec fittings for VIGOUR Ultra-High Purity Products, add "P" to the order number. Example: VVR-TBBC4-TB4-P
0.063116	0.049419	0.009862	0.008721	1.0000	9
0.104510	0.046404	0.128259	0.017657	1.0000	VIGOUR
0.106509	0.037791	0.124260	0.004507	1.0000	we offer solutions regarding your ideas.
#FILE	tmp/pdfs/fitting_dimension_audit/vups_ocr/ocr-13.png
0.687832	0.928130	0.229937	0.025004	1.0000	Face Seal Fittings
0.775148	0.908281	0.143984	0.017809	1.0000	VVR Series
0.090726	0.808370	0.088741	0.025542	1.0000	| Bodies
0.088757	0.738201	0.187377	0.016159	1.0000	Straight Thread O-Ring
0.090730	0.725289	0.167653	0.014693	1.0000	Seal Male Connector
0.094675	0.686047	0.049310	0.014535	1.0000	Straight
0.147897	0.685921	0.094738	0.013333	1.0000	VFS Uniform
0.427976	0.685985	0.051347	0.014659	1.0000	Qrdering
0.611440	0.688780	0.110454	0.008905	1.0000	Dimensions, in (mm)
0.804734	0.687444	0.094675	0.010240	1.0000	Working Pressure
0.098619	0.675872	0.041420	0.011628	1.0000	Thread
0.159763	0.677326	0.035503	0.010174	1.0000	Size
0.195266	0.674419	0.045365	0.013081	1.0000	O-Ring
0.295777	0.675690	0.047500	0.011991	1.0000	Material
0.427899	0.675627	0.047556	0.012119	1.0000	Number
0.822455	0.675779	0.057260	0.010361	1.0000	psig (bar)
0.102564	0.665698	0.029586	0.011628	1.0000	Size
0.161736	0.665698	0.019724	0.010174	1.0000	in.
0.205128	0.665698	0.029586	0.011628	1.0000	Size
0.558185	0.667151	0.009862	0.008721	1.0000	L
0.595661	0.667151	0.023669	0.008721	1.0000	L1
0.629191	0.666963	0.118343	0.010362	1.0000	T D D1
0.822485	0.667151	0.017751	0.008721	1.0000	Ni
0.861933	0.667151	0.029586	0.008721	1.0000	316L
0.550296	0.649709	0.025641	0.008721	1.0000	1.33
0.587771	0.649709	0.029586	0.008721	1.0000	0.39
0.633136	0.649709	0.035503	0.008721	1.0000	0.25
0.672584	0.649709	0.035503	0.008721	1.0000	0.18
0.717949	0.649709	0.031558	0.008721	1.0000	0.28
0.816568	0.649709	0.033531	0.007267	1.0000	4500
0.861933	0.649709	0.031558	0.008721	1.0000	4500
0.094675	0.640988	0.047337	0.011628	1.0000	9/16-18
0.159763	0.640988	0.021696	0.011628	1.0000	1/4
0.205128	0.640988	0.025641	0.011628	1.0000	906
0.301775	0.640988	0.031558	0.011628	1.0000	316L
0.408230	0.640787	0.079003	0.012031	1.0000	VVR-MC4-A6
0.763314	0.642442	0.019724	0.008721	1.0000	3/4
0.548323	0.635174	0.031558	0.008721	1.0000	(33.8)
0.587771	0.635174	0.031558	0.008721	1.0000	(9.9)
0.635108	0.635174	0.027613	0.008721	1.0000	(6.4)
0.676529	0.635174	0.029586	0.008721	1.0000	(4.6)
0.719921	0.635174	0.029586	0.008721	1.0000	(7.1)
0.814596	0.633721	0.033531	0.010174	1.0000	(310)
0.861933	0.633721	0.033531	0.010174	1.0000	(310)
0.550296	0.622093	0.025641	0.008721	1.0000	1.66
0.591716	0.622093	0.025641	0.008721	1.0000	0.50
0.637081	0.622093	0.025641	0.007267	1.0000	0.40
0.678501	0.622093	0.025641	0.008721	1.0000	0.28
0.719921	0.622093	0.027613	0.008721	1.0000	0.59
0.816568	0.622093	0.029586	0.007267	1.0000	3500
0.861933	0.620640	0.031558	0.010174	1.0000	3500
0.096647	0.613372	0.041420	0.013081	1.0000	7/8-14
0.159763	0.613372	0.023669	0.011628	1.0000	1/2
0.205128	0.613372	0.027613	0.013081	1.0000	910
0.301775	0.613372	0.031558	0.013081	1.0000	316L
0.410120	0.612886	0.083114	0.014053	1.0000	VVR-MC8-A10
0.546260	0.607181	0.075133	0.010928	1.0000	(42.2) (12.7)
0.631164	0.607558	0.035503	0.008721	1.0000	(10.2)
0.672584	0.607558	0.033531	0.008721	1.0000	(7.1)
0.710059	0.607558	0.041420	0.010174	1.0000	(15.0)
0.814596	0.606105	0.033531	0.010174	1.0000	(241)
0.861933	0.606105	0.033531	0.010174	1.0000	(241)
0.550296	0.594477	0.025641	0.008721	1.0000	1.48
0.591716	0.594477	0.027613	0.008721	1.0000	0.39
0.678501	0.594477	0.025641	0.008721	1.0000	0.28
0.721893	0.594477	0.025641	0.008721	1.0000	0.28
0.814596	0.593023	0.031558	0.010174	1.0000	3500
0.861933	0.593023	0.031558	0.010174	1.0000	4300
0.094619	0.585650	0.045476	0.013292	1.0000	9/16-18
0.161736	0.587209	0.021696	0.010174	1.0000	1/2
0.205128	0.585756	0.025641	0.013081	1.0000	906
0.301775	0.587209	0.031558	0.010174	1.0000	316L
0.410192	0.585549	0.077051	0.013495	1.0000	VVR-MC8-A6
0.755424	0.588663	0.035503	0.008721	1.0000	15/16
0.546351	0.579942	0.033531	0.010174	1.0000	(37.6)
0.589744	0.579942	0.029586	0.010174	1.0000	(9.9)
0.676529	0.578488	0.029586	0.011628	1.0000	(7.1)
0.719921	0.578488	0.029586	0.011628	1.0000	(7.1)
0.814142	0.578885	0.034451	0.010956	1.0000	(241)
0.861933	0.579942	0.033531	0.010174	1.0000	(296)
0.082840	0.556545	0.723866	0.013357	1.0000	* Default process spec: VS001B. If ordering VS001A-spec fittings for VIGOUR Ultra-High Purity Products, add "P to the order number. Example: VVR-MC4-A6-P
0.124170	0.400808	0.102746	0.015245	1.0000	Union Cross
0.116371	0.356105	0.029586	0.013081	1.0000	VFS
0.380621	0.354549	0.049409	0.013286	1.0000	Qrdering
0.573964	0.357524	0.110454	0.008905	1.0000	Dimensions, in.(mm)
0.777120	0.357524	0.094675	0.008905	1.0000	Working Pressure
0.118343	0.345930	0.027613	0.013081	1.0000	Size
0.232742	0.345930	0.047337	0.013081	1.0000	Material
0.380671	0.345930	0.047337	0.011628	1.0000	Number
0.794872	0.342832	0.057199	0.013357	1.0000	psig (bar)
0.122288	0.335756	0.017751	0.011628	1.0000	in.
0.603550	0.337209	0.011834	0.010174	1.0000	T
0.658777	0.337209	0.011834	0.010174	1.0000	D
0.712032	0.338663	0.011834	0.008721	1.0000	F
0.790927	0.334302	0.019724	0.011628	1.0000	Ni
0.834320	0.334302	0.031558	0.011628	1.0000	316L
0.532544	0.316860	0.029586	0.011628	1.0000	1.78
0.593688	0.316860	0.029586	0.011628	1.0000	0.89
0.650888	0.316860	0.029586	0.011628	1.0000	0.09
0.785010	0.316860	0.031558	0.011628	1.0000	9000
0.834320	0.316860	0.037475	0.011628	1.0000	11200
0.122288	0.312500	0.019724	0.008721	1.0000	1/8
0.242604	0.312500	0.029586	0.008721	1.0000	316L
0.370809	0.312500	0.065089	0.008721	1.0000	VVR-MUC2
0.700197	0.311047	0.031558	0.010174	1.0000	7/16
0.530572	0.303779	0.037475	0.011628	1.0000	(45.2)
0.591716	0.303779	0.035503	0.011628	1.0000	(22.6)
0.652860	0.303779	0.029586	0.011628	1.0000	(2.3)
0.785010	0.302326	0.033531	0.013081	1.0000	(620)
0.834320	0.302326	0.033531	0.013081	1.0000	(771)
0.534517	0.292151	0.027613	0.008721	1.0000	2.14
0.595661	0.290698	0.027613	0.010174	1.0000	1.07
0.650888	0.290698	0.029586	0.010174	1.0000	0.18
0.785010	0.289244	0.031558	0.011628	1.0000	8000
0.832347	0.289244	0.039448	0.011628	1.0000	10000
0.120316	0.283430	0.021696	0.011628	1.0000	1/4
0.242604	0.284884	0.029586	0.010174	1.0000	316L
0.368760	0.284602	0.067215	0.010738	1.0000	VVR-MUC4
0.704142	0.283430	0.023669	0.011628	1.0000	1/2
0.530572	0.276163	0.037475	0.010174	1.0000	(54.4)
0.591716	0.276163	0.035503	0.010174	1.0000	(27.2)
0.650888	0.276163	0.031558	0.011628	1.0000	(4.6)
0.785010	0.274709	0.033531	0.011628	1.0000	(551)
0.834320	0.276163	0.033531	0.010174	1.0000	(689)
0.532544	0.263081	0.029586	0.010174	1.0000	2.90
0.595661	0.263081	0.027613	0.010174	1.0000	1.45
0.650888	0.263081	0.029586	0.011628	1.0000	0.40
0.785010	0.261628	0.031558	0.011628	1.0000	3500
0.836292	0.263081	0.031558	0.011628	1.0000	4300
0.120316	0.255814	0.019724	0.011628	1.0000	1/2
0.242604	0.257267	0.029586	0.010174	1.0000	316L
0.368787	0.255659	0.067159	0.011938	1.0000	VVR-MUC8
0.698225	0.257267	0.035503	0.010174	1.0000	13/16
0.530572	0.248547	0.037475	0.011628	1.0000	(73.7)
0.591716	0.248547	0.035503	0.011628	1.0000	(36.8)
0.648915	0.248547	0.035503	0.011628	1.0000	(10.2)
0.784648	0.247574	0.034464	0.012370	1.0000	(241)
0.836292	0.248547	0.031558	0.011628	1.0000	(296)
0.534517	0.236919	0.027613	0.010174	1.0000	3.84
0.597633	0.236919	0.025641	0.008721	1.0000	1.92
0.650888	0.235465	0.029586	0.010174	1.0000	0.62
0.784910	0.235294	0.031759	0.010516	1.0000	3000
0.836292	0.235465	0.031558	0.010174	1.0000	3700
0.118343	0.228198	0.021696	0.011628	1.0000	3/4
0.242604	0.231105	0.029586	0.008721	1.0000	316L
0.370809	0.231105	0.071006	0.008721	1.0000	VVR-MUC12
0.702170	0.231105	0.029586	0.008721	1.0000	1-1/4
0.530572	0.220930	0.037475	0.011628	1.0000	(97.5)
0.591716	0.220930	0.035503	0.011628	1.0000	(48.8)
0.648915	0.220930	0.035503	0.011628	1.0000	(15.7)
0.785010	0.220930	0.033531	0.011628	1.0000	(206)
0.834320	0.220930	0.033531	0.011628	1.0000	(254)
0.534517	0.210756	0.027613	0.008721	1.0000	4.00
0.595661	0.207849	0.027613	0.011628	1.0000	2.00
0.650888	0.209302	0.029586	0.010174	1.0000	0.87
0.785010	0.207849	0.033531	0.010174	1.0000	2400
0.836292	0.207849	0.031558	0.011628	1.0000	3000
0.240631	0.202035	0.031558	0.010174	1.0000	316L
0.370809	0.203488	0.071006	0.008721	1.0000	VVR-MUC16
0.692308	0.202035	0.047337	0.011628	1.0000	1-11/16
0.532544	0.193314	0.031558	0.011628	1.0000	(102)
0.591716	0.193314	0.035503	0.013081	1.0000	(50.8)
0.648915	0.194767	0.035503	0.010174	1.0000	(22.1)
0.785010	0.193314	0.035503	0.011628	1.0000	(165)
0.834320	0.193314	0.035503	0.013081	1.0000	(206)
0.088757	0.172752	0.714004	0.012021	1.0000	* Default process spec: VS001B. If ordering VS001A-spec fittings for VIGOUR Ultra-High Purity Products, add "Pr to the order number. Example: VVR-MUC4-P
0.763314	0.045058	0.130178	0.020349	1.0000	VIGOUR
0.925049	0.043605	0.019724	0.011628	1.0000	10
0.765148	0.034936	0.126539	0.010275	1.0000	we offer solutions regarding your ideas
#FILE	tmp/pdfs/fitting_dimension_audit/vups_ocr/ocr-14.png
0.076664	0.928515	0.235227	0.024855	1.0000	Face Seal Fittings
0.076886	0.905391	0.149976	0.023519	1.0000	VVR Series
0.086573	0.814930	0.083264	0.021303	1.0000	IBodies
0.110454	0.757267	0.138067	0.017443	1.0000	Male NPT Elbow
0.112426	0.715116	0.029586	0.013081	1.0000	NPT
0.167653	0.715116	0.029586	0.013081	1.0000	VFS
0.414201	0.713663	0.029586	0.013081	1.0000	rderin
0.589538	0.715816	0.112821	0.011040	1.0000	Dimensions, in.(mm)
0.779093	0.716385	0.096647	0.010360	1.0000	Working Pressure
0.114398	0.704942	0.027613	0.011628	1.0000	Size
0.169625	0.704942	0.027613	0.011628	1.0000	Size
0.264300	0.703488	0.049310	0.015988	1.0000	Material
0.416174	0.706395	0.023669	0.010174	1.0000	umb
0.798736	0.706109	0.055389	0.009294	1.0000	psig (bar)
0.116371	0.694767	0.019724	0.010174	1.0000	in.
0.173570	0.694767	0.019724	0.010174	1.0000	in.
0.536489	0.696221	0.013807	0.008721	1.0000	L
0.587771	0.697674	0.015779	0.007267	1.0000	L1
0.641026	0.696221	0.009862	0.008721	1.0000	T
0.688363	0.696221	0.011834	0.008721	1.0000	D
0.735700	0.696221	0.009862	0.008721	1.0000	F
0.798817	0.696221	0.015779	0.008721	1.0000	Ni
0.838264	0.696221	0.029586	0.008721	1.0000	316L
0.532544	0.678779	0.025641	0.008721	1.0000	1.07
0.583826	0.678779	0.025641	0.008721	1.0000	0.87
0.631164	0.678779	0.027613	0.007267	1.0000	0.38
0.682446	0.678779	0.025641	0.007267	1.0000	0.18
0.790927	0.678779	0.031558	0.007267	1.0000	8000
0.836292	0.678779	0.037475	0.007267	1.0000	10000
0.116371	0.668605	0.021696	0.013081	1.0000	1/8
0.171598	0.668605	0.023669	0.013081	1.0000	1/4
0.270217	0.668605	0.035503	0.014535	1.0000	316L
0.384501	0.668199	0.092931	0.015346	1.0000	VVR-MEC4-M2
0.729783	0.670058	0.021696	0.010174	1.0000	1/2
0.526627	0.661337	0.037475	0.011628	1.0000	(27.2)
0.577909	0.661337	0.037475	0.011628	1.0000	(22.1)
0.631164	0.662791	0.027613	0.010174	1.0000	(9.6)
0.678501	0.661337	0.031558	0.011628	1.0000	(4.6)
0.790927	0.661337	0.033531	0.011628	1.0000	(551)
0.836292	0.661337	0.035503	0.011628	1.0000	(689)
0.530572	0.648256	0.027613	0.011628	1.0000	1.07
0.581854	0.649709	0.027613	0.010174	1.0000	1.05
0.631164	0.649709	0.027613	0.010174	1.0000	0.56
0.682446	0.651163	0.025641	0.008721	1.0000	0.18
0.792899	0.651163	0.029586	0.008721	1.0000	8000
0.840237	0.651163	0.029586	0.008721	1.0000	8000
0.116371	0.640988	0.021696	0.011628	1.0000	1/4
0.171598	0.642442	0.021696	0.010174	1.0000	1/4
0.270217	0.640988	0.031558	0.013081	1.0000	316L
0.384615	0.642442	0.090730	0.011628	1.0000	VVR-MEC4-M4
0.729783	0.643895	0.021696	0.008721	1.0000	1/2
0.528600	0.636628	0.035503	0.008721	1.0000	(27.2)
0.577909	0.635174	0.035503	0.010174	1.0000	(26.7)
0.627219	0.635174	0.035503	0.010174	1.0000	(14.2)
0.680473	0.635174	0.029586	0.010174	1.0000	(4.6)
0.790927	0.635174	0.033531	0.010174	1.0000	(551)
0.838264	0.635174	0.033531	0.010174	1.0000	(551)
0.532544	0.623547	0.025641	0.008721	1.0000	1.45
0.583826	0.623547	0.025641	0.008721	1.0000	1.26
0.631164	0.623547	0.027613	0.008721	1.0000	0.56
0.682446	0.623547	0.025641	0.008721	1.0000	0.40
0.792899	0.623547	0.029586	0.008721	1.0000	3500
0.840237	0.623547	0.029586	0.008721	1.0000	4300
0.116371	0.613372	0.021696	0.013081	1.0000	3/8
0.171598	0.614826	0.021696	0.011628	1.0000	1/2
0.270217	0.613372	0.031558	0.013081	1.0000	316L
0.384545	0.613148	0.092843	0.016436	1.0000	VVR-MEC8-M6
0.723866	0.616279	0.033531	0.008721	1.0000	13/16
0.528600	0.609012	0.035503	0.008721	1.0000	(36.8)
0.579882	0.609012	0.035503	0.010174	1.0000	(32.0)
0.625247	0.607558	0.037475	0.010174	1.0000	(14.2)
0.678501	0.609012	0.033531	0.008721	1.0000	(10.2)
0.792899	0.609012	0.031558	0.008721	1.0000	(241)
0.840237	0.609012	0.031558	0.010174	1.0000	(296)
0.532544	0.597384	0.025641	0.008721	1.0000	1.45
0.583826	0.597384	0.025641	0.007267	1.0000	1.45
0.633136	0.597384	0.027613	0.008721	1.0000	0.75
0.682446	0.597384	0.027613	0.007267	1.0000	0.40
0.790927	0.594477	0.031558	0.010174	1.0000	3500
0.838264	0.597384	0.031558	0.007267	1.0000	4300
0.116371	0.587209	0.021696	0.011628	1.0000	1/2
0.171598	0.587209	0.023669	0.014535	1.0000	1/2
0.270217	0.587209	0.033531	0.014535	1.0000	316L
0.384331	0.586153	0.093271	0.016648	1.0000	VVR-MEC8-M8
0.721893	0.588663	0.035503	0.010174	1.0000	13/16
0.526627	0.581395	0.037475	0.010174	1.0000	(36.8)
0.577909	0.579942	0.037475	0.011628	1.0000	(36.8)
0.627219	0.579942	0.035503	0.011628	1.0000	(19.1)
0.676529	0.579942	0.035503	0.011628	1.0000	(10.2)
0.790927	0.579942	0.031558	0.011628	1.0000	(241)
0.838264	0.581395	0.033531	0.010174	1.0000	(296)
0.076923	0.550757	0.731755	0.013357	1.0000	* Default process spec: VS001B. If ordering VS001A-spec fittings for VIGOUR Ultra-High Purity Products, add "P" to the order number. Example: VVR-MEC4-M4-P
0.112386	0.403924	0.106589	0.016281	1.0000	Union Elbow
0.110454	0.360465	0.029586	0.013081	1.0000	VFS
0.380671	0.360465	0.035503	0.011628	1.0000	2rderin
0.566075	0.363313	0.112426	0.008905	1.0000	Dimensions, in.(mm)
0.769231	0.361919	0.096647	0.010299	1.0000	Working Pressure
0.112426	0.351744	0.027613	0.010174	1.0000	Size
0.222880	0.350291	0.049310	0.014535	1.0000	Material
0.382643	0.351744	0.031558	0.010174	1.0000	Vumbe
0.790927	0.351736	0.053254	0.008905	1.0000	psig (bar)
0.114398	0.341570	0.019724	0.010174	1.0000	in.
0.534517	0.343023	0.011834	0.008721	1.0000	L
0.621302	0.343023	0.011834	0.008721	1.0000	D
0.706114	0.343023	0.009862	0.008721	1.0000	F
0.785010	0.340116	0.017751	0.010174	1.0000	!N
0.830375	0.341570	0.029586	0.008721	1.0000	316L
0.528600	0.324128	0.027613	0.008721	1.0000	0.89
0.615385	0.324128	0.027613	0.008721	1.0000	0.09
0.777120	0.322674	0.033531	0.010174	1.0000	9000
0.826430	0.322674	0.037475	0.010174	1.0000	11200
0.112426	0.315407	0.021696	0.011628	1.0000	1/8
0.228797	0.315407	0.033531	0.011628	1.0000	316L
0.362919	0.315407	0.065089	0.011628	1.0000	WVR-MUE2
0.694280	0.316860	0.029586	0.010174	1.0000	7/16
0.522682	0.308140	0.037475	0.011628	1.0000	(22.6)
0.613412	0.308140	0.031558	0.011628	1.0000	(2.3)
0.779093	0.308140	0.033531	0.011628	1.0000	(620)
0.828402	0.308140	0.033531	0.013081	1.0000	(771)
0.526627	0.295058	0.029586	0.011628	1.0000	1.07
0.613412	0.295058	0.029586	0.011628	1.0000	0.18
0.776988	0.294849	0.033795	0.012047	1.0000	8000
0.826430	0.295058	0.037475	0.011628	1.0000	10000
0.112426	0.287791	0.023669	0.011628	1.0000	1/4
0.228797	0.287791	0.033531	0.011628	1.0000	316L
0.357002	0.287791	0.072978	0.013081	1.0000	VVR-MUE4
0.696252	0.289244	0.023669	0.010174	1.0000	1/2
0.522682	0.280523	0.037475	0.011628	1.0000	(27.2)
0.613412	0.280523	0.031558	0.011628	1.0000	(4.6)
0.779093	0.280523	0.031558	0.011628	1.0000	(551)
0.828402	0.280523	0.035503	0.011628	1.0000	(689)
0.526627	0.268895	0.027613	0.010174	1.0000	1.45
0.613412	0.268895	0.029586	0.010174	1.0000	0.40
0.777120	0.267442	0.031558	0.011628	1.0000	3500
0.828402	0.268895	0.031558	0.010174	1.0000	4300
0.112426	0.261628	0.021696	0.010174	1.0000	1/2
0.230769	0.261628	0.031558	0.010174	1.0000	316L
0.360868	0.261377	0.067218	0.012129	1.0000	VVR-MUE8
0.692308	0.263081	0.033531	0.008721	1.0000	13/16
0.522682	0.254360	0.037475	0.010174	1.0000	(36.8)
0.611440	0.254360	0.035503	0.011628	1.0000	(10.2)
0.779093	0.252907	0.033531	0.011628	1.0000	(241)
0.828402	0.254360	0.035503	0.010174	1.0000	(296)
0.528600	0.242733	0.027613	0.008721	1.0000	1.92
0.615385	0.242733	0.027613	0.008721	1.0000	0.62
0.777120	0.241279	0.033531	0.010174	1.0000	3000
0.830375	0.242733	0.029586	0.008721	1.0000	3700
0.112426	0.234012	0.021696	0.010174	1.0000	3/4
0.230769	0.234012	0.031558	0.011628	1.0000	316L
0.360813	0.233540	0.073245	0.012570	1.0000	VVR-MUE12
0.694280	0.236919	0.029586	0.008721	1.0000	1-1/4
0.522682	0.226744	0.037475	0.011628	1.0000	(48.8)
0.610932	0.226951	0.036518	0.011214	1.0000	(15.7)
0.779093	0.226744	0.033531	0.011628	1.0000	(206)
0.830375	0.226744	0.031558	0.011628	1.0000	(254)
0.526627	0.215116	0.029586	0.010174	1.0000	2.00
0.615385	0.215116	0.027613	0.010174	1.0000	0.87
0.777120	0.213663	0.033531	0.010174	1.0000	2400
0.828402	0.213663	0.031558	0.011628	1.0000	3000
0.116371	0.206395	0.013807	0.011628	1.0000	1
0.230769	0.206395	0.031558	0.010174	1.0000	316L
0.362919	0.206395	0.072978	0.011628	1.0000	VVR-MUE16
0.688294	0.209113	0.043530	0.009099	1.0000	1-11/16
0.522682	0.200581	0.037475	0.010174	1.0000	(50.8)
0.611440	0.200581	0.035503	0.010174	1.0000	(22.1)
0.777120	0.199128	0.035503	0.011628	1.0000	(165)
0.830375	0.200581	0.033531	0.010174	1.0000	(206)
0.076923	0.177204	0.712032	0.010296	1.0000	* Default process spec: VS001B. If ordering VS001A-spec fittings for VIGOUR Ultra-High Purity Products, add "P" to the order number. Example: VVR-MUE4-P
0.061144	0.046512	0.019724	0.013081	1.0000	11
0.106509	0.045058	0.128205	0.018895	1.0000	VIGOUR
0.106509	0.036337	0.128205	0.007296	1.0000	we offer solutions regarding your ideas!
#FILE	tmp/pdfs/fitting_dimension_audit/vups_ocr/ocr-15.png
0.687938	0.928302	0.229676	0.023762	1.0000	Face Seal Fittings
0.774962	0.907376	0.144412	0.019250	1.0000	VVR Series
0.719921	0.824128	0.051282	0.005814	1.0000	Leak test ports
0.092268	0.812029	0.085703	0.018790	1.0000	• Bodies
0.108481	0.754230	0.195266	0.017573	1.0000	Female Reducing Union
0.118343	0.715116	0.029586	0.011628	1.0000	VFS
0.179487	0.715116	0.029586	0.011628	1.0000	VFS
0.418087	0.713533	0.053372	0.013342	1.0000	Qrdering
0.603550	0.716385	0.110454	0.008906	1.0000	Dimensions, in. (mm)
0.792597	0.714546	0.097162	0.011254	1.0000	Working Pressure
0.118343	0.704942	0.029586	0.011628	1.0000	Size
0.181460	0.704942	0.027613	0.011628	1.0000	Size
0.278107	0.703488	0.051282	0.014535	1.0000	Material
0.418024	0.703236	0.049553	0.013587	1.0000	Number
0.814596	0.704809	0.053254	0.008905	1.0000	psig (bar)
0.124260	0.693314	0.017751	0.011628	1.0000	in.
0.187377	0.696221	0.017751	0.008721	1.0000	in.
0.573964	0.694767	0.009862	0.010174	1.0000	L
0.631164	0.696221	0.009862	0.008721	1.0000	T
0.684418	0.696221	0.015779	0.008721	1.0000	T1
0.741617	0.696221	0.011834	0.010174	1.0000	F
0.808679	0.693314	0.015779	0.010174	1.0000	Ni
0.852071	0.694767	0.031558	0.008721	1.0000	316L
0.566075	0.677326	0.025641	0.008721	1.0000	1.16
0.625247	0.677326	0.027613	0.008721	1.0000	0.36
0.680473	0.677326	0.025641	0.008721	1.0000	0.13
0.804734	0.677326	0.029586	0.008721	1.0000	8000
0.852071	0.677326	0.035503	0.008721	1.0000	10000
0.120316	0.668605	0.023669	0.011628	1.0000	1/4
0.181460	0.668605	0.021696	0.013081	1.0000	1/8
0.284024	0.668605	0.033531	0.013081	1.0000	316L
0.404273	0.668397	0.075083	0.013497	1.0000	VVR-RFC4-2
0.733728	0.670058	0.023669	0.010174	1.0000	3/4
0.560158	0.661337	0.035503	0.011628	1.0000	(29.5)
0.621302	0.661337	0.031558	0.011628	1.0000	(9.1)
0.678501	0.662791	0.027613	0.010174	1.0000	(3.3)
0.802761	0.661337	0.033531	0.011628	1.0000	(551)
0.850099	0.661337	0.035503	0.011628	1.0000	(689)
0.564103	0.648256	0.027613	0.011628	1.0000	1.41
0.623274	0.648256	0.029586	0.011628	1.0000	0.35
0.676529	0.648256	0.029586	0.011628	1.0000	0.25
0.800789	0.648256	0.033531	0.010174	1.0000	3500
0.852071	0.648256	0.033531	0.011628	1.0000	4300
0.120316	0.642442	0.021696	0.011628	0.3000	ZIL
0.179487	0.642442	0.021696	0.011628	0.3000	+/L
0.727811	0.643895	0.037475	0.008721	1.0000	1-1/16
0.560158	0.633721	0.035503	0.011628	1.0000	(35.8)
0.621302	0.635174	0.031558	0.010174	1.0000	(8.9)
0.678501	0.636628	0.027613	0.008721	1.0000	(6.4)
0.802761	0.635174	0.031558	0.010174	1.0000	(241)
0.852071	0.635174	0.031558	0.010174	1.0000	(296)
0.741617	0.571221	0.049310	0.007267	1.0000	Leak test port
0.603550	0.465116	0.112426	0.008721	1.0000	Dimensions, in. (mm)
0.792899	0.463491	0.098619	0.010347	1.0000	Working Pressure
0.120316	0.453488	0.027613	0.011628	0.3000	eZịS
0.181460	0.453488	0.029586	0.011628	0.3000	ezịS
0.814596	0.453488	0.055227	0.010174	1.0000	psig (bar)
0.573964	0.444767	0.011834	0.008721	1.0000	L
0.631164	0.444767	0.011834	0.010174	1.0000	T
0.688363	0.444767	0.011834	0.008721	1.0000	D
0.808679	0.443314	0.019724	0.010174	1.0000	Ni
0.854043	0.443314	0.029586	0.008721	1.0000	316L
0.568047	0.425872	0.025641	0.008721	1.0000	1.19
0.627219	0.425872	0.025641	0.008721	1.0000	0.69
0.678501	0.424419	0.029586	0.010174	1.0000	0.09
0.804734	0.425872	0.029586	0.008721	1.0000	8000
0.852071	0.425872	0.037475	0.008721	1.0000	10000
0.122288	0.418605	0.021696	0.010174	0.5000	D/L
0.181460	0.417151	0.023669	0.011628	1.0000	8/1
0.285996	0.417151	0.031558	0.011628	0.3000	7918
0.735700	0.417151	0.023669	0.011628	1.0000	3/4
0.562130	0.411337	0.037475	0.010174	1.0000	(30.2)
0.621302	0.409884	0.037475	0.011628	1.0000	(17.5)
0.678501	0.409884	0.031558	0.011628	1.0000	(2.3)
0.802761	0.409884	0.033531	0.011628	1.0000	(551)
0.854043	0.409884	0.033531	0.011628	1.0000	(689)
0.568047	0.399709	0.025641	0.008721	1.0000	1.41
0.627219	0.398256	0.025641	0.008721	1.0000	0.85
0.680473	0.399709	0.027613	0.008721	1.0000	0.18
0.802761	0.398256	0.031558	0.010174	1.0000	3500
0.854043	0.396802	0.031558	0.011628	1.0000	4300
0.120316	0.390988	0.023669	0.011628	0.3000	Z/L
0.181460	0.390988	0.025641	0.013081	0.3000	+/L
0.285996	0.389535	0.031558	0.013081	0.3000	T9LE
0.408284	0.390988	0.067061	0.011628	1.0000	VVR-RA8-4
0.727608	0.390546	0.039853	0.011059	1.0000	1-1/16
0.562130	0.383721	0.037475	0.010174	1.0000	(35.8)
0.621302	0.383721	0.037475	0.010174	1.0000	(21.6)
0.678501	0.383721	0.031558	0.010174	1.0000	(4.6)
0.802761	0.382267	0.033531	0.011628	1.0000	(241)
0.854043	0.383721	0.033531	0.010174	1.0000	(296)
0.854043	0.311047	0.025641	0.005962	1.0000	•F flaft
0.108481	0.250000	0.149901	0.015988	1.0000	Reducing Bushing
0.118343	0.210756	0.029586	0.013081	1.0000	VFS
0.181460	0.212209	0.027613	0.011628	1.0000	VFS
0.426036	0.210756	0.051282	0.011628	1.0000	Qrdering
0.603341	0.211498	0.110856	0.011028	1.0000	Dimensions, in.(mm)
0.792593	0.210930	0.097333	0.012792	1.0000	Working Pressure
0.120316	0.200581	0.027613	0.013081	1.0000	Size
0.181460	0.200581	0.027613	0.013081	1.0000	Size
0.278107	0.200581	0.047337	0.013081	1.0000	Material
0.427989	0.201991	0.049348	0.011716	1.0000	Number
0.814596	0.202035	0.053254	0.008721	1.0000	psig (bar)
0.124260	0.191860	0.017751	0.011628	1.0000	in.
0.185404	0.191860	0.017751	0.011628	1.0000	in.
0.686391	0.193314	0.015779	0.008721	1.0000	T1
0.743590	0.193314	0.009862	0.008721	1.0000	F
0.812623	0.191860	0.015779	0.008721	1.0000	Ni
0.854043	0.191860	0.029586	0.008721	1.0000	316L
0.566075	0.172965	0.027613	0.010174	1.0000	1.06
0.627219	0.174419	0.025641	0.008721	1.0000	0.76
0.682446	0.174419	0.025641	0.008721	1.0000	0.13
0.802761	0.172965	0.031558	0.010174	1.0000	8000
0.852071	0.172965	0.037475	0.010174	1.0000	10000
0.122288	0.165698	0.021696	0.011628	1.0000	1/8
0.181460	0.165698	0.021696	0.011628	1.0000	1/4
0.287968	0.165698	0.031558	0.011628	1.0000	316L
0.396377	0.165466	0.067207	0.012092	1.0000	VVR-RB4-2
0.737673	0.167151	0.019724	0.008721	1.0000	5/8
0.562130	0.158430	0.037475	0.011628	1.0000	(26.9)
0.623274	0.159884	0.035503	0.010174	1.0000	(19.3)
0.680473	0.158430	0.027613	0.011628	1.0000	(3.3)
0.802761	0.158430	0.033531	0.010174	1.0000	(551)
0.852071	0.158430	0.035503	0.011628	1.0000	(689)
0.568047	0.146802	0.025641	0.008721	1.0000	1.41
0.627219	0.146802	0.025641	0.008721	1.0000	0.91
0.680473	0.146802	0.027613	0.008721	1.0000	0.25
0.802761	0.145349	0.031558	0.010174	1.0000	3500
0.856016	0.146802	0.029586	0.008721	1.0000	4300
0.122288	0.139535	0.021696	0.011628	1.0000	1/2
0.181460	0.138081	0.023669	0.013081	1.0000	1/4
0.287968	0.138081	0.031558	0.013081	1.0000	316L
0.396358	0.139241	0.067245	0.012215	1.0000	VVR-RB8-4
0.731755	0.140988	0.033531	0.008721	1.0000	15/16
0.564103	0.132267	0.035503	0.008721	1.0000	(35.8)
0.621302	0.132267	0.037475	0.010174	1.0000	(23.1)
0.678501	0.130814	0.031558	0.011628	1.0000	(6.4)
0.802761	0.130814	0.033531	0.010174	1.0000	(241)
0.856016	0.133721	0.031558	0.007267	1.0000	(296)
0.765243	0.044901	0.128290	0.019210	1.0000	VIGOUR
0.925049	0.043605	0.019724	0.011628	1.0000	12
0.765286	0.036337	0.128205	0.007296	1.0000	we offer solutions regarding your ideas!
#FILE	tmp/pdfs/fitting_dimension_audit/vups_ocr/ocr-16.png
0.078354	0.928511	0.204213	0.024434	1.0000	Face Seal Fitting
0.078895	0.908281	0.138067	0.017809	1.0000	VVR Series
0.104382	0.815420	0.244952	0.021890	1.0000	• Male NPT Connectors ®
0.140039	0.706395	0.011834	0.010174	1.0000	A
0.134122	0.697674	0.025641	0.008721	1.0000	NPT
0.175542	0.696221	0.027613	0.010174	1.0000	VFS
0.494785	0.696514	0.122854	0.012454	1.0000	Dimensions, in.(mm)
0.749507	0.699020	0.098619	0.008905	1.0000	Working Pressure
0.133038	0.685426	0.027834	0.011575	1.0000	Size
0.177515	0.687500	0.025641	0.008721	1.0000	Size
0.222880	0.686047	0.047337	0.013081	1.0000	Material
0.311637	0.688953	0.049310	0.013081	1.0000	Ordering
0.771115	0.688640	0.055403	0.009348	1.0000	psig (bar)
0.311637	0.680233	0.047337	0.011628	1.0000	Number
0.138067	0.675872	0.017751	0.008721	1.0000	in.
0.181460	0.675872	0.017751	0.008721	1.0000	in.
0.431953	0.674419	0.013807	0.011628	1.0000	L
0.512821	0.677326	0.015779	0.007267	1.0000	L1
0.597633	0.677326	0.011834	0.007267	1.0000	D
0.674556	0.677326	0.009862	0.008721	1.0000	F
0.753452	0.677326	0.015779	0.007267	1.0000	NI
0.830375	0.677326	0.017751	0.008721	1.0000	SS
0.130178	0.656977	0.027613	0.010174	1.0000	1/16
0.179487	0.656977	0.019724	0.008721	1.0000	1/8
0.297623	0.654971	0.089234	0.014285	1.0000	VVR-MC2-M1 °
0.410117	0.655136	0.065368	0.013855	1.0000	1.07 (27.2)
0.494994	0.655298	0.063267	0.012079	1.0000	0.38(9.6)
0.570020	0.655387	0.071006	0.014693	1.0000	0.09 (2.3)@
0.672584	0.656977	0.021696	0.011628	1.0000	3/8
0.727405	0.655333	0.065760	0.013065	1.0000	9000 (620)
0.806706	0.655387	0.061144	0.011764	1.0000	9000 (620)
0.134122	0.643895	0.021696	0.011628	1.0000	1/8
0.173570	0.645349	0.023669	0.008721	1.0000	1/8
0.297758	0.643623	0.088903	0.013626	1.0000	VVR-MC2-M2 ®
0.410256	0.643811	0.065089	0.011712	1.0000	1.07 (27.2)
0.494983	0.643661	0.057372	0.012096	1.0000	0.38 (9.6)
0.573870	0.643593	0.067250	0.012233	1.0000	0.09 (2.3) ®
0.668639	0.643895	0.029586	0.011628	1.0000	7/16
0.727774	0.643784	0.065161	0.011850	1.0000	9000 (620)
0.806706	0.643811	0.061144	0.011712	1.0000	9000 (620)
0.136095	0.633721	0.017751	0.008721	1.0000	1/8
0.173570	0.633721	0.023669	0.007267	1.0000	1/4
0.299803	0.633721	0.074951	0.008721	1.0000	VVR-MC4-M2
0.412229	0.632235	0.063116	0.010240	1.0000	1.31 (33.3)
0.495069	0.630814	0.057199	0.011662	1.0000	0.38 (9.6)
0.573913	0.630675	0.057302	0.011905	1.0000	0.18 (4.6)
0.672584	0.632267	0.021696	0.010174	1.0000	5/8
0.725601	0.630866	0.069609	0.012803	1.0000	10000 (689)
0.806706	0.630814	0.063116	0.011662	1.0000	6400 (440)
0.136095	0.620640	0.017751	0.008721	1.0000	1/4
0.173570	0.620640	0.023669	0.008721	1.0000	1/4
0.299803	0.620640	0.074951	0.008721	1.0000	VVR-MC4-M4
0.412207	0.619114	0.063159	0.010319	1.0000	1.49 (37.8)
0.491048	0.618923	0.063269	0.010701	1.0000	0.56 (14.2)
0.575851	0.620336	0.055398	0.009328	1.0000	0.18 (4.6)
0.674556	0.620640	0.019724	0.008721	1.0000	5/8
0.725216	0.616516	0.070376	0.015434	1.0000	10000 (689)
0.806680	0.619100	0.061196	0.010346	1.0000	6400 (440)
0.136095	0.609012	0.017751	0.007267	1.0000	1/4
0.177515	0.609012	0.021696	0.007267	1.0000	1/2
0.230769	0.609012	0.029586	0.007267	1.0000	316L
0.299803	0.609012	0.074951	0.008721	1.0000	VVR-MC8-M4
0.412229	0.607558	0.063116	0.010174	1.0000	1.65 (41.9)
0.491086	0.605991	0.063193	0.011856	1.0000	0.56 (14.2)
0.573832	0.605726	0.067326	0.013838	1.0000	0.28 (7.1)@
0.666667	0.607558	0.033531	0.010174	1.0000	15/16
0.729720	0.605916	0.063243	0.012005	1.0000	4300 (296)
0.806706	0.605966	0.063116	0.011766	1.0000	2800 (192)
0.136095	0.595930	0.019724	0.008721	1.0000	3/8
0.177515	0.595930	0.021696	0.008721	1.0000	1/2
0.299803	0.595930	0.074951	0.008721	1.0000	VVR-MC8-M6
0.412198	0.595824	0.063179	0.010386	1.0000	1.65 (41.9)
0.491098	0.594385	0.065141	0.010358	1.0000	0.56 (14.2)
0.573890	0.594274	0.057349	0.012034	1.0000	0.38 (9.6)
0.666667	0.594477	0.033531	0.011628	1.0000	15/16
0.727714	0.594177	0.065282	0.012228	1.0000	4300 (296)
0.806615	0.594212	0.061326	0.012157	1.0000	2800(192)
0.136095	0.584302	0.019724	0.008721	1.0000	1/2
0.179487	0.582849	0.019724	0.008721	1.0000	1/2
0.299803	0.584302	0.074951	0.008721	1.0000	VVR-MC8-M8
0.412229	0.582814	0.063116	0.010240	1.0000	1.84 (46.7)
0.491124	0.581395	0.065089	0.011659	1.0000	0.75 (19.1)
0.573936	0.581319	0.057256	0.011781	1.0000	0.4 (10.2)
0.666667	0.582849	0.033531	0.010174	1.0000	15/16
0.727560	0.581359	0.065787	0.012717	1.0000	4300 (296)
0.806706	0.581395	0.063116	0.013081	1.0000	2800 (192)
0.136095	0.572674	0.017751	0.007267	1.0000	3/4
0.177515	0.571221	0.019724	0.008721	1.0000	3/4
0.299803	0.571221	0.088757	0.008721	1.0000	VVR-MC12-M12
0.410256	0.571221	0.065089	0.008922	1.0000	2.19 (55.6)
0.493072	0.571128	0.061192	0.008906	1.0000	0.75 (19.1)
0.575889	0.569610	0.061239	0.010489	1.0000	0.62 (15.7)
0.666667	0.571221	0.035503	0.008721	1.0000	1-5/16
0.727811	0.569767	0.063116	0.010375	1.0000	3700 (254)
0.806652	0.568159	0.061252	0.011938	1.0000	2400 (165)
0.183432	0.558140	0.009862	0.008721	1.0000	1
0.299803	0.559593	0.088757	0.007267	1.0000	VVR-MC16-M16
0.410256	0.558140	0.065089	0.010174	1.0000	2.47 (62.7)
0.491124	0.556545	0.063116	0.011769	1.0000	0.94 (23.9)
0.573069	0.554685	0.065127	0.016288	1.0000	0.87 (22.1)
0.668639	0.558140	0.031558	0.010174	1.0000	1-5/8
0.727719	0.554981	0.065272	0.013584	1.0000	2400 (165)
0.806706	0.556545	0.063116	0.011769	1.0000	3000 (206)
0.116371	0.539181	0.349112	0.008905	1.0000	VFS components with fixed threads must remain stationary during installation.
0.126233	0.528940	0.469428	0.010304	1.0000	These fitting connections should be assembled only to glands with rotating male or female threaded nuts.
0.116371	0.518700	0.191322	0.008916	1.0000	Not designed for gasket retainer assembly
0.116371	0.508721	0.181460	0.008721	1.0000	May lontain internal diumeter transitions
0.114398	0.489760	0.568047	0.008905	1.0000	* To order fittings manufactured for Surface finish Ra(Average)<0.4 add BA to the ordering number. Example: VVR-MC4-M4-BA
0.112426	0.481105	0.721893	0.008721	1.0000	* Default process spec: VS001B. If ordering VS001A-spec fittings for VIGOUR Ultra-High Purity Products, add "P" to the order number. Example: VVR-MC4-M4-P
0.104536	0.406946	0.266272	0.017473	1.0000	• Female NPT Connectors ®
0.134122	0.306686	0.025641	0.008721	1.0000	NPT
0.175542	0.305233	0.027613	0.010174	1.0000	VFS
0.483235	0.303651	0.124260	0.014693	1.0000	Dimensions, in.(mm)
0.745496	0.304955	0.098752	0.013636	1.0000	Working Pressure
0.134122	0.295058	0.025641	0.010174	1.0000	Size
0.176431	0.294438	0.027810	0.011415	1.0000	Size
0.224825	0.297888	0.045419	0.008875	1.0000	Material
0.313609	0.300872	0.047337	0.008721	1.0000	Ordering
0.765240	0.294935	0.057291	0.011875	1.0000	psig (bar)
0.313609	0.290698	0.045365	0.008721	1.0000	Number
0.138067	0.286337	0.015779	0.007267	1.0000	in.
0.181460	0.284884	0.015779	0.008721	1.0000	in.
0.449704	0.284884	0.011834	0.008721	1.0000	L
0.558185	0.284884	0.015779	0.010174	1.0000	D
0.647937	0.284179	0.031542	0.011585	1.0000	F flat
0.743590	0.283430	0.019724	0.011628	1.0000	NI
0.826430	0.283430	0.021696	0.011628	1.0000	SS
0.132150	0.267442	0.025641	0.008721	1.0000	1/16
0.179487	0.265988	0.019724	0.008721	1.0000	1/8
0.299543	0.266067	0.083455	0.011702	1.0000	VVR-MC2-F1 @
0.426003	0.264443	0.061208	0.011812	1.0000	1.10 (27.9)
0.536489	0.264470	0.057199	0.011693	1.0000	0.09 (2.3)
0.648915	0.265988	0.029586	0.010174	1.0000	7/16
0.721893	0.264470	0.063116	0.013357	1.0000	6700 (461)
0.806484	0.263927	0.063562	0.014297	1.0000	6700 (461)
0.136095	0.254360	0.019724	0.008721	1.0000	1/8
0.177515	0.254360	0.021696	0.008721	1.0000	1/8
0.299803	0.254230	0.084813	0.010305	1.0000	VVR-MC2-F2 ®
0.426036	0.254230	0.059172	0.008905	1.0000	1.19 (30.2)
0.538378	0.252681	0.057366	0.012081	1.0000	0.09 (2.3)
0.650888	0.254360	0.027613	0.008721	1.0000	9/16
0.721848	0.252772	0.063207	0.011898	1.0000	6500 (447)
0.806611	0.251200	0.063307	0.013588	1.0000	6500 (447)
0.136095	0.242733	0.019724	0.007267	1.0000	1/8
0.179487	0.242733	0.019724	0.007267	1.0000	1/4
0.299803	0.242733	0.072978	0.008721	1.0000	VVR-MC4-F2
0.428008	0.241279	0.059172	0.010279	1.0000	1.41 (35.8)
0.540434	0.241279	0.053254	0.010279	1.0000	0.18 (4.6)
0.652860	0.241279	0.021696	0.010174	1.0000	5/8
0.721893	0.239826	0.063116	0.011733	1.0000	8000 (551)
0.806706	0.239826	0.063116	0.011733	1.0000	8000 (551)
0.136095	0.229651	0.017751	0.008721	1.0000	1/4
0.179487	0.229651	0.017751	0.008721	1.0000	1/4
0.299803	0.229651	0.072978	0.008721	1.0000	VVR-MC4-F4
0.426012	0.228121	0.061191	0.010328	1.0000	1.54 (39.1)
0.538270	0.227685	0.055609	0.012652	1.0000	0.18 (4.6)
0.652860	0.228198	0.021696	0.011628	1.0000	3/4
0.721893	0.226625	0.063116	0.013357	1.0000	6600 (454)
0.806633	0.226550	0.063263	0.013469	1.0000	6600 (454)
0.136095	0.218023	0.019724	0.008721	1.0000	3/8
0.179487	0.216570	0.019724	0.008721	1.0000	1/2
0.230769	0.218023	0.027613	0.008721	1.0000	316L
0.299803	0.218023	0.072978	0.008721	1.0000	VVR-MC8-F6
0.426007	0.216479	0.059229	0.010356	1.0000	1.76 (44.7)
0.538462	0.215049	0.061144	0.011695	1.0000	0.40 (10.2)
0.646943	0.216570	0.033531	0.010174	1.0000	15/16
0.721497	0.214612	0.064092	0.013599	1.0000	3500 (241)
0.806570	0.214701	0.063389	0.012459	1.0000	4300 (296)
0.136095	0.204942	0.017751	0.008721	1.0000	1/2
0.179487	0.204942	0.019724	0.008721	1.0000	1/2
0.299803	0.206395	0.072978	0.007267	1.0000	VVR-MC8-F8
0.425967	0.204721	0.059309	0.010617	1.0000	1.99 (50.5)
0.537852	0.201010	0.062325	0.014467	1.0000	0.40 (10.2)
0.646943	0.204942	0.035503	0.008721	1.0000	1-1/16
0.721893	0.202035	0.063116	0.013081	1.0000	3500 (241)
0.806706	0.202035	0.061144	0.011678	1.0000	4300 (296)
0.136095	0.193314	0.017751	0.008721	1.0000	3/4
0.179487	0.193314	0.019724	0.007267	1.0000	3/4
0.299803	0.193314	0.084813	0.008721	1.0000	VVR-MC12-F12
0.423960	0.190096	0.063323	0.012250	1.0000	2.36(59.9)
0.536474	0.190364	0.063146	0.011715	1.0000	0.62 (15.7)
0.644794	0.191497	0.037828	0.010901	1.0000	1-5/16
0.721893	0.190407	0.063116	0.011730	1.0000	3000 (206)
0.806683	0.190338	0.063163	0.011766	1.0000	3700 (254)
0.140039	0.180233	0.011834	0.008721	1.0000	1
0.183432	0.180233	0.009862	0.008721	1.0000	1
0.299803	0.180233	0.086785	0.008721	1.0000	VVR-MC16-F16
0.424049	0.178738	0.063144	0.011710	1.0000	2.51 (63.8)
0.534485	0.177241	0.065152	0.013252	1.0000	0.87 (22.1)
0.648915	0.178779	0.031558	0.011628	1.0000	1-5/8
0.721872	0.177270	0.063158	0.013192	1.0000	2400 (165)
0.806706	0.177204	0.063116	0.013357	1.0000	3000 (206)
0.116371	0.156977	0.349112	0.008721	1.0000	VFS components with fixed threads must remain stationary during installation.
0.126233	0.146802	0.471400	0.010366	1.0000	These fitting connections should be assembled only to glands with rotating male or female threaded nuts.
0.116371	0.136628	0.191322	0.008721	1.0000	Not designed for gasket retainer assembly
0.114363	0.115194	0.568130	0.013120	1.0000	* To order fittings manufactured for Surface finish Ra(Average)<0.4 add BA to the ordering number. Example: VVR-MC4-F4-BA
0.112399	0.105303	0.721962	0.013899	1.0000	* Default process spec: VS001B. If ordering VS001A-spec fittings for VIGOUR Ultra-High Purity Products, add "P" to the order number. Example: VVR-MC4-F4-P
0.063116	0.046512	0.019724	0.011628	1.0000	13
0.106326	0.044361	0.128571	0.020290	1.0000	VIGOUR
0.106509	0.037791	0.126233	0.004507	1.0000	we offer solutions regarding your ideas!
#FILE	tmp/pdfs/fitting_dimension_audit/vups_ocr/ocr-17.png
0.709565	0.928509	0.208204	0.022612	1.0000	Face Seal Fitting
0.782916	0.907538	0.134436	0.016443	1.0000	VVR Series
0.098460	0.804869	0.142466	0.021963	1.0000	•Male Union ®
0.132150	0.694767	0.027613	0.011628	1.0000	VFS
0.492911	0.696923	0.122644	0.011025	1.0000	Dimensions, in.(mm)
0.741617	0.697674	0.096647	0.010251	1.0000	Working Pressure
0.136095	0.686047	0.025641	0.010174	1.0000	Size
0.201183	0.686047	0.047337	0.013081	1.0000	Material
0.307692	0.688953	0.049310	0.013081	1.0000	Ordering
0.761322	0.687432	0.055266	0.008856	1.0000	psig (bar)
0.309641	0.680174	0.045413	0.010291	1.0000	Number
0.138067	0.675872	0.017751	0.007267	1.0000	in.
0.443787	0.674419	0.011834	0.011628	1.0000	L
0.554241	0.675872	0.011834	0.008721	1.0000	D
0.652860	0.677326	0.009862	0.008721	1.0000	F
0.739645	0.674419	0.017751	0.010174	1.0000	NI
0.824458	0.675872	0.017751	0.008721	1.0000	SS
0.136095	0.656977	0.019724	0.008721	1.0000	1/8
0.293886	0.655387	0.069034	0.013357	1.0000	VVR-MU2 ®
0.420118	0.655387	0.061144	0.011764	1.0000	1.13 (28.7)
0.530572	0.655387	0.057199	0.011764	1.0000	0.09 (2.3)
0.646943	0.656977	0.021696	0.010174	1.0000	3/8
0.715976	0.655387	0.063116	0.011764	1.0000	9000 (620)
0.798817	0.655387	0.069034	0.011764	1.0000	11200 (771)
0.136095	0.645349	0.019724	0.008721	1.0000	1/4
0.293812	0.643696	0.057346	0.012026	1.0000	VVR-MU4
0.420096	0.643833	0.059217	0.011753	1.0000	1.55 (39.4)
0.530572	0.643811	0.057199	0.011712	1.0000	0.18 (4.6)
0.644970	0.643895	0.021696	0.011628	1.0000	5/8
0.715909	0.643700	0.061279	0.012019	1.0000	8000 (551)
0.796844	0.643811	0.071006	0.011712	1.0000	10000 (689)
0.136095	0.632267	0.019724	0.008721	1.0000	1/2
0.209073	0.632267	0.029586	0.008721	1.0000	316L
0.295858	0.633721	0.055227	0.007267	1.0000	VVR-MU8
0.422091	0.632235	0.057199	0.008905	1.0000	1.84 (46.7)
0.532544	0.633571	0.063116	0.010325	1.0000	0.40 (10.2)
0.641026	0.633721	0.033531	0.008721	1.0000	15/16
0.715720	0.631378	0.063600	0.011396	1.0000	3500 (241)
0.802744	0.633653	0.061179	0.008856	1.0000	4300 (296)
0.136095	0.620640	0.019724	0.008721	1.0000	3/4
0.295818	0.620485	0.061224	0.009031	1.0000	VVR-MU12
0.422091	0.620640	0.059172	0.008924	1.0000	2.44 (62.0)
0.532490	0.620461	0.061252	0.010532	1.0000	0.62 (15.7)
0.639053	0.620640	0.037475	0.010174	1.0000	1-5/16
0.715886	0.618914	0.063297	0.012171	1.0000	3000(206)
0.800730	0.619012	0.063233	0.011977	1.0000	3700 (254)
0.295858	0.609012	0.061144	0.008721	1.0000	VVR-MU16
0.420118	0.609012	0.061144	0.008721	1.0000	2.59 (65.8)
0.532468	0.608713	0.061296	0.009319	1.0000	0.87 (22.1)
0.641026	0.607558	0.031558	0.010174	1.0000	1-5/8
0.714004	0.605966	0.065089	0.011766	1.0000	2400 (165)
0.800767	0.607483	0.063161	0.010325	1.0000	3000 (206)
0.112378	0.588795	0.349218	0.011592	1.0000	VFS components with fixed threads must remain stationary during installation.
0.122288	0.581395	0.471400	0.008721	1.0000	These fitting connections should be assembled only to glands with rotating male or female threaded nuts.
0.114398	0.571221	0.191322	0.008922	1.0000	Not designed for gasket retainer assembly
0.110454	0.550757	0.552268	0.010290	1.0000	* To order fittings manufactured for Surface finish Ra(Average)<0.4 add BA to the ordering number. Example: VVR-MU4-BA
0.110410	0.539404	0.704214	0.012934	1.0000	* Default process spec: VS001B. If ordering VS001A-spec fittings for VIGOUR Ultra-High Purity Products, add "P" to the order number. Example: VVR-MU4-P
0.099915	0.406395	0.168904	0.021317	1.0000	• Male Union Tee
0.145957	0.293605	0.025641	0.010174	1.0000	VFS
0.528375	0.292905	0.122724	0.012483	1.0000	Dimensions, in.(mm)
0.741617	0.295058	0.096647	0.010374	1.0000	Working Pressure
0.293344	0.287317	0.050356	0.012093	1.0000	Ordering
0.147929	0.283430	0.025641	0.008721	1.0000	Size
0.205075	0.283278	0.045471	0.009026	1.0000	Material
0.763214	0.284527	0.055427	0.009435	1.0000	psig (bar)
0.295858	0.279070	0.045365	0.008721	1.0000	Number
0.149901	0.273256	0.017751	0.007267	1.0000	in.
0.500986	0.273256	0.009862	0.008721	1.0000	D
0.658777	0.273256	0.011834	0.008721	1.0000	H
0.745562	0.273256	0.015779	0.007267	1.0000	NI
0.822485	0.273256	0.017751	0.008721	1.0000	SS
0.147929	0.252907	0.019724	0.010174	1.0000	1/8
0.280079	0.254360	0.067061	0.008721	1.0000	VVR-MUT-2
0.384615	0.254230	0.059172	0.008905	1.0000	1.78 (45.2)
0.481186	0.254090	0.055380	0.009263	1.0000	0.09 (2.3)
0.577909	0.254360	0.025641	0.008721	1.0000	7/16
0.639053	0.252894	0.059172	0.010240	1.0000	0.89 (22.6)
0.723776	0.254005	0.061324	0.009431	1.0000	9000 (620)
0.796844	0.251453	0.067061	0.011681	1.0000	11200 (771)
0.147929	0.242733	0.019724	0.008721	1.0000	1/4
0.280049	0.242609	0.065149	0.008968	1.0000	VVR-MUT-4
0.384615	0.242654	0.061144	0.007346	1.0000	2.14 (54.4)
0.481184	0.241002	0.055383	0.009274	1.0000	0.18 (4.6)
0.579882	0.242733	0.019724	0.008721	1.0000	1/2
0.638870	0.241282	0.059583	0.009552	1.0000	1.07 (27.2)
0.721865	0.241165	0.063174	0.008948	1.0000	8000(551)
0.794872	0.241279	0.069034	0.008721	1.0000	10000 (689)
0.147929	0.229651	0.019724	0.008721	1.0000	1/2
0.211045	0.229651	0.029586	0.008721	1.0000	316L
0.280079	0.229651	0.067061	0.008721	1.0000	VVR-MUT-8
0.384563	0.229449	0.061248	0.009124	1.0000	2.90 (73.7)
0.479290	0.228198	0.061144	0.010174	1.0000	0.40 (10.2)
0.573964	0.229651	0.033531	0.008721	1.0000	13/16
0.639053	0.228198	0.059172	0.010174	1.0000	1.45 (36.8)
0.719891	0.228093	0.065148	0.010383	1.0000	3500 (241)
0.798785	0.226652	0.063179	0.011813	1.0000	4300 (296)
0.147929	0.218023	0.019724	0.008721	1.0000	3/4
0.280079	0.218023	0.072978	0.008721	1.0000	VVR-MUT-12
0.384529	0.217683	0.061316	0.009401	1.0000	3.84 (97.5)
0.479290	0.216385	0.061144	0.008906	1.0000	0.62 (15.7)
0.575937	0.218023	0.029586	0.008721	1.0000	1-1/4
0.638995	0.216341	0.061261	0.009178	1.0000	1.92 (48.8)
0.723815	0.216371	0.061246	0.009118	1.0000	3000 (206)
0.800731	0.216352	0.059287	0.009156	1.0000	3700 (254)
0.280079	0.204942	0.072978	0.008721	1.0000	VVR-MUT-16
0.386535	0.204758	0.055332	0.009089	1.0000	4.00 (102)
0.479290	0.204809	0.061144	0.008905	1.0000	0.87 (22.1)
0.569941	0.204736	0.041577	0.009133	1.0000	1-11/16
0.639024	0.204831	0.061202	0.008943	1.0000	2.00 (50.8)
0.721793	0.203140	0.063317	0.010872	1.0000	2400 (165)
0.800789	0.203473	0.061144	0.010240	1.0000	3000 (206)
0.118343	0.184593	0.562130	0.010174	1.0000	* To order fittings manufactured for Surface finish Ra(Average)<0.4 add BA to the ordering number. Example: VVR-MUT-4-BA
0.118256	0.173111	0.714146	0.014413	1.0000	* Default process spec: VS001B. If ordering VS001A-spec fittings for VIGOUR Ultra-High Purity Products, add "P' to the order number. Example: VVR-MUT-4-P
0.765245	0.044905	0.128288	0.019201	1.0000	VIGOUR
0.925049	0.043605	0.019724	0.011628	1.0000	14
0.765286	0.036337	0.126233	0.007296	1.0000	we offer solutions regarding your ideas.
#FILE	tmp/pdfs/fitting_dimension_audit/vups_ocr/ocr-18.png
0.076565	0.929997	0.202057	0.021460	1.0000	Face Seal Fitting
0.078482	0.907361	0.135012	0.018470	1.0000	VVR Series
0.098619	0.815227	0.179487	0.014715	1.0000	• Flow Restrictors
0.104536	0.792075	0.358974	0.010251	1.0000	• This product can be used in liquid or gas delivery systems
0.118343	0.777616	0.321499	0.010174	1.0000	where repeatable flow reduction or limiting is required
0.104536	0.763081	0.252465	0.010293	1.0000	• one piece, compact design saves space
0.104475	0.746076	0.380800	0.012936	1.0000	• standard orifice sizes drilled through a 1/4 in. male VFS union
0.104536	0.734012	0.226824	0.008721	1.0000	• no dead volume for clean operation
0.656805	0.734012	0.021696	0.008721	1.0000	0.18
0.658777	0.726744	0.023669	0.007267	1.0000	(4.6)
0.741617	0.662791	0.025641	0.007267	1.0000	(39.4)
0.100592	0.625000	0.029586	0.008721	1.0000	Tube
0.384043	0.623040	0.048543	0.011954	1.0000	Working
0.524655	0.625000	0.029586	0.008721	1.0000	Tube
0.806134	0.623120	0.046693	0.011873	1.0000	Working
0.171562	0.619081	0.047408	0.008930	1.0000	Qrdering
0.252465	0.619186	0.110454	0.008721	1.0000	Dimensions, in. (mm)
0.591716	0.619186	0.049310	0.008721	1.0000	Qrdering
0.678501	0.619186	0.110454	0.008721	1.0000	Dimensions, in.(mm)
0.102564	0.614826	0.025641	0.008721	1.0000	Size
0.384615	0.614826	0.049310	0.008721	1.0000	Pressure
0.526627	0.614826	0.025641	0.008721	1.0000	Size
0.806706	0.614826	0.049310	0.008721	1.0000	Pressure
0.171598	0.609012	0.045365	0.008721	1.0000	Number
0.593688	0.610465	0.045365	0.007267	1.0000	Number
0.106509	0.604651	0.015779	0.007267	1.0000	in.
0.297830	0.603198	0.019724	0.010174	0.5000	EХ
0.382569	0.602945	0.053403	0.009227	1.0000	psig (bar)
0.530572	0.603198	0.015779	0.008721	1.0000	in.
0.723866	0.604651	0.017751	0.007267	1.0000	EX
0.804734	0.603198	0.053254	0.008721	1.0000	psig (bar)
0.143984	0.585756	0.100592	0.008721	1.0000	VVR-MU4-DM-010
0.264262	0.584136	0.080944	0.010508	1.0000	0.010 (0.254)
0.566075	0.585756	0.100592	0.008721	1.0000	VVR-MU4-DM-045
0.690306	0.584178	0.078954	0.010423	1.0000	0.045 (1.143)
0.143984	0.574128	0.100592	0.007267	1.0000	VVR-MU4-DM-012
0.262309	0.571148	0.082878	0.011774	1.0000	0.012 (0.305)
0.566075	0.572674	0.100592	0.008721	1.0000	VVR-MU4-DM-050
0.688363	0.572573	0.080868	0.008905	1.0000	0.050 (1.270)
0.143984	0.561047	0.100592	0.008721	1.0000	VVR-MU4-DM-015
0.264246	0.559357	0.080975	0.010647	1.0000	0.015 (0.381)
0.562130	0.559593	0.104536	0.010174	1.0000	VVR-MU4-DM-055
0.688307	0.559345	0.080980	0.010670	1.0000	0.055 (1.397)
0.143984	0.547965	0.100592	0.008721	1.0000	VVR-MU4-DM-017
0.264300	0.547965	0.080868	0.008721	1.0000	0.017 (0.432)
0.565789	0.546667	0.101088	0.011596	1.0000	VVR-MU4-DM-060
0.690335	0.547965	0.078895	0.008721	1.0000	0.060 (1.529)
0.143984	0.536337	0.102564	0.008721	1.0000	VVR-MU4-DM-020
0.264253	0.534680	0.080961	0.010582	1.0000	0.020 (0.508)
0.562130	0.534884	0.104536	0.010174	1.0000	VVR-MU4-DM-070
0.688217	0.532836	0.083133	0.012816	1.0000	0.070 (1.778)
0.106509	0.521802	0.017751	0.008721	1.0000	1/4
0.143724	0.521870	0.101076	0.011791	1.0000	VVR-MU4-DM-023
0.264300	0.523152	0.080868	0.008905	1.0000	0.023 (0.584)
0.376726	0.520349	0.067061	0.010372	1.0000	10000 (689)
0.528600	0.520349	0.019724	0.010174	1.0000	1/4
0.563774	0.520442	0.103187	0.013143	1.0000	VVR-MU4-DM-075
0.690335	0.523152	0.078895	0.008905	1.0000	0.075 (1.905)
0.796844	0.518700	0.069034	0.012021	1.0000	10000 (689)
0.143984	0.511628	0.102564	0.008721	1.0000	VVR-MU4-DM-025
0.264249	0.509952	0.080969	0.010619	1.0000	0.025 (0.635)
0.562130	0.508721	0.104536	0.011628	1.0000	VVR-MU4-DM-080
0.690305	0.510043	0.078957	0.010436	1.0000	0.080 (2.032)
0.143984	0.498547	0.100592	0.008721	1.0000	VVR-MU4-DM-026
0.264300	0.498547	0.080868	0.008721	1.0000	0.026 (0.660)
0.564103	0.498547	0.102564	0.010174	1.0000	VVR-MU4-DM-085
0.690335	0.498547	0.078895	0.008721	1.0000	0.085 (2.159)
0.143984	0.486919	0.100592	0.008721	1.0000	VVR-MU4-DM-027
0.264234	0.485172	0.081000	0.010760	1.0000	0.027 (0.686)
0.566075	0.486919	0.100592	0.008721	1.0000	VVR-MU4-DM-090
0.690292	0.485282	0.078981	0.010541	1.0000	0.090 (2.286)
0.143984	0.473837	0.100592	0.008721	1.0000	VVR-MU4-DM-030
0.264280	0.473750	0.080908	0.010349	1.0000	0.030 (0.762)
0.566075	0.473837	0.100592	0.008721	1.0000	VVR-MU4-DM-093
0.688363	0.473837	0.035503	0.008721	1.0000	0.093
0.725754	0.473604	0.043561	0.009188	1.0000	(2.362)
0.143984	0.462209	0.100592	0.008721	1.0000	VVR-MU4-DM-035
0.264300	0.462155	0.080868	0.008905	1.0000	0.035 (0.889)
0.564103	0.462209	0.102564	0.008721	1.0000	VVR-MU4-DM-095
0.686391	0.460756	0.039448	0.010174	1.0000	0.095
0.723456	0.460527	0.046462	0.011616	1.0000	(2.413)
0.143984	0.449128	0.100592	0.008721	1.0000	VVR-MU4-DM-040
0.264300	0.449128	0.080868	0.008721	1.0000	0.040 (1.016)
0.564103	0.449128	0.102564	0.008721	1.0000	VVR-MU4-DM-100
0.690335	0.449128	0.078895	0.008721	1.0000	0.100 (2.540)
0.088757	0.418522	0.745562	0.008905	1.0000	* Default process spec: VS001B. If ordering VS001A-spec fittings for VIGOUR Ultra-High Purity Products, add "P" to the order number. Example: VVR-MU4-DM-010-P
0.090730	0.408281	0.721893	0.008905	1.0000	* The VFS component with fixed threads must be secured during the installation process and can only be connected to internally threaded pipes with rotating nuts.
0.088757	0.398041	0.364892	0.008936	1.0000	* For custom metric-sized flow restrictor fittings, please contact the manufacturer.
0.100592	0.315227	0.197239	0.016168	1.0000	• Fitting Lock Device
0.112345	0.286352	0.716135	0.016998	1.0000	This device is intended for use on VIGOUR VFS metal gasket face seal assemblies with standard male and female nuts.
0.238659	0.248547	0.025641	0.008721	1.0000	Size
0.382643	0.245640	0.049310	0.011628	1.0000	Ordering
0.637081	0.248547	0.027613	0.008721	1.0000	Size
0.729275	0.246712	0.052477	0.012001	1.0000	Matching
0.819891	0.246716	0.048500	0.011238	1.0000	Ordering
0.242604	0.238372	0.015779	0.007267	1.0000	in.
0.295858	0.235465	0.047337	0.011628	1.0000	Material
0.384105	0.235555	0.046423	0.011932	1.0000	Number
0.641026	0.238372	0.017751	0.007267	1.0000	in.
0.672584	0.238372	0.047337	0.008721	1.0000	Material
0.735700	0.236919	0.041420	0.008721	1.0000	product
0.820174	0.236318	0.045868	0.010389	1.0000	Number
0.240631	0.219477	0.019724	0.008721	1.0000	1/4
0.305720	0.219477	0.029586	0.008721	1.0000	316L
0.376647	0.217743	0.065246	0.010734	1.0000	VVR-FLD-4
0.639053	0.219477	0.019724	0.008721	1.0000	1/4
0.682446	0.219477	0.029586	0.008721	1.0000	316L
0.735700	0.219477	0.041420	0.008721	1.0000	VDV32
0.794872	0.219477	0.096647	0.008721	1.0000	VVR-FLD-DV32-4
0.240631	0.206395	0.019724	0.010174	1.0000	1/2
0.303748	0.204942	0.031558	0.010174	1.0000	316L
0.376657	0.204729	0.065227	0.012053	1.0000	VVR-FLD-8
0.735700	0.207849	0.041420	0.008721	1.0000	VDV33
0.794872	0.207849	0.096647	0.008721	1.0000	VVR-FLD-DV33-4
0.639053	0.194767	0.019724	0.008721	1.0000	1/2
0.682446	0.194767	0.029586	0.008721	1.0000	316L
0.735700	0.194767	0.041420	0.010174	1.0000	VDV32
0.792899	0.193314	0.098619	0.010174	1.0000	VVR-FLD-DV32-8
0.108268	0.168953	0.152282	0.014288	1.0000	* Default process spec: VS001B.
0.063116	0.046512	0.019724	0.013081	1.0000	15
0.106397	0.044670	0.128429	0.021126	1.0000	VIGOUR
0.106509	0.036337	0.128205	0.007296	1.0000	we offer solutions regarding your ideas!
#FILE	tmp/pdfs/fitting_dimension_audit/vups_ocr/ocr-19.png
0.689937	0.929765	0.229534	0.022033	1.0000	Face Seal Fittings
0.775148	0.908281	0.143984	0.017809	1.0000	VVR Series
0.086785	0.815407	0.053254	0.018895	1.0000	INut
0.114398	0.765806	0.126233	0.016171	1.0000	Short Male Nut
0.116371	0.750000	0.181460	0.015988	1.0000	for use with short gland.
0.157791	0.715116	0.031558	0.014535	1.0000	VFS
0.465321	0.716182	0.043717	0.010950	1.0000	Qrdering
0.674357	0.716095	0.110843	0.010760	1.0000	Dimensions, in.(mm)
0.157791	0.704942	0.029586	0.011628	1.0000	Size
0.293886	0.703488	0.051282	0.015988	1.0000	Material
0.465483	0.706395	0.041420	0.010174	1.0000	Number
0.161736	0.694767	0.019724	0.010174	1.0000	in.
0.642998	0.696221	0.011834	0.010174	1.0000	L
0.729783	0.696221	0.011834	0.008721	1.0000	D
0.812623	0.696221	0.011834	0.010174	1.0000	F
0.635108	0.675872	0.027613	0.010174	1.0000	0.54
0.723866	0.678779	0.027613	0.007267	1.0000	0.36
0.159763	0.668605	0.021696	0.013081	1.0000	1/4
0.299803	0.668605	0.035503	0.014535	1.0000	316L
0.445759	0.668605	0.080868	0.014535	1.0000	VVR-MN4-L13
0.806706	0.670058	0.019724	0.010174	1.0000	5/8
0.629191	0.662791	0.037475	0.010174	1.0000	(13.7)
0.721893	0.662791	0.031558	0.010174	1.0000	(9.1)
0.633136	0.648256	0.029586	0.011628	1.0000	0.65
0.721893	0.648256	0.029586	0.011628	1.0000	0.36
0.159763	0.642442	0.021696	0.011628	1.0000	1/4
0.299803	0.642442	0.035503	0.013081	1.0000	316L
0.439782	0.643645	0.086906	0.012128	1.0000	WR-MN4-L16
0.804734	0.642442	0.021696	0.011628	1.0000	5/8
0.630954	0.637092	0.036003	0.009921	1.0000	(16.5)
0.721893	0.635174	0.029586	0.011628	1.0000	(9.1)
0.076681	0.606413	0.154282	0.015783	1.0000	* Default process spec: VS001B.
0.790927	0.559593	0.021696	0.007267	1.0000	F flaf
0.110454	0.496883	0.173570	0.016198	1.0000	Split-Nut Assemblies
0.112331	0.483792	0.061334	0.014975	1.0000	Female
0.161736	0.443314	0.029586	0.013081	1.0000	VFS
0.441503	0.443866	0.049938	0.012049	1.0000	Qrdering
0.666667	0.446126	0.110454	0.008905	1.0000	Dimensions, in. (mm)
0.161736	0.433140	0.027613	0.013081	1.0000	Size
0.297830	0.433140	0.047337	0.013081	1.0000	Material
0.443694	0.432956	0.047523	0.013449	1.0000	Number
0.165680	0.422965	0.019724	0.011628	1.0000	in.
0.603550	0.425872	0.009862	0.008721	1.0000	L
0.660750	0.425872	0.011834	0.008721	1.0000	T
0.717949	0.425872	0.011834	0.008721	1.0000	D
0.777120	0.425872	0.011834	0.008721	1.0000	H
0.595661	0.406977	0.025641	0.008721	1.0000	0.81
0.652860	0.406977	0.027613	0.008721	1.0000	0.63
0.714004	0.406977	0.025641	0.008721	1.0000	0.36
0.769231	0.406977	0.027613	0.008721	1.0000	0.68
0.163708	0.398256	0.021696	0.011628	1.0000	1/4
0.305720	0.398256	0.031558	0.011628	1.0000	316L
0.435897	0.398256	0.063116	0.013081	1.0000	VVR-SFN4
0.824458	0.401163	0.019724	0.008721	1.0000	3/4
0.589345	0.391396	0.038273	0.010813	1.0000	(20.6)
0.646943	0.390988	0.039448	0.011628	1.0000	(16.0)
0.712032	0.390988	0.029586	0.011628	1.0000	(9.1)
0.763314	0.390988	0.037475	0.011628	1.0000	(17.4)
0.084571	0.372442	0.152337	0.015742	1.0000	* Default process spec: VS001B.
0.118343	0.254230	0.169625	0.014693	1.0000	Split-Nut Assemblies
0.118343	0.241279	0.041420	0.013081	1.0000	Male
0.167653	0.202035	0.029586	0.011628	1.0000	VFS
0.473343	0.201959	0.047397	0.010327	1.0000	Qrdering
0.686391	0.203473	0.110454	0.008905	1.0000	Dimensions, in. (mm)
0.169625	0.190407	0.029586	0.011628	1.0000	Size
0.305656	0.190264	0.047466	0.011914	1.0000	Material
0.473373	0.193314	0.047337	0.008721	1.0000	Number
0.171598	0.180233	0.021696	0.011628	1.0000	in.
0.656805	0.181686	0.009862	0.010174	1.0000	L
0.741617	0.183140	0.009862	0.008721	1.0000	D
0.824458	0.183140	0.011834	0.008721	1.0000	F
0.648915	0.164244	0.025641	0.008721	1.0000	0.60
0.735700	0.164244	0.027613	0.008721	1.0000	0.36
0.171598	0.155523	0.021696	0.011628	1.0000	1/4
0.313609	0.155523	0.031558	0.011628	1.0000	316L
0.463310	0.154773	0.065491	0.011674	1.0000	VVR-SMN4
0.820513	0.156977	0.019724	0.008721	1.0000	5/8
0.642998	0.148256	0.035503	0.010174	1.0000	(15.2)
0.735700	0.149709	0.027613	0.008721	1.0000	(9.1)
0.086785	0.133571	0.153846	0.013357	1.0000	* Default process spec: VS001B.
0.765286	0.045058	0.128205	0.018895	1.0000	VIGOUR
0.925049	0.043605	0.019724	0.011628	1.0000	16
0.765286	0.036337	0.128205	0.007296	1.0000	we offer solutions regarding your ideas!
#FILE	tmp/pdfs/fitting_dimension_audit/vups_ocr/ocr-20.png
0.078388	0.928530	0.204202	0.024784	1.0000	Face Seal Fitting
0.078788	0.906542	0.138282	0.019765	1.0000	VVR Series
0.110327	0.839750	0.106763	0.021081	1.0000	• Male Nut
0.147929	0.736919	0.029586	0.013081	1.0000	VFS
0.249710	0.735110	0.052775	0.015611	1.0000	Ordering
0.641026	0.739826	0.122288	0.010174	1.0000	Dimensions, in.(mm)
0.149901	0.725291	0.027613	0.013081	1.0000	Şize
0.252465	0.726744	0.047337	0.011628	1.0000	Number
0.416152	0.725253	0.051325	0.016063	1.0000	Material
0.571992	0.728198	0.009862	0.010174	1.0000	F
0.824458	0.728198	0.009862	0.008721	1.0000	D
0.153846	0.718023	0.017751	0.008721	1.0000	in.
0.554241	0.718023	0.049310	0.008721	1.0000	Hex Flat
0.151874	0.699128	0.019724	0.010174	1.0000	1/8
0.248473	0.697569	0.059266	0.014745	1.0000	VVR-MN2
0.570020	0.699128	0.021696	0.010174	1.0000	3/8
0.674495	0.698924	0.061267	0.010582	1.0000	0.50 (12.7)
0.806642	0.698944	0.053382	0.010542	1.0000	0.21 (5.3)
0.149901	0.684593	0.021696	0.011628	1.0000	1/4
0.248521	0.684593	0.057199	0.011628	1.0000	VVR-MN4
0.571992	0.686047	0.019724	0.008721	1.0000	5/8
0.674536	0.685970	0.061184	0.008873	1.0000	0.71 (18.0)
0.804711	0.684525	0.055273	0.010310	1.0000	0.36 (9.1)
0.151874	0.672965	0.019724	0.008721	1.0000	1/2
0.248506	0.671472	0.057229	0.011707	1.0000	VVR-MN8
0.426036	0.671512	0.031558	0.011628	1.0000	316L
0.562130	0.671512	0.035503	0.010174	1.0000	15/16
0.674512	0.672795	0.061232	0.009060	1.0000	0.81 (20.6)
0.802701	0.671312	0.061264	0.010574	1.0000	0.61 (15.5)
0.149901	0.656977	0.021696	0.011628	1.0000	3/4
0.246548	0.656977	0.067061	0.011628	1.0000	VVR-MN12
0.562130	0.659884	0.037475	0.008721	1.0000	1-5/16
0.672584	0.656977	0.063116	0.011768	1.0000	1.00 (25.4)
0.800789	0.656977	0.063116	0.011768	1.0000	0.89 (22.6)
0.246479	0.643674	0.067200	0.012071	1.0000	VVR-MN16
0.564103	0.646802	0.031558	0.008721	1.0000	1-5/8
0.672451	0.643492	0.063382	0.012434	1.0000	1.19 (30.2)
0.802720	0.645188	0.061227	0.009044	1.0000	1.20 (30.5)
0.114398	0.629360	0.147929	0.010174	1.0000	* Default process spec: VS001B.
0.686273	0.605663	0.047573	0.008151	1.0000	Leak test.
0.688363	0.597384	0.025641	0.007267	1.0000	ports
0.109678	0.564925	0.129316	0.017947	1.0000	• Female Nut
0.151874	0.462209	0.025641	0.008721	1.0000	VFS
0.254438	0.460756	0.047337	0.010174	1.0000	Ordering
0.642998	0.462155	0.122288	0.010240	1.0000	Dimensions, in.(mm)
0.153175	0.451022	0.026791	0.009470	1.0000	Size
0.256370	0.450466	0.045446	0.008952	1.0000	Number
0.422091	0.450581	0.045365	0.008721	1.0000	Material
0.573964	0.452035	0.009862	0.008721	1.0000	F
0.157791	0.440407	0.015779	0.008721	1.0000	in.
0.556213	0.441674	0.047337	0.008907	1.0000	Hex Flat
0.153846	0.422965	0.019724	0.008721	1.0000	1/8
0.252370	0.422639	0.053445	0.009373	1.0000	VVR-FN2
0.566075	0.421512	0.029586	0.011628	1.0000	7/16
0.676480	0.421351	0.061241	0.010495	1.0000	0.53 (13.5)
0.808458	0.420820	0.055667	0.011557	1.0000	0.21 (5.3)
0.153846	0.409884	0.019724	0.007267	1.0000	1/4
0.252465	0.408430	0.053254	0.008721	1.0000	VVR-FN4
0.570020	0.406977	0.021696	0.011628	1.0000	3/4
0.676514	0.408374	0.061174	0.008834	1.0000	0.81 (20.6)
0.806706	0.406946	0.057199	0.011659	1.0000	0.36 (9.1)
0.153846	0.395349	0.019724	0.008721	1.0000	1/2
0.252453	0.395307	0.053280	0.008805	1.0000	VVR-FN8
0.428008	0.393895	0.031558	0.011628	1.0000	316L
0.564103	0.395349	0.037475	0.008721	1.0000	1-1/16
0.676480	0.395162	0.061240	0.009095	1.0000	0.88 (22.4)
0.802740	0.393833	0.063158	0.011752	1.0000	0.61 (15.5)
0.153846	0.382267	0.019724	0.008721	1.0000	3/4
0.252395	0.381999	0.059313	0.009258	1.0000	VVR-FN12
0.568047	0.382267	0.029586	0.008721	1.0000	1-1/2
0.676464	0.382016	0.061273	0.009224	1.0000	1.12 (28.4)
0.804734	0.380677	0.061144	0.010312	1.0000	0.89 (22.6)
0.157791	0.367733	0.011834	0.008721	1.0000	1
0.252465	0.367733	0.059172	0.008721	1.0000	VVR-FN16
0.568047	0.369186	0.029586	0.008721	1.0000	1-3/4
0.676475	0.367555	0.061251	0.010530	1.0000	1.34 (34.0)
0.804638	0.367413	0.061335	0.010815	1.0000	1.20 (30.5)
0.114398	0.353072	0.147929	0.008905	1.0000	* Default process spec: VS001B.
0.710013	0.332674	0.049403	0.007618	1.0000	Leak test
0.712032	0.324128	0.025641	0.007267	1.0000	ports
0.107593	0.256875	0.104434	0.021197	1.0000	•Coupling
0.136095	0.203488	0.025641	0.008721	1.0000	VFS
0.672584	0.204809	0.120316	0.010308	1.0000	Dimensions, in.(mm)
0.136095	0.193314	0.027613	0.008721	1.0000	Size
0.287844	0.195855	0.045614	0.009452	1.0000	Material
0.455621	0.197674	0.049310	0.010174	1.0000	Ordering
0.457497	0.187262	0.045558	0.010651	1.0000	Number
0.140039	0.183140	0.017751	0.007267	1.0000	in.
0.652860	0.181686	0.009862	0.010174	1.0000	L
0.138067	0.164244	0.019724	0.008721	1.0000	1/8
0.447618	0.162479	0.057428	0.012252	1.0000	VVR-FU2
0.629021	0.163542	0.061485	0.010125	1.0000	0.66 (16.8)
0.796676	0.162556	0.029922	0.012098	1.0000	7/16
0.138067	0.152616	0.019724	0.007267	1.0000	1/4
0.447732	0.149709	0.057199	0.011628	1.0000	VVR-FU4
0.627219	0.149599	0.063116	0.011738	1.0000	1.19 (30.2)
0.802761	0.152616	0.019724	0.008721	1.0000	3/4
0.138067	0.139535	0.019724	0.008721	1.0000	1/2
0.293886	0.139535	0.029586	0.008721	1.0000	316L
0.449585	0.137768	0.055464	0.012254	1.0000	VVR-FU8
0.629191	0.139359	0.061144	0.008905	1.0000	1.31 (33.3)
0.794872	0.139535	0.035503	0.008721	1.0000	1-1/16
0.138067	0.127907	0.019724	0.008721	1.0000	3/4
0.447655	0.124769	0.063271	0.012090	1.0000	VVR-FU12
0.627020	0.124384	0.063514	0.012860	1.0000	1.68 (42.7)
0.796844	0.126453	0.029586	0.010174	1.0000	1-1/2
0.449535	0.114242	0.061483	0.011342	1.0000	VVR-FU16
0.627219	0.113372	0.063116	0.011739	1.0000	2.04 (51.8)
0.796844	0.113372	0.031558	0.011628	1.0000	1-3/4
0.114398	0.100178	0.147929	0.008905	1.0000	* Default process spec: VS001B.
0.063116	0.046512	0.019724	0.011628	1.0000	17
0.106478	0.044942	0.128268	0.019127	1.0000	VIGOUR
0.106509	0.036337	0.128205	0.007296	1.0000	we offer solutions regarding your ideas!
#FILE	tmp/pdfs/fitting_dimension_audit/vups_ocr/ocr-21.png
0.715618	0.928543	0.202075	0.022034	1.0000	Face Seal Fitting
0.782911	0.907474	0.134471	0.017650	1.0000	VVR Series
0.098643	0.802947	0.067176	0.024910	1.0000	I plug
0.151874	0.702035	0.027613	0.011628	1.0000	VFS
0.382223	0.700469	0.071826	0.014359	1.0000	Corded Plug
0.686391	0.703473	0.122288	0.010240	1.0000	Dimensions, in.(mm)
0.151874	0.690407	0.027613	0.011628	1.0000	Size
0.232742	0.688780	0.094675	0.014708	1.0000	Ordering Number
0.370599	0.690223	0.095070	0.012934	1.0000	Ordering Number
0.518715	0.693250	0.045410	0.008848	1.0000	Material
0.157791	0.683140	0.017751	0.007267	1.0000	in.
0.650888	0.682992	0.047337	0.008905	1.0000	Hex Flat
0.155819	0.664244	0.019724	0.008721	1.0000	1/8
0.250365	0.661098	0.049567	0.015014	1.0000	VVR-P2
0.666667	0.664244	0.019724	0.008721	1.0000	3/8
0.786904	0.663938	0.061300	0.009333	1.0000	0.68 (17.3)
0.153846	0.648256	0.021696	0.011628	1.0000	1/4
0.250493	0.648256	0.051282	0.013081	1.0000	VVR-P4
0.384615	0.648256	0.057199	0.011628	1.0000	WVR-P4-L
0.664694	0.649709	0.021696	0.010174	1.0000	5/8
0.785010	0.648256	0.063116	0.011628	1.0000	0.92 (23.4)
0.155819	0.638081	0.019724	0.008721	1.0000	1/2
0.254438	0.638081	0.045365	0.008721	1.0000	VVR-P8
0.386588	0.638081	0.055227	0.008721	1.0000	VVR-P8-L
0.526627	0.638081	0.029586	0.008721	1.0000	316L
0.658777	0.638081	0.033531	0.008721	1.0000	15/16
0.788955	0.636628	0.059172	0.010300	1.0000	1.08 (27.4)
0.155819	0.623547	0.017751	0.008721	1.0000	3/4
0.254438	0.623547	0.051282	0.008721	1.0000	VVR-P12
0.386491	0.623161	0.061338	0.009492	1.0000	VVR-P12-L
0.658777	0.623547	0.035503	0.008721	1.0000	1-5/16
0.788955	0.621995	0.059172	0.010273	1.0000	1.43 (36.3)
0.254372	0.610251	0.051413	0.009148	1.0000	VVR-P16
0.386510	0.610159	0.061300	0.009333	1.0000	VVR-P16-L
0.662722	0.610465	0.029586	0.008721	1.0000	1-5/8
0.786922	0.607383	0.061265	0.011978	1.0000	1.52 (38.6)
0.118238	0.592945	0.203393	0.010737	1.0000	Not designed for gasket retainer assembl y.
0.118343	0.584150	0.285996	0.008905	1.0000	Also available as a rotatable plug. Ordering number: VVR-P8-R
0.114359	0.572729	0.603623	0.011593	1.0000	" Default process spec: VS001B. If ordering VS001A-spec fittings for VIGOUR Ultra-High Purity Products, add "P" to the order number.
0.122288	0.565407	0.092702	0.008721	1.0000	Example: VVR-P4-P
0.741617	0.501453	0.021696	0.005814	1.0000	Leak
0.741617	0.492733	0.017751	0.007267	1.0000	test
0.098460	0.453949	0.059451	0.022047	1.0000	LCap
0.138067	0.350291	0.025641	0.008721	1.0000	VFS
0.333276	0.348629	0.067175	0.010590	1.0000	Corded Plug
0.629191	0.351736	0.120316	0.008905	1.0000	Dimensions, in.(mm)
0.136095	0.337209	0.027613	0.011628	1.0000	Size
0.203156	0.338663	0.092702	0.008721	1.0000	Ordering Number
0.321499	0.337044	0.092702	0.010340	1.0000	Ordering Number
0.443787	0.337209	0.049310	0.013081	1.0000	Material
0.560158	0.340116	0.009862	0.010174	1.0000	F
0.684418	0.340116	0.011834	0.010174	1.0000	L
0.808679	0.337209	0.013807	0.011628	1.0000	A
0.142012	0.328488	0.015779	0.008721	1.0000	in.
0.538462	0.327035	0.051282	0.011790	1.0000	Hex Flat
0.140039	0.311047	0.019724	0.007267	1.0000	1/8
0.220682	0.307621	0.047789	0.012665	1.0000	VR-C2
0.552268	0.309593	0.029586	0.010174	1.0000	7/16
0.660675	0.307942	0.063265	0.013476	1.0000	0.63 (16.0)
0.790927	0.308103	0.057199	0.013118	1.0000	0.30 (7.6)
0.140039	0.297965	0.019724	0.007267	1.0000	1/4
0.222880	0.296512	0.047337	0.010174	1.0000	VVR-C4
0.333301	0.294969	0.059236	0.011807	1.0000	VVR-C4-L
0.556213	0.295058	0.021696	0.011628	1.0000	3/4
0.660750	0.295058	0.063116	0.011709	1.0000	0.94 (23.9)
0.788873	0.294814	0.063279	0.012117	1.0000	0.44 (11.2)
0.140039	0.283430	0.019724	0.008721	1.0000	1/2
0.222880	0.283430	0.047337	0.008721	1.0000	VVR-C8
0.337233	0.283272	0.055317	0.009037	1.0000	VVR-C8-L
0.453649	0.281977	0.031558	0.011628	1.0000	316L
0.550296	0.283430	0.035503	0.008721	1.0000	1-1/16
0.660720	0.280445	0.063176	0.013237	1.0000	1.01 (25.6)
0.788865	0.280263	0.061323	0.012149	1.0000	0.45 (11.4)
0.140039	0.270349	0.017751	0.008721	1.0000	3/4
0.220758	0.267044	0.055526	0.012423	1.0000	VVR-C12
0.333241	0.268567	0.065273	0.010831	1.0000	VVR-C12-L
0.552268	0.267442	0.031558	0.013081	1.0000	1-1/2
0.660619	0.267093	0.063376	0.013778	1.0000	1.29 (32.8)
0.786982	0.267442	0.065089	0.013081	1.0000	0.54 (13.7)
0.143984	0.255814	0.009862	0.008721	1.0000	1
0.220874	0.254261	0.055294	0.010373	1.0000	VVR-C16
0.333317	0.254305	0.065121	0.010286	1.0000	VVR-C16-L
0.552268	0.254360	0.031558	0.011628	1.0000	1-3/4
0.660750	0.252894	0.063116	0.013094	1.0000	1.54 (39.1)
0.786982	0.252894	0.065089	0.013094	1.0000	0.63 (16.0)
0.104536	0.239826	0.151874	0.008721	1.0000	* Default process spec: VS001B.
#FILE	tmp/pdfs/fitting_dimension_audit/vups_ocr/ocr-22.png
0.078645	0.928644	0.205660	0.024082	1.0000	Face Seal Fitting
0.078895	0.906946	0.140039	0.020481	1.0000	VVR Series
0.098570	0.826905	0.098717	0.020608	1.0000	| Gaskets
0.145957	0.760174	0.029586	0.013081	1.0000	VFS
0.248023	0.759110	0.052414	0.015665	1.0000	Ordering
0.639053	0.763081	0.122288	0.010293	1.0000	Dimensions, in.(mm)
0.145957	0.750000	0.029586	0.011628	1.0000	Size
0.248521	0.750000	0.047337	0.011628	1.0000	Number
0.414174	0.749948	0.051336	0.014639	1.0000	Material
0.149901	0.739826	0.021696	0.011628	1.0000	in.
0.566075	0.742733	0.019724	0.008721	1.0000	D1
0.694280	0.742733	0.011834	0.008721	1.0000	T
0.234584	0.720535	0.071267	0.013871	1.0000	VVR-GK-G2
0.424063	0.720930	0.031558	0.013081	1.0000	316L
0.147929	0.713663	0.023669	0.013081	1.0000	1/8
0.552107	0.715977	0.055550	0.009906	1.0000	0.09 (2.3)
0.672547	0.716426	0.061218	0.009008	1.0000	0.028 (0.7)
0.804722	0.716528	0.055251	0.008805	1.0000	0.26 (6.6)
0.234588	0.707392	0.085064	0.013995	1.0000	VVR-GK-G2-NI
0.422091	0.707849	0.037475	0.011628	1.0000	Nickel
0.234674	0.693194	0.071087	0.013321	1.0000	VVR-GK-G4
0.424063	0.694767	0.031558	0.010174	1.0000	316L
0.147929	0.680233	0.025641	0.014535	1.0000	1/4
0.234681	0.680117	0.084878	0.013312	1.0000	VVR-GK-G4-NI
0.422091	0.680233	0.037475	0.011628	1.0000	Nickel
0.550264	0.681587	0.057264	0.010372	1.0000	0.22 (5.6)
0.670611	0.680233	0.063116	0.011664	1.0000	0.028 (0.7)
0.800789	0.681656	0.061144	0.010240	1.0000	0.47 (11.9)
0.234565	0.665228	0.091027	0.016928	1.0000	VVR-GK-G4-SP
0.404321	0.665644	0.071042	0.013188	1.0000	Silver-plated
0.234714	0.652616	0.098619	0.013081	1.0000	VVR-GK-G4-12.4
0.424063	0.654070	0.031558	0.011628	1.0000	316L
0.147929	0.646802	0.023669	0.011628	1.0000	1/4
0.548291	0.646723	0.059236	0.013241	1.0000	0.22 (5.6)
0.670611	0.646802	0.065089	0.013081	1.0000	0.028 (0.7)
0.798817	0.645147	0.063116	0.014737	1.0000	0.48 (12.4)
0.234714	0.639535	0.112426	0.011628	1.0000	VVR-GK-G4-NI-12.4
0.422091	0.639535	0.035503	0.011628	1.0000	Nickel
0.234602	0.626070	0.071231	0.012395	1.0000	VVR-GK-G8
0.424063	0.626453	0.031558	0.011628	1.0000	316L
0.147929	0.611919	0.021696	0.013081	1.0000	1/2
0.236686	0.614826	0.082840	0.008721	1.0000	VVR-GK-G8-NI
0.422091	0.614826	0.037475	0.008721	1.0000	Nickel
0.546351	0.611754	0.061144	0.013357	1.0000	0.44 (11.2)
0.670611	0.611754	0.063116	0.013357	1.0000	0.028 (0.7)
0.798447	0.611666	0.063819	0.014447	1.0000	0.78 (19.8)
0.236489	0.598876	0.087273	0.011733	1.0000	VVR-GK-G8-SP
0.404279	0.598635	0.071126	0.012032	1.0000	Silver-plated
0.234714	0.585756	0.076923	0.010174	1.0000	VVR-GK-G12
0.424063	0.587209	0.031558	0.010174	1.0000	316L
0.147929	0.578488	0.021696	0.011628	1.0000	314
0.546351	0.578362	0.063116	0.013357	1.0000	0.66 (16.8)
0.670611	0.578362	0.063116	0.013357	1.0000	0.028 (0.7)
0.798753	0.578319	0.063244	0.013419	1.0000	1.14 (29.0)
0.236686	0.574128	0.090730	0.008721	1.0000	VVR-GK-G12-NI
0.424063	0.574128	0.035503	0.008721	1.0000	Nickel
0.236632	0.559371	0.075060	0.010618	1.0000	VVR-GK-G16
0.424063	0.558140	0.031558	0.011628	1.0000	316L
0.153846	0.552326	0.011834	0.010174	1.0000	1
0.546351	0.552326	0.065089	0.013124	1.0000	0.89 (22.6)
0.670142	0.551111	0.065914	0.016315	1.0000	0.028 (0.7)
0.798747	0.550707	0.063255	0.014865	1.0000	1.40 (35.6)
0.234714	0.545058	0.092702	0.010174	1.0000	VVR-GK-G16-NI
0.420118	0.545058	0.039448	0.010174	1.0000	Nickel
0.120316	0.523152	0.151874	0.010278	1.0000	* Default process spec: VS001B.
0.100244	0.415558	0.268875	0.019176	1.0000	• Gasket Retainer Assembly
0.149901	0.348837	0.025641	0.008721	1.0000	VFS
0.250493	0.345930	0.049310	0.011628	1.0000	Ordering
0.637081	0.348620	0.124260	0.012021	1.0000	Dimensions, in.(mm)
0.149901	0.338663	0.025641	0.008721	1.0000	Size
0.250415	0.335581	0.047494	0.011977	1.0000	Number
0.416174	0.335756	0.047337	0.013081	1.0000	Material
0.153846	0.328488	0.017751	0.008721	1.0000	in.
0.236686	0.308140	0.076923	0.011628	1.0000	VVR-GKR-G4
0.424063	0.308140	0.031558	0.011628	1.0000	316L
0.147929	0.293605	0.023669	0.013081	1.0000	1/4
0.236686	0.293605	0.092702	0.011628	1.0000	WVR-GKR-G4-NI
0.422091	0.293605	0.037475	0.013081	1.0000	Nickel
0.548323	0.293605	0.061144	0.014535	0.3000	(19) FZ0
0.670611	0.293605	0.067061	0.014535	1.0000	(L'O) 8200
0.798657	0.293161	0.065408	0.013969	1.0000	(LZ1) 09'0
0.236686	0.280523	0.096647	0.011628	1.0000	VVR-GKR-G4-SP
0.404339	0.279070	0.071006	0.014535	1.0000	Silver-plated
0.236686	0.267442	0.076923	0.010174	1.0000	VVR-GKR-G8
0.424063	0.267442	0.033531	0.013081	1.0000	316L
0.149901	0.254360	0.021696	0.010174	1.0000	1/2
0.236686	0.252907	0.092702	0.011628	1.0000	VVR-GKR-G8-NI
0.422091	0.252907	0.037475	0.011628	1.0000	Nickel
0.540434	0.252907	0.071006	0.014535	0.3000	(Z11)tO
0.670611	0.252907	0.067061	0.015988	0.5000	(L'0) 8200
0.796657	0.252472	0.067435	0.016859	1.0000	(10Z) 620
0.236686	0.239826	0.096647	0.011628	1.0000	VVR-GKR-G8-SP
0.406312	0.239826	0.069034	0.010174	1.0000	Silver-plated
0.236686	0.225291	0.084813	0.011628	1.0000	VVR-GKR-G12
0.424063	0.226744	0.033531	0.010174	1.0000	316L
0.151874	0.220930	0.019724	0.008721	1.0000	3/4
0.546325	0.219405	0.065142	0.013225	1.0000	(8'91) 99'0
0.670611	0.219477	0.065089	0.013081	1.0000	(L'O) 8Z0'0
0.798817	0.219477	0.065089	0.013081	0.3000	(062) +11
0.236686	0.212209	0.098619	0.011628	1.0000	VVR-GKR-G12-NI
0.424063	0.210756	0.035503	0.014535	1.0000	Nickel
0.236686	0.199128	0.084813	0.011628	1.0000	VVR-GKR-G16
0.426036	0.199128	0.031558	0.014535	1.0000	791€
0.155819	0.193314	0.011834	0.010174	1.0000	1
0.546289	0.191690	0.065214	0.013422	1.0000	(9 zz) 680
0.670563	0.191729	0.065185	0.013344	1.0000	(L'O) 820'0
0.798817	0.191860	0.065089	0.013081	0.3000	(998) OL
0.236477	0.184202	0.099061	0.013214	1.0000	VVR-GKR-G16-NI
0.120316	0.170058	0.149901	0.010262	1.0000	* Default process spec: VS001B.
0.063116	0.046512	0.019724	0.011628	1.0000	19
0.106478	0.044953	0.128267	0.020560	1.0000	VIGOUR
0.106509	0.036337	0.128205	0.007296	1.0000	we offer solutions regarding your ideas!
#FILE	tmp/pdfs/fitting_dimension_audit/vups_ocr/ocr-23.png
0.715527	0.928510	0.204214	0.024468	1.0000	Face Seal Fitting
0.782995	0.906811	0.136179	0.019226	1.0000	VVR Series
0.102329	0.825832	0.152415	0.017350	1.0000	_ Filter Gaskets
0.151874	0.774709	0.027613	0.011628	1.0000	VFS
0.270172	0.773159	0.051373	0.013275	1.0000	Ordering
0.628760	0.773040	0.127021	0.016070	1.0000	Dimensions, in.(mm)
0.151874	0.764535	0.029586	0.010174	1.0000	Size
0.272189	0.763081	0.047337	0.011628	1.0000	Number
0.423975	0.762892	0.051459	0.013461	1.0000	Material
0.155819	0.752907	0.019724	0.011628	1.0000	in.
0.558185	0.752907	0.019724	0.011628	1.0000	D1
0.688363	0.755814	0.011834	0.010174	1.0000	T
0.814596	0.754360	0.011834	0.010174	1.0000	D
0.258286	0.733697	0.077116	0.013712	1.0000	VVR-GKF-G4
0.153846	0.728198	0.023669	0.011628	1.0000	1/4
0.431953	0.728198	0.031558	0.013081	1.0000	316L
0.542166	0.726150	0.057680	0.014269	1.0000	0.22 (5.6)
0.664694	0.726625	0.063116	0.013357	1.0000	0.028 (0.7)
0.792838	0.726582	0.063239	0.013406	1.0000	0.47 (11.9)
0.258302	0.720641	0.084974	0.013660	1.0000	VVR-GKRF-G4
0.258331	0.706230	0.077026	0.013413	1.0000	VVR-GKF-G8
0.153846	0.700581	0.023669	0.011628	1.0000	1/2
0.431953	0.700581	0.031558	0.013081	1.0000	316L
0.532544	0.699020	0.071006	0.014693	1.0000	0.44 (11.2)
0.664599	0.700327	0.063308	0.013591	1.0000	0.028 (0.7)
0.790897	0.699045	0.065150	0.013247	1.0000	0.78 (19.8)
0.258353	0.693208	0.084872	0.013292	1.0000	VVR-GKRF-G8
0.126233	0.675868	0.538462	0.011632	1.0000	* Element Nominal Pore Size (Optaion) : 0.5pm / 2um / 5pm / 10pm / 20pm / 60um Ordering. Example: VVR-GKF-G4-0.:
0.125981	0.664608	0.144439	0.014256	1.0000	* Default process spec: VS001B
0.106308	0.598125	0.221263	0.016772	1.0000	• Flow-limiting Gaskets
0.153846	0.550872	0.025641	0.008721	1.0000	VFS
0.256410	0.549419	0.047337	0.008721	1.0000	Ordering
0.644970	0.550757	0.120316	0.010290	1.0000	Dimensions, in.(mm)
0.155054	0.539644	0.025198	0.009375	1.0000	Size
0.256350	0.539063	0.047458	0.009084	1.0000	Number
0.421940	0.538778	0.047638	0.009653	1.0000	Material
0.157791	0.529070	0.015779	0.007267	1.0000	in.
0.571992	0.530523	0.019724	0.008721	1.0000	D1
0.826430	0.530523	0.011834	0.008721	1.0000	D
0.242604	0.510174	0.098619	0.010174	1.0000	VVR-GK-G2-DM-*
0.431953	0.510174	0.029586	0.008721	1.0000	316L
0.155819	0.504360	0.019724	0.008721	1.0000	1/8
0.678360	0.502427	0.061426	0.011135	1.0000	0.028 (0.7)
0.808638	0.502787	0.055308	0.010415	1.0000	0.26 (6.6)
0.242417	0.495668	0.114841	0.011737	1.0000	VVR-GK-G2-NI-DM-*
0.429980	0.497093	0.033531	0.008721	1.0000	Nickel
0.242604	0.484012	0.098619	0.008721	1.0000	VVR-GK-G4-DM-*
0.431953	0.484012	0.029586	0.008721	1.0000	316L
0.155819	0.476744	0.019724	0.008721	1.0000	1/4
0.676373	0.473420	0.063427	0.013917	1.0000	0.028 (0.7)
0.804589	0.473447	0.063407	0.013861	1.0000	0.47 (11.9)
0.242604	0.469477	0.114398	0.010174	1.0000	VVR-GK-G4-NI-DM-*
0.429980	0.470930	0.033531	0.008721	1.0000	Nickel
0.242389	0.455006	0.099086	0.011689	1.0000	VVR-GK-G8-DM-*
0.431953	0.456395	0.029586	0.008721	1.0000	316L
0.155819	0.449128	0.019724	0.008721	1.0000	1/2
0.676482	0.447536	0.063210	0.011905	1.0000	0.028 (0.7)
0.804734	0.447462	0.063116	0.012021	1.0000	0.78 (19.8)
0.242421	0.441888	0.114797	0.011707	1.0000	VVR-GK-G8-NI-DM-*
0.429980	0.443314	0.035503	0.008721	1.0000	Nickel
0.242604	0.428779	0.104536	0.008721	1.0000	VVR-GK-G12-DM-*
0.431953	0.428779	0.029586	0.008721	1.0000	316L
0.155819	0.422965	0.019724	0.008721	1.0000	3/4
0.676458	0.419846	0.063258	0.012052	1.0000	0.028 (0.7)
0.804734	0.421512	0.063116	0.010367	1.0000	1.14 (29.0)
0.242604	0.415698	0.120316	0.010174	1.0000	VVR-GK-G12-NI-DM-*
0.429980	0.415698	0.033531	0.008721	1.0000	Nickel
0.242604	0.402616	0.104536	0.008721	1.0000	VVR-GK-G16-DM-*
0.431953	0.402616	0.029586	0.008721	1.0000	316L
0.676529	0.392253	0.063116	0.013357	1.0000	0.028 (0.7)
0.804714	0.393836	0.063157	0.011747	1.0000	1.40 (35.6)
0.242430	0.386654	0.120728	0.011703	1.0000	VVR-GK-G16-NI-DM-*
0.428008	0.386628	0.037475	0.011628	1.0000	Nickel
0.120316	0.367733	0.372781	0.010273	1.0000	* Please consult the manufacturer for gasket size. * Default process spec: VS001B.
0.116371	0.290698	0.209073	0.016070	1.0000	Flow-limiting Gaskets
0.120316	0.273256	0.179487	0.016148	1.0000	Retainer Assembly
0.153846	0.236919	0.025641	0.008721	1.0000	VFS
0.256410	0.235465	0.047337	0.008721	1.0000	Ordering
0.644970	0.236866	0.120316	0.010240	1.0000	Dimensions, in.(mm)
0.153846	0.225291	0.025641	0.010174	1.0000	Size
0.256386	0.226656	0.047387	0.007443	1.0000	Number
0.422072	0.225236	0.047374	0.008830	1.0000	Material
0.157791	0.215116	0.015779	0.008721	1.0000	in.
0.571992	0.215116	0.019724	0.008721	1.0000	D1
0.240474	0.195089	0.108902	0.011423	1.0000	VVR-GKR-G4-DM-*
0.431953	0.196221	0.027613	0.008721	1.0000	316L
0.155819	0.190407	0.019724	0.008721	1.0000	1/4
0.678429	0.188715	0.061287	0.010652	1.0000	0.028 (0.7)
0.806706	0.188780	0.061144	0.010348	1.0000	0.50 (12.7)
0.242430	0.181712	0.124637	0.011754	1.0000	VVR-GKR-G4-NI-DM-*
0.429980	0.183140	0.033531	0.008721	1.0000	Nickel
0.240631	0.170058	0.108481	0.008721	1.0000	VVR-GKR-G8-DM-*
0.431953	0.170058	0.027613	0.008721	1.0000	316L
0.155819	0.162791	0.019724	0.008721	1.0000	1/2
0.678450	0.161170	0.061245	0.010509	1.0000	0.028 (0.7)
0.806706	0.162791	0.061144	0.008721	1.0000	0.79 (20.1)
0.240493	0.154071	0.124637	0.011754	1.0000	VVR-GKR-G8-NI-DM-*
0.428008	0.155523	0.035503	0.008721	1.0000	Nickel
0.242380	0.141016	0.112907	0.011710	1.0000	VVR-GKR-G12-DM-*
0.431953	0.142442	0.029586	0.008721	1.0000	316L
0.155819	0.135174	0.019724	0.008721	1.0000	3/4
0.678501	0.135174	0.061144	0.008721	1.0000	0.028 (0.7)
0.806692	0.135121	0.061172	0.008828	1.0000	1.14 (29.0)
0.242604	0.129360	0.130178	0.008721	1.0000	VVR-GKR-G12-NI-DM-*
0.429980	0.127907	0.033531	0.008721	1.0000	Nickel
0.242414	0.113681	0.112870	0.011459	1.0000	VVR-GKR-G16-DM-*
0.431953	0.114826	0.029586	0.008721	1.0000	316L
0.159763	0.107558	0.009862	0.010174	1.0000	1
0.678431	0.107325	0.061284	0.010640	1.0000	0.028 (0.7)
0.806706	0.107558	0.061144	0.010174	1.0000	1.40 (35.6)
0.240631	0.101744	0.132150	0.010174	1.0000	VVR-GKR-G16-NI-DM-*
0.428008	0.101744	0.035503	0.008721	1.0000	Nickel
0.118343	0.077026	0.374753	0.010240	1.0000	* Please consult the manufacturer for gasket size. * Default process spec: VS001B.
0.765238	0.044881	0.128301	0.019250	1.0000	VIGOUR
0.925049	0.043605	0.019724	0.011628	1.0000	20
0.765286	0.036337	0.128205	0.007296	1.0000	we offer solutions regarding your ideas!
#FILE	tmp/pdfs/fitting_dimension_audit/vups_ocr/ocr-24.png
0.078659	0.929962	0.233230	0.023350	1.0000	Face Seal Fittings
0.078895	0.906946	0.165680	0.020481	1.0000	HVVR Series
0.090383	0.804186	0.243278	0.023039	1.0000	• High-Flow Connections
0.112127	0.760986	0.061742	0.017272	1.0000	Glands
0.110454	0.747093	0.128205	0.017442	1.0000	Tube Butt Weld
0.118343	0.706395	0.031558	0.013081	1.0000	Tube
0.193294	0.706395	0.031558	0.013081	1.0000	Wall
0.270217	0.704942	0.027613	0.013081	1.0000	VFS
0.447689	0.706305	0.051367	0.013262	1.0000	Qrdering
0.615176	0.707137	0.110856	0.011028	1.0000	Dimensions, in.(mm)
0.792899	0.707849	0.096647	0.010317	1.0000	Working Pressure
0.120316	0.696221	0.027613	0.013081	1.0000	Size
0.181308	0.695853	0.057502	0.013818	1.0000	Thickness
0.270217	0.694767	0.027613	0.013081	1.0000	Size
0.327416	0.696221	0.049310	0.014535	1.0000	Material
0.449704	0.697674	0.047337	0.011628	1.0000	Number
0.814596	0.697674	0.053254	0.008915	1.0000	psig (bar)
0.124260	0.686047	0.019724	0.011628	1.0000	in.
0.199211	0.686047	0.019724	0.011628	1.0000	in.
0.274162	0.684593	0.017751	0.011628	1.0000	in.
0.585799	0.687500	0.009862	0.008721	1.0000	L
0.639053	0.687500	0.017751	0.008721	1.0000	L1
0.698225	0.688953	0.011834	0.008721	1.0000	D
0.751479	0.688953	0.017751	0.008721	1.0000	D1
0.810651	0.687500	0.015779	0.008721	1.0000	Ni
0.854043	0.687500	0.029586	0.008721	1.0000	316L
0.575937	0.668605	0.029586	0.010174	1.0000	0.60
0.637081	0.670058	0.025641	0.008721	1.0000	0.41
0.692308	0.670058	0.025641	0.008721	1.0000	0.25
0.745562	0.670058	0.027613	0.008721	1.0000	0.31
0.802761	0.668605	0.031558	0.010174	1.0000	3300
0.854043	0.670058	0.031558	0.008721	1.0000	3300
0.120316	0.659884	0.023669	0.013081	1.0000	318
0.187377	0.659884	0.039448	0.014535	1.0000	0.035
0.268245	0.659884	0.023669	0.011628	1.0000	1/4
0.333333	0.659884	0.033531	0.013081	1.0000	316L
0.414201	0.659884	0.116371	0.014535	1.0000	HVVR-HG4-TB6-L15
0.571992	0.654070	0.035503	0.010174	1.0000	(15.2)
0.633136	0.654070	0.035503	0.010174	1.0000	(10.4)
0.688363	0.654070	0.031558	0.010174	1.0000	(6.4)
0.743590	0.654070	0.029586	0.011628	1.0000	(7.9)
0.802761	0.652616	0.033531	0.013081	1.0000	(227)
0.854043	0.652616	0.031558	0.011628	1.0000	(227)
0.575937	0.640988	0.029586	0.011628	1.0000	1.19
0.637081	0.642442	0.027613	0.008721	1.0000	1.00
0.690335	0.640988	0.027613	0.010174	1.0000	0.25
0.743590	0.640988	0.029586	0.010174	1.0000	0.31
0.802761	0.640988	0.031558	0.010174	1.0000	3300
0.852071	0.640988	0.033531	0.011628	1.0000	3300
0.187377	0.635174	0.035503	0.010174	1.0000	0.035
0.272189	0.635174	0.017751	0.008721	1.0000	1/4
0.333333	0.635174	0.031558	0.010174	1.0000	316L
0.415915	0.634449	0.114928	0.011969	1.0000	HVVR-HG4-TB6-L30
0.573964	0.626453	0.033531	0.011628	1.0000	(30.2)
0.633136	0.626453	0.035503	0.011628	1.0000	(25.4)
0.688363	0.626453	0.031558	0.011628	1.0000	(6.4)
0.743590	0.626453	0.031558	0.011628	1.0000	(7.9)
0.802761	0.626453	0.033531	0.011628	1.0000	(227)
0.854043	0.626453	0.031558	0.011628	1.0000	(227)
0.575937	0.614826	0.027613	0.010174	1.0000	1.31
0.635108	0.614826	0.029586	0.010174	1.0000	1.12
0.692308	0.616279	0.025641	0.007267	1.0000	0.25
0.745562	0.616279	0.027613	0.008721	1.0000	0.31
0.802761	0.613372	0.031558	0.010174	1.0000	3300
0.854043	0.616279	0.031558	0.007267	1.0000	3300
0.122288	0.609012	0.019724	0.008721	1.0000	3/8
0.189349	0.609012	0.033531	0.008721	1.0000	0.035
0.270217	0.607558	0.019724	0.010174	1.0000	1/4
0.335306	0.609012	0.029586	0.008721	1.0000	316L
0.416174	0.609012	0.114398	0.008721	1.0000	HVVR-HG4-TB6-L33
0.573964	0.598837	0.035503	0.011628	1.0000	(33.3)
0.633136	0.598837	0.035503	0.011628	1.0000	(28.4)
0.688363	0.600291	0.031558	0.010174	1.0000	(6.4)
0.745562	0.600291	0.029586	0.011628	1.0000	(7.9)
0.802761	0.600291	0.033531	0.010174	1.0000	(227)
0.854043	0.600291	0.033531	0.010174	1.0000	(227)
0.082810	0.578842	0.749564	0.012747	1.0000	" Default process spec: VS001B. If ordering VS001A-spec fittings for VIGOUR Ultra-High Purity Products, add "P" to the order number. Example: VVR-HG4-TB6-L15-P
0.112251	0.503799	0.057549	0.011298	0.3000	sepog
0.112426	0.489760	0.122288	0.010240	1.0000	Tube Butt Weld
0.200010	0.438263	0.031738	0.013024	1.0000	VFS
0.585799	0.438953	0.112426	0.010290	1.0000	Dimensions, in.(mm)
0.792817	0.438572	0.096811	0.012392	1.0000	Working Pressure
0.126233	0.431686	0.025641	0.008721	0.3000	Oz!S
0.202382	0.429144	0.028969	0.011075	1.0000	Size
0.814596	0.428762	0.055227	0.010240	1.0000	psig (bar)
0.130178	0.420058	0.015779	0.008721	1.0000	in.
0.209073	0.420058	0.015779	0.008721	1.0000	in.
0.532544	0.420058	0.011834	0.008721	1.0000	L
0.571992	0.420058	0.017751	0.008721	1.0000	L1
0.619329	0.420058	0.011834	0.008721	1.0000	T
0.660750	0.420058	0.011834	0.008721	1.0000	D
0.700197	0.420058	0.017751	0.008721	1.0000	D1
0.743590	0.420058	0.009862	0.008721	1.0000	F
0.812623	0.417151	0.015779	0.011628	1.0000	Ni
0.852045	0.418557	0.029637	0.008815	1.0000	316L
0.526627	0.401163	0.025641	0.008721	1.0000	1.68
0.566075	0.401163	0.027613	0.008721	1.0000	0.75
0.611440	0.401163	0.027613	0.008721	1.0000	0.62
0.654832	0.401163	0.025641	0.008721	1.0000	0.25
0.696252	0.401163	0.027613	0.008721	1.0000	0.31
0.804734	0.399709	0.031558	0.010174	1.0000	3300
0.852071	0.399709	0.031558	0.010174	1.0000	3300
0.128205	0.393895	0.021696	0.010174	1.0000	3/8
0.207101	0.395349	0.019724	0.008721	1.0000	1/4
0.287968	0.393895	0.029586	0.010174	1.0000	316L
0.380671	0.393895	0.094675	0.010174	1.0000	HVVR-MG4-TB6
0.737673	0.392442	0.021696	0.011628	1.0000	5/8
0.522682	0.386465	0.120316	0.010337	1.0000	(42.7) (19.1) (15.7)
0.648915	0.386628	0.033531	0.010174	1.0000	(6.4)
0.694280	0.385174	0.031558	0.011628	1.0000	(7.9)
0.806706	0.386628	0.039448	0.010174	1.0000	(227)
0.844181	0.386628	0.039448	0.010174	1.0000	(227)
0.082804	0.363738	0.729852	0.012731	1.0000	* Default process spec: VS001B. If ordering VS001A-spec fittings for VIGOUR Ultra-High Purity Products, add "P to the order number. Example: VVR-MG4-TB6-P
0.114323	0.244004	0.057351	0.013445	1.0000	Bodies
0.112426	0.229651	0.173570	0.013081	1.0000	Automatic Tube Weld
0.101480	0.202549	0.031730	0.011894	1.0000	Tube
0.167653	0.203488	0.027613	0.010174	1.0000	VFS
0.346878	0.203907	0.049859	0.009659	1.0000	Qrdering
0.568047	0.203473	0.110454	0.008905	1.0000	Dimensions, in.(mm)
0.800789	0.203473	0.096647	0.008905	1.0000	Working Pressure
0.104536	0.194767	0.025641	0.008721	1.0000	Size
0.167653	0.191860	0.027613	0.011628	1.0000	Size
0.234672	0.191767	0.047421	0.011815	1.0000	Material
0.349112	0.193314	0.045365	0.008721	1.0000	Number
0.822485	0.193232	0.053254	0.008905	1.0000	psig (bar)
0.108481	0.183140	0.017751	0.008721	1.0000	in.
0.173570	0.183140	0.015779	0.008721	1.0000	in.
0.471400	0.183140	0.009862	0.008721	1.0000	L
0.508876	0.184593	0.017751	0.007267	1.0000	L1
0.558185	0.183140	0.009862	0.008721	1.0000	T
0.597633	0.183140	0.015779	0.008721	1.0000	T1
0.642998	0.183140	0.009862	0.008721	1.0000	D
0.676529	0.183140	0.017751	0.008721	1.0000	D1
0.820513	0.183140	0.015779	0.007267	1.0000	Ni
0.859961	0.183140	0.029586	0.007267	1.0000	316L
0.461538	0.159884	0.027613	0.014535	1.0000	1.71
0.504931	0.165698	0.027613	0.008721	1.0000	0.75
0.550296	0.165698	0.025641	0.008721	1.0000	0.62
0.591716	0.165698	0.027613	0.008721	1.0000	0.03
0.633136	0.164244	0.027613	0.010174	1.0000	0.25
0.674556	0.165698	0.025641	0.008721	1.0000	0.31
0.747535	0.165698	0.025641	0.008721	1.0000	0.41
0.814596	0.164244	0.029586	0.008721	1.0000	3300
0.861933	0.165698	0.029586	0.008721	1.0000	3300
0.106509	0.158430	0.019724	0.008721	1.0000	3/8
0.169625	0.158430	0.019724	0.008721	1.0000	1/4
0.242604	0.156977	0.031558	0.010174	1.0000	316L
0.321499	0.156977	0.100592	0.011628	1.0000	HVVR-AHG4-TW6
0.712032	0.158430	0.019724	0.008721	1.0000	5/8
0.459368	0.149200	0.077346	0.011763	1.0000	(43.4) (19.1)
0.546351	0.151163	0.033531	0.008721	1.0000	(15.7)
0.589744	0.151163	0.029586	0.008721	1.0000	(0.8)
0.635108	0.151163	0.027613	0.008721	1.0000	(6.4)
0.672584	0.149709	0.029586	0.010174	1.0000	(7.9)
0.743590	0.151163	0.033531	0.008721	1.0000	(10.4)
0.812623	0.151163	0.031558	0.008721	1.0000	(227)
0.857988	0.149709	0.033531	0.010174	1.0000	(227)
0.082840	0.129360	0.737673	0.010174	1.0000	* Default process spec: VS001B. If ordering VS001A-spec fittings for VIGOUR Ultra-High Purity Products, add "P" to the order number. Example: VVR-AHG4-TW6-P
0.063116	0.046512	0.019724	0.011628	1.0000	21
0.106451	0.044842	0.128322	0.019329	1.0000	VIGOUR
0.106509	0.036337	0.128205	0.007296	1.0000	we offer solutions regarding your ideas!
#FILE	tmp/pdfs/fitting_dimension_audit/vups_ocr/ocr-25.png
0.715573	0.928543	0.202122	0.022069	1.0000	Face Seal Fitting
0.765032	0.906852	0.152404	0.017420	1.0000	HVVR Series
0.094257	0.804169	0.241349	0.023060	1.0000	• High-Flow Connections
0.116267	0.749741	0.059379	0.013599	1.0000	Bodies
0.116371	0.735465	0.165680	0.014535	1.0000	Bulkhead Connector
0.098619	0.697674	0.033531	0.011628	1.0000	Tube
0.159763	0.697674	0.027613	0.011628	1.0000	VFS
0.305423	0.696764	0.051937	0.012834	1.0000	Qrdering
0.479290	0.699020	0.110454	0.008905	1.0000	Dimensions, in.(mm)
0.682446	0.700581	0.100592	0.008721	1.0000	Panel Max Panel
0.800789	0.699020	0.096647	0.010282	1.0000	Working Pressure
0.102564	0.687500	0.027613	0.011628	1.0000	Size
0.159763	0.687500	0.027613	0.011628	1.0000	Size
0.214990	0.687500	0.047337	0.011628	1.0000	Material
0.307692	0.687500	0.047337	0.011628	1.0000	Number
0.676529	0.688780	0.106509	0.008905	1.0000	Hole Dia Thickness
0.822463	0.687437	0.053298	0.010300	1.0000	psig (bar)
0.106509	0.678779	0.017751	0.008721	1.0000	in.
0.165680	0.678779	0.015779	0.008721	1.0000	in.
0.418146	0.677326	0.011834	0.011628	1.0000	L
0.441815	0.677326	0.033531	0.011628	1.0000	L1
0.526627	0.678779	0.017751	0.008721	1.0000	D
0.552268	0.678779	0.029586	0.008721	1.0000	D1
0.601578	0.678779	0.011834	0.008721	1.0000	F
0.619329	0.678779	0.023669	0.008721	1.0000	F1
0.820513	0.678779	0.015779	0.007267	1.0000	Ni
0.859961	0.677326	0.029586	0.008721	1.0000	316L
0.408208	0.658181	0.069185	0.012126	1.0000	2.36 1.30
0.489152	0.661175	0.098619	0.008905	1.0000	0.75 0.31 0.25
0.682446	0.659884	0.033531	0.008721	1.0000	19/32
0.741617	0.659884	0.027613	0.008721	1.0000	0.44
0.812623	0.658430	0.031558	0.010174	1.0000	3300
0.859961	0.661337	0.031558	0.007267	1.0000	3300
0.102564	0.651163	0.021696	0.011628	1.0000	3/8
0.157791	0.652616	0.023669	0.010174	1.0000	1/4
0.220907	0.651163	0.033531	0.013081	1.0000	T9LE
0.280079	0.651163	0.102564	0.013081	1.0000	HVVR-BMG4-TB6
0.597604	0.653983	0.047396	0.008895	1.0000	3/4 3/4
0.406165	0.644981	0.181748	0.012135	1.0000	(59.9) (33.0) (19.1) (7.9) (6.4)
0.680473	0.643895	0.037475	0.011628	1.0000	(15.0)
0.735700	0.643895	0.037475	0.011628	1.0000	(11.2)
0.810651	0.643895	0.033531	0.011628	1.0000	(227)
0.859961	0.645349	0.031558	0.010174	1.0000	(227)
0.090698	0.625000	0.743648	0.011644	1.0000	* Default process spec: VS001B. If ordering VS001A-spec fittings for VIGOUR Ultra-High Purity Products, add "P" to the order number. Example: HVVR-BMG4-TB6-P
0.114398	0.486919	0.100592	0.010174	1.0000	Union Elbow
0.120316	0.449128	0.027613	0.008721	1.0000	VFS
0.370768	0.447553	0.047419	0.008963	1.0000	Qrdering
0.556213	0.447462	0.110454	0.008933	1.0000	Dimensions, in.(mm)
0.779093	0.447462	0.096647	0.008933	1.0000	Working Pressure
0.122288	0.437500	0.025641	0.010174	1.0000	Size
0.230769	0.437500	0.045365	0.008721	1.0000	Material
0.372708	0.437289	0.045511	0.009143	1.0000	Number
0.798687	0.435576	0.055487	0.009662	1.0000	psig (bar)
0.126233	0.427326	0.015779	0.008721	1.0000	in.
0.526627	0.427326	0.009862	0.008721	1.0000	L
0.611440	0.427326	0.011834	0.008721	1.0000	D
0.694280	0.427326	0.011834	0.008721	1.0000	F
0.794872	0.425872	0.017751	0.008721	1.0000	Ni
0.838264	0.425872	0.031558	0.008721	1.0000	316L
0.516765	0.406977	0.027613	0.011628	1.0000	1.07
0.605523	0.408430	0.027613	0.008721	1.0000	0.25
0.788955	0.408430	0.031558	0.008721	1.0000	8000
0.836292	0.406977	0.037475	0.010174	1.0000	10000
0.124260	0.402616	0.017751	0.008721	1.0000	1/4
0.238659	0.402616	0.029586	0.008721	1.0000	316L
0.688363	0.399709	0.019724	0.011628	1.0000	1/2
0.514793	0.392442	0.033531	0.011628	1.0000	(27.2)
0.603550	0.392442	0.031558	0.011628	1.0000	(6.4)
0.788955	0.393895	0.031558	0.008721	1.0000	(551)
0.836292	0.392442	0.035503	0.011628	1.0000	(689)
0.090697	0.372245	0.712087	0.011497	1.0000	* Default process spec: VS001B. If ordering VS001A-spec fittings for VIGOUR Ultra-High Purity Products, add "P" to the order number. Example: HVVR-UE4-P
0.118322	0.257193	0.082883	0.013230	1.0000	Union Tee
0.122288	0.202035	0.029586	0.011628	1.0000	VFS
0.370728	0.200416	0.049470	0.013413	1.0000	Qrdering
0.558185	0.203473	0.110454	0.008905	1.0000	Dimensions, in.(mm)
0.781065	0.203473	0.096647	0.008905	1.0000	Working Pressure
0.124260	0.191860	0.027613	0.011628	1.0000	Size
0.228797	0.190407	0.049310	0.015988	1.0000	Material
0.372767	0.191831	0.045393	0.011687	1.0000	Number
0.802761	0.193232	0.053254	0.008905	1.0000	psig (bar)
0.126233	0.181686	0.019724	0.011628	1.0000	in.
0.641026	0.181686	0.013807	0.010174	1.0000	D
0.696252	0.184593	0.011834	0.008721	1.0000	F
0.798817	0.181686	0.015779	0.008721	1.0000	Ni
0.850099	0.181686	0.029586	0.008721	1.0000	316L
0.520710	0.164244	0.025641	0.008721	1.0000	2.14
0.583826	0.164244	0.025641	0.010174	1.0000	1.07
0.635108	0.162791	0.029586	0.011628	1.0000	0.25
0.792899	0.164244	0.029586	0.008721	1.0000	8000
0.850099	0.164244	0.035503	0.008721	1.0000	10000
0.126233	0.156977	0.019724	0.010174	1.0000	1/4
0.236686	0.155523	0.031558	0.013081	1.0000	316L
0.364778	0.155220	0.063344	0.013689	1.0000	HVVR-UT4
0.690335	0.158430	0.019724	0.008721	1.0000	1/2
0.514793	0.149709	0.037475	0.010174	1.0000	(54.4)
0.577909	0.149709	0.037475	0.010174	1.0000	(27.2)
0.637081	0.149709	0.029586	0.010174	1.0000	(6.4)
0.792899	0.149709	0.031558	0.008721	1.0000	(551)
0.850099	0.148256	0.033531	0.011628	1.0000	(689)
0.090730	0.127783	0.712032	0.013357	1.0000	* Default process spec: VS001B. If ordering VS001A-spec fittings for VIGOUR Ultra-High Purity Products, add "P* to the order number. Example: HVVR-UT4-P
0.765286	0.045058	0.128205	0.018895	1.0000	VIGOUR
0.925049	0.043605	0.019724	0.011628	1.0000	22
0.765286	0.036337	0.128205	0.007296	1.0000	we offer solutions regarding your ideas!
#FILE	tmp/pdfs/fitting_dimension_audit/vups_ocr/ocr-26.png
0.076578	0.927160	0.205838	0.026180	1.0000	Face Seal Fitting
0.078806	0.906600	0.155997	0.021102	1.0000	HVVR Series
0.086785	0.805233	0.240631	0.020349	1.0000	| High-Flow Connections
0.850099	0.787622	0.021696	0.004529	0.3000	•r Tlai
0.106326	0.736305	0.104902	0.018669	1.0000	Nuts Female
0.157791	0.677326	0.029586	0.011628	1.0000	VFS
0.473334	0.678664	0.047415	0.008952	1.0000	Qrdering
0.674556	0.680233	0.110454	0.007267	1.0000	Dimensions, in.(mm)
0.157791	0.667151	0.029586	0.011628	1.0000	Size
0.293886	0.665698	0.051282	0.015988	1.0000	Material
0.471388	0.668569	0.047362	0.008793	1.0000	Number
0.161736	0.655523	0.019724	0.013081	1.0000	in.
0.729783	0.658430	0.011834	0.010174	1.0000	D
0.810651	0.659884	0.013807	0.008721	1.0000	F
0.637081	0.639535	0.025641	0.008721	1.0000	0.81
0.721893	0.638081	0.029586	0.010174	1.0000	0.39
0.159763	0.630814	0.021696	0.013081	1.0000	1/4
0.301775	0.630814	0.031558	0.013081	0.3000	T91E
0.449560	0.630360	0.065377	0.012536	1.0000	HVVR-FN4
0.804734	0.632267	0.021696	0.010174	1.0000	3/4
0.633136	0.625000	0.035503	0.010174	1.0000	(20.6)
0.721893	0.625000	0.031558	0.010174	1.0000	(9.9)
0.157791	0.377907	0.029586	0.011628	0.3000	SIA
0.468842	0.377621	0.050458	0.011838	1.0000	Qrdering
0.674556	0.379341	0.110454	0.008905	1.0000	Dimensions, in.(mm)
0.157791	0.366279	0.027613	0.013081	1.0000	ez!S
0.471282	0.368839	0.045602	0.009414	1.0000	Number
0.644970	0.359012	0.009862	0.008721	1.0000	L
0.729783	0.359012	0.011834	0.008721	1.0000	D
0.812623	0.359012	0.011834	0.008721	1.0000	F
0.637081	0.340116	0.025641	0.008721	1.0000	0.71
0.723866	0.340116	0.027613	0.008721	1.0000	0.39
0.159763	0.331395	0.021696	0.011628	1.0000	1/4
0.309665	0.331395	0.031558	0.011628	1.0000	316L
0.451625	0.331232	0.067164	0.011954	1.0000	HVVR-MN4
0.806706	0.332849	0.021696	0.010174	1.0000	5/8
0.631164	0.324128	0.037475	0.011628	1.0000	(18.0)
0.721893	0.324128	0.031558	0.010174	1.0000	(9.9)
0.102564	0.296512	0.147929	0.008920	1.0000	* Default process spec: VS001B.
0.065089	0.049419	0.017751	0.008721	1.0000	23
0.106481	0.046402	0.126288	0.017661	1.0000	VIGOUR
0.106509	0.037791	0.124260	0.004507	1.0000	we offer solutions regarding your ideas.
#FILE	tmp/pdfs/fitting_dimension_audit/vups_ocr/ocr-27.png
0.699847	0.930031	0.217796	0.021311	1.0000	Micro Weld Fitting
0.773176	0.908281	0.143984	0.016137	1.0000	VMW Series
0.788955	0.818314	0.031558	0.007267	1.0000	F body
0.100090	0.799769	0.139014	0.018703	1.0000	• Union Elbow
0.481262	0.806686	0.033531	0.007267	1.0000	VIGOUR
0.786982	0.809593	0.025641	0.007267	1.0000	cube
0.153218	0.721108	0.032775	0.012438	1.0000	Tube
0.222880	0.722384	0.031558	0.011628	1.0000	Wall
0.542109	0.722606	0.122883	0.012636	1.0000	Dimensions, in.(mm)
0.808137	0.721986	0.048419	0.010970	1.0000	Working
0.303575	0.714755	0.049655	0.013803	1.0000	Ordering
0.159763	0.710756	0.021696	0.011628	1.0000	OD
0.209073	0.710756	0.059172	0.013081	1.0000	Thickness
0.808642	0.713531	0.047411	0.007530	1.0000	Pressure
0.305720	0.706395	0.045365	0.010174	1.0000	Number
0.161736	0.702035	0.015779	0.008721	1.0000	in.
0.230769	0.702035	0.015779	0.008721	1.0000	in.
0.435897	0.700581	0.013807	0.011628	1.0000	L
0.540434	0.700581	0.015779	0.010174	1.0000	M
0.637081	0.702035	0.011834	0.010174	1.0000	F
0.806706	0.700581	0.051282	0.010174	1.0000	psig (bar)
0.293886	0.683140	0.061144	0.011628	1.0000	VMW-UE2
0.157791	0.675872	0.021696	0.011628	1.0000	1/8
0.220907	0.675872	0.035503	0.011628	1.0000	0.028
0.412169	0.674260	0.063236	0.013398	1.0000	0.56 (14.2)
0.631164	0.677326	0.025641	0.008721	1.0000	5/16
0.709994	0.677081	0.059301	0.009210	1.0000	0.41 (10.4)
0.802761	0.677204	0.061144	0.008905	1.0000	8500 (585)
0.293886	0.670058	0.086785	0.011628	1.0000	VMW-UE2-SLV
0.293886	0.656977	0.061144	0.011628	1.0000	VMW-UE4
0.157791	0.651163	0.021696	0.013081	1.0000	1/4
0.218935	0.651163	0.039448	0.014535	1.0000	0.035
0.412229	0.649599	0.065089	0.016098	1.0000	0.56 (14.2)
0.627219	0.651163	0.029586	0.011628	1.0000	5/16
0.708061	0.652532	0.061195	0.010343	1.0000	0.41 (10.4)
0.800729	0.650984	0.063236	0.011986	1.0000	5100 (351)
0.293886	0.645349	0.086785	0.011628	1.0000	VMW-UE4-SLV
0.295858	0.635174	0.059172	0.008721	1.0000	VMW-UE6
0.534517	0.635174	0.029586	0.008721	1.0000	0.25
0.159763	0.629360	0.019724	0.007267	1.0000	3/8
0.222880	0.627907	0.033531	0.008721	1.0000	0.035
0.414176	0.627823	0.061195	0.010343	1.0000	0.69 (17.5)
0.629191	0.629360	0.027613	0.008721	1.0000	7/16
0.709898	0.628555	0.059569	0.008930	1.0000	0.47 (11.9)
0.800488	0.627684	0.061958	0.011789	1.0000	3300 (227)
0.295858	0.622093	0.082840	0.008721	1.0000	VMW-UE6-SLV
0.536489	0.622093	0.031558	0.008721	1.0000	(6.4)
0.295858	0.610465	0.059172	0.007267	1.0000	VMW-UE8
0.159763	0.603198	0.019724	0.008721	1.0000	1/2
0.222880	0.603198	0.033531	0.008721	1.0000	0.049
0.414137	0.602983	0.061273	0.010604	1.0000	0.81 (20.6)
0.627219	0.601744	0.029586	0.011628	1.0000	9/16
0.708087	0.603198	0.063116	0.010337	1.0000	0.53 (13.5)
0.800789	0.603198	0.063116	0.010337	1.0000	3700 (254)
0.295858	0.597384	0.082840	0.008721	1.0000	VMW-UE8-SLV
0.295844	0.585698	0.065117	0.008837	1.0000	VMW-UE12
0.159763	0.578488	0.019724	0.008721	1.0000	3/4
0.222880	0.578488	0.031558	0.008721	1.0000	0.065
0.412144	0.576781	0.063285	0.012135	1.0000	1.06 (27.0)
0.627219	0.579942	0.033531	0.008721	1.0000	13/16
0.709989	0.578261	0.059313	0.010629	1.0000	0.66 (16.6)
0.800731	0.578291	0.063232	0.010570	1.0000	2400 (165)
0.295858	0.572674	0.090730	0.008721	1.0000	VMW-UE12-SLV
0.128205	0.544969	0.552268	0.008905	1.0000	* To order fittings manufactured for Surface Finish Ra(Average)0.4 add BA to the ordering number. Example: VMW-UE6-BA
0.126200	0.533504	0.706170	0.011570	1.0000	* Default process spec: VS001B. If ordering VS001A-spec fittings for VIGOUR Ultra-High Purity Products, add "P" to the order number. Example: VMW-UE4-P
0.483235	0.443314	0.031558	0.007267	1.0000	VIGOUR
0.102564	0.433140	0.171598	0.016104	1.0000	• Reducing Elbow
0.481262	0.430233	0.035503	0.002907	1.0000	VMW-RUE4-2
0.704142	0.399709	0.031558	0.007267	1.0000	F body
0.706114	0.390988	0.025641	0.007267	1.0000	cube
0.155819	0.353198	0.029586	0.008721	1.0000	Tube
0.214990	0.353198	0.027613	0.008721	1.0000	Wall
0.274162	0.353198	0.027613	0.008721	1.0000	Tube
0.343195	0.353198	0.027613	0.008721	1.0000	Wall
0.591716	0.353072	0.120316	0.010300	1.0000	Dimensions, in.(mm)
0.807997	0.351408	0.046693	0.011873	1.0000	Working
0.408284	0.347384	0.049310	0.008721	1.0000	Ordering
0.159763	0.341570	0.019724	0.008721	1.0000	OD
0.200906	0.341343	0.055656	0.009760	1.0000	Thickness
0.276134	0.341570	0.021696	0.008721	1.0000	OD
0.326974	0.340726	0.058048	0.011258	1.0000	Thickness
0.804734	0.340116	0.053254	0.011628	1.0000	Pressure
0.408284	0.335756	0.047337	0.010174	1.0000	Number
0.161736	0.332849	0.013807	0.007267	1.0000	in
0.218935	0.331395	0.017751	0.008721	1.0000	in.
0.278107	0.332849	0.015779	0.007267	1.0000	in.
0.347140	0.332849	0.015779	0.007267	1.0000	in.
0.613412	0.329942	0.015779	0.011628	1.0000	M
0.741617	0.329942	0.015779	0.011628	1.0000	H
0.802723	0.328386	0.057275	0.011832	1.0000	psig (bar)
0.398360	0.312245	0.075075	0.010684	1.0000	VMW-RE4-2
0.159763	0.308140	0.017751	0.008721	1.0000	1/4
0.211045	0.308140	0.033531	0.008721	1.0000	0.035
0.278107	0.308140	0.019724	0.008721	1.0000	1/8
0.335306	0.306686	0.035503	0.010174	1.0000	0.028
0.520710	0.306686	0.061144	0.010322	1.0000	0.56 (14.2)
0.676529	0.308140	0.025641	0.007267	1.0000	5/16
0.725818	0.306611	0.059212	0.008870	1.0000	0.41 (10.3)
0.800764	0.305159	0.063166	0.011774	1.0000	3300 (227)
0.398422	0.300872	0.094675	0.008721	1.0000	VMW-RE4-2-SLV
0.398422	0.289244	0.071006	0.008721	1.0000	VMW-RE6-4
0.157791	0.281977	0.021696	0.008721	1.0000	3/8
0.207101	0.280523	0.035503	0.011628	1.0000	0.035
0.278107	0.283430	0.019724	0.007267	1.0000	1/4
0.337278	0.283430	0.033531	0.008721	1.0000	0.035
0.518738	0.280499	0.065089	0.010240	1.0000	0.69 (17.5)
0.676529	0.281977	0.025641	0.008721	1.0000	7/16
0.723795	0.281701	0.061285	0.009273	1.0000	0.47 (11.9)
0.800688	0.280219	0.063318	0.012237	1.0000	3300 (227)
0.398422	0.276163	0.096647	0.008721	1.0000	VMW-RE6-4-SLV
0.398422	0.264535	0.072978	0.008721	1.0000	VMW-RE8-4
0.159763	0.258721	0.017751	0.008721	1.0000	1/2
0.209073	0.257267	0.033531	0.010174	1.0000	0.049
0.276134	0.257267	0.021696	0.010174	1.0000	1/4
0.335306	0.257267	0.035503	0.010174	1.0000	0.035
0.522623	0.257036	0.061263	0.009184	1.0000	0.81 (20.6)
0.674556	0.257267	0.027613	0.010174	1.0000	9/16
0.721845	0.255649	0.063213	0.010504	1.0000	0.53 (13.5)
0.800653	0.255401	0.063388	0.012454	1.0000	3700 (254)
0.398422	0.251453	0.094675	0.008721	1.0000	VMW-RE8-4-SLV
0.398422	0.239826	0.072978	0.008721	1.0000	VMW-RE8-6
0.609467	0.239826	0.027613	0.008721	1.0000	0.25
0.159763	0.234012	0.019724	0.008721	1.0000	1/2
0.207101	0.231105	0.035503	0.010174	1.0000	0.049
0.278107	0.232558	0.019724	0.008721	1.0000	3/8
0.335306	0.232558	0.035503	0.010174	1.0000	0.035
0.520710	0.232413	0.063116	0.008905	1.0000	0.81 (20.6)
0.674556	0.231105	0.027613	0.011628	1.0000	9/16
0.719777	0.230578	0.065378	0.011228	1.0000	0.53 (13.5)
0.798716	0.230791	0.065291	0.012256	1.0000	3300 (227)
0.398158	0.225292	0.097135	0.011758	1.0000	VMW-RE8-6-SLV
0.611440	0.226744	0.027613	0.008721	1.0000	(6.4)
0.398422	0.213663	0.076923	0.008721	1.0000	VMW-RE12-4
0.155819	0.207849	0.021696	0.010174	1.0000	3/4
0.210558	0.208138	0.034328	0.009706	1.0000	0.065
0.276134	0.207849	0.021696	0.010174	1.0000	1/4
0.335306	0.207849	0.035503	0.010174	1.0000	0.035
0.522617	0.207594	0.061274	0.009230	1.0000	1.05 (26.9)
0.672584	0.207849	0.112426	0.010317	1.0000	13/16 0.65 (16.6)
0.798697	0.206021	0.065328	0.012377	1.0000	2400 (165)
0.398422	0.202035	0.102564	0.008721	1.0000	VMW-RE12-4-SLV
0.398422	0.190407	0.076923	0.008721	1.0000	VMW-RE12-6
0.157791	0.183140	0.021696	0.010174	1.0000	3/4
0.206962	0.181454	0.035779	0.012092	1.0000	0.065
0.278107	0.183140	0.019724	0.008721	1.0000	3/8
0.334388	0.181139	0.037328	0.012833	1.0000	0.035
0.520710	0.181656	0.063116	0.011658	1.0000	1.05 (26.9)
0.670611	0.181686	0.037475	0.011628	1.0000	13/16
0.719824	0.181386	0.065282	0.012229	1.0000	0.65 (16.6)
0.800746	0.181558	0.063203	0.011884	1.0000	2400 (165)
0.398422	0.177326	0.102564	0.008721	1.0000	VMW-RE12-6-SLV
0.398422	0.164244	0.076923	0.008721	1.0000	VMW-RE12-8
0.155819	0.156977	0.021696	0.011628	1.0000	3/4
0.210906	0.158150	0.031836	0.009281	1.0000	0.065
0.278107	0.158430	0.019724	0.010174	1.0000	1/2
0.335306	0.158430	0.035503	0.010174	1.0000	0.049
0.522621	0.158190	0.061267	0.009201	1.0000	1.05 (26.9)
0.672584	0.158430	0.033531	0.010174	1.0000	13/16
0.721860	0.156876	0.063184	0.011829	1.0000	0.65 (16.6)
0.800789	0.156977	0.063116	0.011768	1.0000	2400 (165)
0.398422	0.152616	0.102564	0.008721	1.0000	VMW-RE12-8-SLV
0.126233	0.123330	0.564103	0.010391	1.0000	* To order fittings manufactured for Surface Finish Ra(Average)0.4 add BA to the ordering number. Example: VMW-RE6-4-BA
0.126189	0.111987	0.718020	0.013029	1.0000	* Default process spec: VS001B. If ordering VS001A-spec fittings for VIGOUR Ultra-High Purity Products, add "P" to the order number. Example: VMW-RE4-2-P
0.765152	0.044553	0.128473	0.019905	1.0000	VIGOUR
0.925049	0.043605	0.019724	0.011628	1.0000	24
0.765286	0.036337	0.126233	0.007296	1.0000	we offer solutions regarding your ideas.
#FILE	tmp/pdfs/fitting_dimension_audit/vups_ocr/ocr-28.png
0.078597	0.928629	0.223503	0.023575	1.0000	Micro Weld Fitting
0.078862	0.906843	0.147997	0.020616	1.0000	VMW Series
0.107995	0.791888	0.117255	0.019303	1.0000	• Union Tee
0.143984	0.719477	0.031558	0.011628	1.0000	Tube
0.213018	0.719477	0.027613	0.011628	1.0000	Wall
0.528370	0.721644	0.120761	0.011073	1.0000	Dimensions, in.(mm)
0.796844	0.720930	0.045365	0.008721	1.0000	Working
0.291913	0.712209	0.051282	0.015988	1.0000	Ordering
0.147929	0.707849	0.021696	0.013081	1.0000	OD
0.199211	0.709302	0.057199	0.011628	1.0000	Thickness
0.796844	0.710756	0.047337	0.008721	1.0000	Pressure
0.293886	0.703488	0.045365	0.011628	1.0000	Number
0.147929	0.697674	0.019724	0.011628	1.0000	in.
0.216963	0.699128	0.017751	0.010174	1.0000	in.
0.424063	0.697674	0.015779	0.013081	1.0000	L
0.530572	0.699128	0.013807	0.011628	1.0000	M
0.717949	0.700581	0.011834	0.010174	1.0000	H
0.794533	0.699160	0.053771	0.010309	1.0000	psig (bar)
0.281949	0.679970	0.061348	0.013607	1.0000	VMW-UT2
0.145957	0.674419	0.021696	0.010174	1.0000	1/8
0.209073	0.674419	0.035503	0.011628	1.0000	0.028
0.400394	0.672752	0.067061	0.014748	1.0000	0.82 (20.8)
0.617357	0.674419	0.027613	0.011628	1.0000	5/16
0.698225	0.675868	0.061144	0.008905	1.0000	0.41 (10.4)
0.788557	0.672628	0.063879	0.013229	1.0000	8500 (585)
0.284024	0.667151	0.084813	0.013081	1.0000	VMW-UT2-SLV
0.282051	0.655523	0.061144	0.011628	1.0000	VMW-UT4
0.145957	0.649709	0.021696	0.011628	1.0000	1/4
0.209073	0.649709	0.035503	0.011628	1.0000	0.035
0.400394	0.648256	0.065089	0.013081	1.0000	0.82 (20.8)
0.617357	0.649709	0.027613	0.010174	1.0000	5/16
0.698225	0.649599	0.061144	0.010284	1.0000	0.41 (10.4)
0.788732	0.647868	0.063508	0.013232	1.0000	5100 (351)
0.282051	0.643895	0.084813	0.011628	1.0000	VMW-UT4-SLV
0.284024	0.633721	0.059172	0.007267	1.0000	VMW-UT6
0.524655	0.633721	0.027613	0.008721	1.0000	0.25
0.147929	0.626453	0.019724	0.008721	1.0000	3/8
0.209073	0.625000	0.035503	0.010174	1.0000	0.035
0.402250	0.626044	0.063351	0.010993	1.0000	0.94 (23.9)
0.615385	0.625000	0.029586	0.011628	1.0000	7/16
0.697922	0.625295	0.061774	0.011484	1.0000	0.47 (11.9)
0.788913	0.624875	0.063201	0.011878	1.0000	3300 (227)
0.284024	0.620640	0.082840	0.008721	1.0000	VMW-UT6-SLV
0.524655	0.619186	0.031558	0.010174	1.0000	(6.4)
0.284024	0.609012	0.059172	0.007267	1.0000	VMW-UT8
0.147929	0.601744	0.019724	0.008721	1.0000	1/2
0.209073	0.600291	0.035503	0.010174	1.0000	0.049
0.402347	0.600231	0.063157	0.011747	1.0000	1.06 (26.9)
0.617357	0.601744	0.027613	0.008721	1.0000	9/16
0.696252	0.600178	0.063116	0.010287	1.0000	0.53 (13.5)
0.788929	0.600215	0.063167	0.011779	1.0000	3700 (254)
0.284024	0.595930	0.082840	0.008721	1.0000	VMW-UT8-SLV
0.284011	0.582799	0.065113	0.008820	1.0000	VMW-UT12
0.147929	0.577035	0.019724	0.008721	1.0000	3/4
0.211045	0.577035	0.033531	0.008721	1.0000	0.065
0.404339	0.577026	0.061144	0.010240	1.0000	1.31 (33.3)
0.613412	0.575581	0.035503	0.011628	1.0000	13/16
0.698177	0.576878	0.061239	0.010488	1.0000	0.65 (16.6)
0.788955	0.575581	0.063116	0.011628	1.0000	2400(165)
0.284024	0.571221	0.090730	0.008721	1.0000	VMW-UT12-SLV
0.114361	0.548343	0.708147	0.012720	1.0000	* Default process spec: VS001B. If ordering VS001A-spec fittings for VIGOUR Ultra-High Purity Products, add "P" to the order number. Example: VMW-UT4-P
0.108159	0.455696	0.148561	0.018296	1.0000	• Reducing Tee
0.660750	0.456367	0.047337	0.007296	1.0000	F body cube
0.457594	0.438953	0.031558	0.007267	1.0000	VIGOUR
0.143984	0.373547	0.029586	0.008721	1.0000	Tube
0.205128	0.373547	0.025641	0.008721	1.0000	Wall
0.262327	0.373547	0.029586	0.008721	1.0000	Tube
0.331361	0.373547	0.027613	0.008721	1.0000	Wall
0.579882	0.374889	0.122288	0.008905	1.0000	Dimensions, in.(mm)
0.796512	0.373076	0.047888	0.009862	1.0000	Working
0.401935	0.367415	0.046307	0.010403	1.0000	Ordering
0.149901	0.363372	0.017751	0.008721	1.0000	OD
0.189349	0.363372	0.057199	0.008721	1.0000	Thickness
0.264300	0.361919	0.021696	0.010174	1.0000	OD
0.317513	0.363228	0.055309	0.009009	1.0000	Thickness
0.794872	0.363372	0.049310	0.008721	1.0000	Pressure
0.149901	0.353198	0.015779	0.007267	1.0000	in.
0.209073	0.351744	0.015779	0.008721	1.0000	in.
0.268245	0.351744	0.015779	0.008721	1.0000	in.
0.335306	0.351744	0.015779	0.008721	1.0000	in.
0.601578	0.353198	0.013807	0.008721	1.0000	M
0.670611	0.353198	0.009862	0.008721	1.0000	F
0.733728	0.353198	0.011834	0.008721	1.0000	H
0.792759	0.351852	0.055498	0.010055	1.0000	psig (bar)
0.388560	0.332849	0.071006	0.011628	1.0000	VMW-RT4-2
0.145957	0.327035	0.021696	0.010174	1.0000	1/4
0.197239	0.327035	0.035503	0.010174	1.0000	0.035
0.264300	0.327035	0.021696	0.010174	1.0000	1/8
0.325444	0.327035	0.033531	0.011628	1.0000	0.028
0.500845	0.325202	0.063399	0.013841	1.0000	0.81 (20.6)
0.662722	0.325581	0.027613	0.013081	1.0000	5/16
0.710059	0.325467	0.063116	0.013357	1.0000	0.41 (10.3)
0.788955	0.325467	0.063116	0.013357	1.0000	3300 (227)
0.388560	0.321221	0.096647	0.011628	1.0000	VMW-RT4-2-SLV
0.388458	0.307790	0.071211	0.012326	1.0000	VMW-RT6-4
0.145957	0.302326	0.021696	0.010174	1.0000	3/8
0.197239	0.302326	0.035503	0.010174	1.0000	0.035
0.266272	0.303779	0.019724	0.008721	1.0000	1/4
0.325444	0.302326	0.033531	0.011628	1.0000	0.035
0.502892	0.302133	0.061277	0.012013	1.0000	0.94 (23.9)
0.662722	0.300872	0.027613	0.011628	1.0000	7/16
0.711956	0.300655	0.061294	0.012063	1.0000	0.47 (11.9)
0.788826	0.300481	0.063374	0.012410	1.0000	3300 (227)
0.388560	0.295058	0.096647	0.011628	1.0000	VMW-RT6-4-SLV
0.388438	0.281606	0.071251	0.013822	1.0000	VMW-RT8-4
0.147929	0.279070	0.019724	0.008721	1.0000	1/2
0.197239	0.276163	0.035503	0.011628	1.0000	0.049
0.266272	0.279070	0.019724	0.008721	1.0000	1/4
0.325444	0.277616	0.033531	0.010174	1.0000	0.035
0.500938	0.276020	0.063212	0.011914	1.0000	1.06 (26.9)
0.662722	0.277616	0.027613	0.010174	1.0000	9/16
0.710059	0.276046	0.063116	0.011744	1.0000	0.53 (13.5)
0.788955	0.277616	0.063116	0.011787	1.0000	3700 (254)
0.388560	0.270349	0.094675	0.011628	1.0000	VMW-RT8-4-SLV
0.390533	0.260174	0.069034	0.008721	1.0000	VMW-RT8-6
0.595661	0.260174	0.027613	0.008721	1.0000	0.25
0.147929	0.254360	0.019724	0.008721	1.0000	1/2
0.197239	0.251453	0.035503	0.011628	1.0000	0.049
0.266272	0.254360	0.019724	0.008721	1.0000	3/8
0.325444	0.251453	0.033531	0.011628	1.0000	0.035
0.504931	0.252894	0.059172	0.010240	1.0000	1.06 (26.9)
0.662722	0.252907	0.027613	0.010174	1.0000	9/16
0.711950	0.251217	0.061307	0.012101	1.0000	0.53 (13.5)
0.788933	0.251389	0.063160	0.011758	1.0000	3300 (227)
0.388560	0.245640	0.096647	0.011628	1.0000	VMW-RT8-6-SLV
0.595661	0.245640	0.031558	0.011628	1.0000	(6.4)
0.390533	0.235465	0.076923	0.008721	1.0000	VMW-RT12-4
0.147929	0.228198	0.019724	0.010174	1.0000	3/4
0.197239	0.226744	0.035503	0.011628	1.0000	0.065
0.264300	0.228198	0.021696	0.010174	1.0000	1/4
0.325444	0.228198	0.033531	0.010174	1.0000	0.035
0.502865	0.227883	0.061332	0.010804	1.0000	1.31 (33.3)
0.658777	0.226744	0.035503	0.011628	1.0000	13/16
0.711987	0.226613	0.063205	0.011890	1.0000	0.65 (16.6)
0.788937	0.226692	0.063152	0.011732	1.0000	2400(165)
0.390533	0.222384	0.100592	0.010174	1.0000	VMW-RT12-4-SLV
0.390533	0.210756	0.076923	0.008721	1.0000	VMW-RT12-6
0.145957	0.202035	0.021696	0.011628	1.0000	3/4
0.195266	0.202035	0.037475	0.011628	1.0000	0.065
0.264300	0.203488	0.021696	0.010174	1.0000	3/8
0.325444	0.202035	0.033531	0.011628	1.0000	0.035
0.502920	0.203361	0.061221	0.010430	1.0000	1.31 (33.3)
0.658777	0.203488	0.035503	0.010174	1.0000	13/16
0.710006	0.201877	0.063223	0.011944	1.0000	0.65 (16.6)
0.788887	0.201833	0.063252	0.012032	1.0000	2400 (165)
0.388560	0.196221	0.102564	0.011628	1.0000	VMW-RT12-6-SLV
0.388466	0.182774	0.081056	0.012360	1.0000	VMW-RT12-8
0.145957	0.177326	0.021696	0.011628	1.0000	3/4
0.195266	0.177326	0.037475	0.011628	1.0000	0.065
0.264300	0.177326	0.021696	0.011628	1.0000	1/2
0.323471	0.178779	0.035503	0.011628	1.0000	0.049
0.502772	0.176771	0.061516	0.012737	1.0000	1.31 (33.3)
0.658777	0.177326	0.035503	0.011628	1.0000	13/16
0.710011	0.177178	0.065185	0.011923	1.0000	0.65 (16.6)
0.788880	0.175674	0.063266	0.013477	1.0000	2400 (165)
0.388560	0.171512	0.102564	0.011628	1.0000	VMW-RT12-8-SLV
0.112426	0.142442	0.564103	0.013081	1.0000	* To order fittings manufactured for Surface Finish Ra(Average)0.4 add BA to the ordering number. Example: VMW-RT6-4-BA
0.114375	0.133611	0.716040	0.013276	1.0000	* Default process spec: VS001B. If ordering VS001A-spec fittings for VIGOUR Ultra-High Purity Products, add "P" to the order number. Example: VMW-RT4-2-P
0.063116	0.046512	0.019724	0.013081	1.0000	25
0.106509	0.045058	0.128205	0.020349	1.0000	VIGOUR
0.106509	0.036337	0.128205	0.007296	1.0000	we offer solutions regarding your ideas!
#FILE	tmp/pdfs/fitting_dimension_audit/vups_ocr/ocr-29.png
0.697825	0.928527	0.219999	0.023205	1.0000	Micro Weld Fitting
0.770797	0.905900	0.146839	0.020079	1.0000	VMW Series
0.109395	0.791473	0.086925	0.021630	1.0000	• Tribow
0.144548	0.703819	0.034121	0.014909	1.0000	Tube
0.214990	0.706395	0.029586	0.011628	1.0000	Wall
0.528600	0.707849	0.122288	0.010317	1.0000	Dimensions, in.(mm)
0.800217	0.705969	0.046693	0.011873	1.0000	Working
0.293886	0.699128	0.053254	0.014535	1.0000	Ordering
0.149901	0.694767	0.021696	0.011628	1.0000	OD
0.201183	0.694767	0.057199	0.013081	1.0000	Thickness
0.798762	0.697467	0.049420	0.007683	1.0000	Pressure
0.295858	0.690407	0.047337	0.011628	1.0000	Number
0.151874	0.684593	0.017751	0.011628	1.0000	in.
0.218935	0.686047	0.019724	0.010174	1.0000	in.
0.429980	0.686047	0.009862	0.011628	1.0000	L
0.534517	0.687500	0.013807	0.007267	1.0000	M
0.796844	0.684593	0.055227	0.010174	1.0000	psig (bar)
0.285979	0.665655	0.059206	0.013166	1.0000	VMW-TB4
0.147929	0.659884	0.021696	0.013081	1.0000	1/4
0.210916	0.659691	0.035762	0.013466	1.0000	0.035
0.404339	0.659840	0.067061	0.013125	1.0000	0.56 (14.2)
0.619329	0.661337	0.029586	0.010174	1.0000	5/16
0.698225	0.659840	0.063116	0.011672	1.0000	0.41 (10.4)
0.790849	0.659642	0.065245	0.012111	1.0000	5100(351)
0.285931	0.653837	0.084943	0.013546	1.0000	VMW-TB4-SLV
0.287917	0.643710	0.057301	0.009091	1.0000	VMW-TB6
0.149901	0.638081	0.019724	0.008721	1.0000	3/8
0.213018	0.638081	0.033531	0.008721	1.0000	0.035
0.406267	0.636482	0.061233	0.010467	1.0000	0.69 (17.5)
0.619329	0.636628	0.029586	0.010174	1.0000	7/16
0.699990	0.636248	0.061752	0.010604	1.0000	0.47 (11.9)
0.790875	0.635018	0.063221	0.011940	1.0000	3300 (227)
0.287968	0.630814	0.082840	0.008721	1.0000	VMW-TB6-SLV
0.528600	0.629360	0.029586	0.011628	1.0000	0.25
0.287904	0.618949	0.057329	0.009194	1.0000	VMW-TB8
0.530572	0.617733	0.029586	0.011628	1.0000	(6.4)
0.147929	0.611919	0.021696	0.010174	1.0000	1/2
0.213018	0.613372	0.033531	0.008721	1.0000	0.049
0.406242	0.611686	0.061284	0.010640	1.0000	0.81 (20.6)
0.619329	0.610465	0.029586	0.011628	1.0000	9/16
0.698192	0.610368	0.063182	0.011823	1.0000	0.53 (13.5)
0.790783	0.610012	0.065376	0.012533	1.0000	3700 (254)
0.287789	0.605450	0.081261	0.010542	1.0000	VMW-TB8-SLV
0.287868	0.594064	0.063317	0.009546	1.0000	VMW-TB12
0.149901	0.588663	0.019724	0.008721	1.0000	3/4
0.213018	0.588663	0.033531	0.008721	1.0000	0.065
0.406259	0.587035	0.061250	0.010524	1.0000	1.06 (26.9)
0.615385	0.585756	0.037475	0.011628	1.0000	13/16
0.698162	0.585567	0.063243	0.012006	1.0000	0.65 (16.6)
0.790895	0.585659	0.065152	0.011821	1.0000	2400 (165)
0.287968	0.581395	0.088757	0.008721	1.0000	VMW-TB12-SLV
0.116371	0.553779	0.550296	0.008721	1.0000	* To order fittings manufactured for Surface Finish Ra(Average)0.4 add BA to the ordering number. Example: VMW-TB6-BA
0.116371	0.542151	0.706114	0.011722	1.0000	* Default process spec: VS001B. If ordering VS001A-spec fittings for VIGOUR Ultra-High Purity Products, add "Pr to the order number. Example: VMW-TB4-P
0.109374	0.413562	0.138100	0.024556	1.0000	• Cross Union
0.145957	0.331395	0.031558	0.008721	1.0000	Tube
0.216963	0.331395	0.027613	0.008721	1.0000	Wall
0.530572	0.329920	0.124260	0.013103	1.0000	Dimensions, in.(mm)
0.796844	0.328488	0.051282	0.011628	1.0000	Working
0.151874	0.321221	0.019724	0.008721	1.0000	OD
0.203106	0.321047	0.055326	0.009069	1.0000	Thickness
0.295858	0.324128	0.049310	0.010174	1.0000	Ordering
0.798762	0.319617	0.051390	0.010474	1.0000	Pressure
0.295858	0.316860	0.047337	0.007267	1.0000	Number
0.153846	0.309593	0.015779	0.008721	1.0000	in.
0.220907	0.309593	0.017751	0.007267	1.0000	in.
0.429980	0.309593	0.009862	0.010174	1.0000	L
0.532544	0.308140	0.015779	0.011628	1.0000	M
0.629191	0.309593	0.009862	0.010174	1.0000	F
0.719921	0.308140	0.013807	0.011628	1.0000	H
0.794872	0.306686	0.057199	0.011658	1.0000	psig (bar)
0.287968	0.292151	0.057199	0.008721	1.0000	VMW-CU2
0.149901	0.286337	0.019724	0.007267	1.0000	1/8
0.213018	0.286337	0.033531	0.008721	1.0000	0.028
0.406312	0.284884	0.061144	0.010308	1.0000	0.82 (20.8)
0.621302	0.284884	0.027613	0.008721	1.0000	5/16
0.698225	0.283430	0.065089	0.011761	1.0000	0.41 (10.4)
0.790837	0.283151	0.065269	0.012185	1.0000	8500 (585)
0.287968	0.279070	0.082840	0.008721	1.0000	VMW-CU2-SLV
0.287957	0.267401	0.057222	0.008803	1.0000	VMW-CU4
0.147929	0.260174	0.021696	0.010174	1.0000	1/4
0.211045	0.260174	0.035503	0.010174	1.0000	0.035
0.404339	0.258682	0.063116	0.011667	1.0000	0.82 (20.8)
0.621302	0.258721	0.027613	0.011628	1.0000	5/16
0.698225	0.258682	0.063116	0.011667	1.0000	0.41 (10.4)
0.790869	0.258542	0.065205	0.011985	1.0000	5100 (351)
0.287968	0.254360	0.082840	0.008721	1.0000	VMW-CU4-SLV
0.287968	0.242733	0.059172	0.008721	1.0000	VMW-CU6
0.528600	0.242733	0.027613	0.008721	1.0000	0.25
0.149901	0.235465	0.019724	0.008721	1.0000	3/8
0.213018	0.236919	0.033531	0.008721	1.0000	0.035
0.404259	0.233772	0.063276	0.012107	1.0000	0.94 (23.9)
0.621302	0.235465	0.027613	0.008721	1.0000	7/16
0.700073	0.233648	0.061392	0.012355	1.0000	0.47 (11.9)
0.790906	0.233950	0.063158	0.011750	1.0000	3300 (227)
0.287968	0.229651	0.082840	0.008721	1.0000	VMW-CU6-SLV
0.528600	0.226744	0.029586	0.013081	1.0000	(6.4)
0.285977	0.217951	0.059210	0.008865	1.0000	VMW-CU8
0.147929	0.210756	0.021696	0.010174	1.0000	1/2
0.211045	0.209302	0.035503	0.011628	1.0000	0.049
0.406242	0.210525	0.061283	0.010637	1.0000	1.06 (26.9)
0.619329	0.209302	0.029586	0.011628	1.0000	9/16
0.698164	0.209120	0.063238	0.011992	1.0000	0.53 (13.5)
0.790846	0.209079	0.065252	0.013527	1.0000	3700 (254)
0.285996	0.204942	0.084813	0.008721	1.0000	VMW-CU8-SLV
0.114398	0.177204	0.554241	0.010296	1.0000	* To order fittings manufactured for Surface Finish Ra(Average)0.4 add BA to the ordering number. Example: VMW-CU4-BA
0.114398	0.166963	0.708087	0.010362	1.0000	* Default process spec: VS001B. If ordering VS001A-spec fittings for VIGOUR Ultra-High Purity Products, add "P" to the order number. Example: VMW-CU4-P
0.765286	0.045058	0.128205	0.020349	1.0000	VIGOUR
0.925049	0.043605	0.019724	0.013081	1.0000	26
0.765286	0.036337	0.128205	0.007296	1.0000	we offer solutions regarding your ideas!
#FILE	tmp/pdfs/fitting_dimension_audit/vups_ocr/ocr-30.png
0.078554	0.928582	0.219800	0.022260	1.0000	Micro Weld Fitting
0.078777	0.907569	0.146236	0.016651	1.0000	VMW Series
0.113308	0.800216	0.171561	0.025862	1.0000	• Reducing Union
0.151874	0.712209	0.031558	0.011628	1.0000	Tube
0.211045	0.712209	0.029586	0.010174	1.0000	Wall
0.270217	0.712209	0.031558	0.011628	1.0000	Tube
0.339250	0.712209	0.027613	0.011628	1.0000	Wall
0.589555	0.714352	0.122649	0.011040	1.0000	Dimensions, in.(mm)
0.804660	0.712029	0.045512	0.010535	1.0000	Working
0.416174	0.706395	0.049310	0.011628	1.0000	Ordering
0.159763	0.703488	0.019724	0.008721	1.0000	OD
0.199211	0.703488	0.057199	0.008721	1.0000	Thickness
0.276134	0.703488	0.019724	0.008721	1.0000	OD
0.327416	0.703488	0.055227	0.008721	1.0000	Thickness
0.802761	0.703488	0.049310	0.008721	1.0000	Pressure
0.418125	0.699067	0.045408	0.008842	1.0000	Number
0.161736	0.693314	0.015779	0.007267	1.0000	in.
0.218935	0.693314	0.015779	0.008721	1.0000	in.
0.278107	0.693314	0.015779	0.008721	1.0000	in.
0.345168	0.693314	0.017751	0.008721	1.0000	in.
0.560158	0.693314	0.011834	0.008721	1.0000	L
0.725838	0.691860	0.021696	0.010174	1.0000	M1
0.800789	0.691860	0.053254	0.010277	1.0000	psig (bar)
0.157791	0.668605	0.019724	0.008721	1.0000	1/4
0.207101	0.667151	0.035503	0.010174	1.0000	0.035
0.276134	0.668605	0.019724	0.008721	1.0000	1/8
0.335306	0.670058	0.033531	0.008721	1.0000	0.028
0.406312	0.672965	0.071006	0.010174	1.0000	VMW-RU4-2
0.794798	0.665470	0.065236	0.012084	1.0000	5100 (351)
0.408284	0.662791	0.094675	0.008721	1.0000	VMW-RU4-2-SLV
0.408284	0.649709	0.069034	0.008721	1.0000	VMW-RU6-4
0.157791	0.643895	0.019724	0.008721	1.0000	3/8
0.209073	0.643895	0.033531	0.008721	1.0000	0.035
0.276134	0.643895	0.019724	0.008721	1.0000	1/4
0.333333	0.642442	0.035503	0.011628	1.0000	0.035
0.794746	0.640606	0.063369	0.012393	1.0000	3300 (227)
0.408284	0.638081	0.094675	0.008721	1.0000	VMW-RU6-4-SLV
0.408284	0.625000	0.069034	0.008721	1.0000	VMW-RU8-4
0.155819	0.617733	0.021696	0.010174	1.0000	1/2
0.209073	0.619186	0.033531	0.008721	1.0000	0.049
0.276134	0.619186	0.019724	0.008721	1.0000	1/4
0.335306	0.620640	0.033531	0.008721	1.0000	0.035
0.796781	0.618940	0.061270	0.009212	1.0000	3700 (254)
0.408284	0.613372	0.094675	0.008721	1.0000	VMW-RU8-4-SLV
0.554241	0.613372	0.025641	0.008721	1.0000	0.75
0.639053	0.613372	0.025641	0.008721	1.0000	0.42
0.725377	0.613830	0.028458	0.009835	1.0000	0.25
0.408048	0.600246	0.069415	0.009657	1.0000	VMW-RU8-6
0.548323	0.598837	0.035503	0.011628	1.0000	(19.0)
0.633136	0.598837	0.037475	0.011628	1.0000	(10.7)
0.723866	0.600291	0.029586	0.010174	1.0000	(6.4)
0.157791	0.594477	0.019724	0.008721	1.0000	1/2
0.209073	0.594477	0.033531	0.008721	1.0000	0.049
0.276134	0.594477	0.019724	0.008721	1.0000	3/8
0.335306	0.594477	0.033531	0.010174	1.0000	0.035
0.796750	0.594106	0.061331	0.009463	1.0000	3300 (227)
0.408284	0.588663	0.094675	0.008721	1.0000	VMW-RU8-6-SLV
0.408284	0.575581	0.076923	0.008721	1.0000	VMW-RU12-4
0.155819	0.568314	0.021696	0.010174	1.0000	3/4
0.207101	0.568314	0.035503	0.010174	1.0000	0.065
0.276134	0.569767	0.019724	0.008721	1.0000	1/4
0.335306	0.569767	0.033531	0.008721	1.0000	0.035
0.798755	0.568118	0.059294	0.010567	1.0000	2400(165)
0.408284	0.563953	0.100592	0.008721	1.0000	VMW-RU12-4-SLV
0.408284	0.550872	0.076923	0.008721	1.0000	VMW-RU12-6
0.157791	0.545058	0.019724	0.008721	1.0000	3/4
0.209073	0.545058	0.033531	0.008721	1.0000	0.065
0.276134	0.545058	0.019724	0.008721	1.0000	3/8
0.333333	0.543605	0.035503	0.011628	1.0000	0.035
0.796844	0.543605	0.063116	0.010269	1.0000	2400 (165)
0.408284	0.539244	0.100592	0.008721	1.0000	VMW-RU12-6-SLV
0.408284	0.526163	0.076923	0.008721	1.0000	VMW-RU12-8
0.157791	0.520349	0.019724	0.008721	1.0000	3/4
0.207101	0.518895	0.035503	0.010174	1.0000	0.065
0.276134	0.520349	0.019724	0.008721	1.0000	1/2
0.333333	0.518895	0.035503	0.010174	1.0000	0.049
0.794802	0.517232	0.063256	0.012047	1.0000	2400 (165)
0.408284	0.514535	0.100592	0.008721	1.0000	VMW-RU12-8-SLV
0.126233	0.489760	0.560158	0.010240	1.0000	* To order fittings manufactured for Surface Finish Ra(Average)0.4 add BA to the ordering number. Example: VMW-RU6-4-BA
0.124260	0.479519	0.717949	0.010306	1.0000	* Default process spec: VS001B. If ordering VS001A-spec fittings for VIGOUR Ultra-High Purity Products, add "P" to the order number. Example: VMW-RU4-2-P
0.110454	0.374889	0.179487	0.016100	1.0000	• 45°Union Elbow
0.472211	0.367181	0.035989	0.017342	1.0000	ViOUR
0.151874	0.273256	0.029586	0.008721	1.0000	Tube
0.234714	0.273256	0.027613	0.008721	1.0000	Wall
0.526627	0.273256	0.124260	0.011695	1.0000	Dimensions, in.(mm)
0.784970	0.271710	0.049390	0.011813	1.0000	Working
0.320877	0.267064	0.048472	0.010857	1.0000	Ordering
0.157791	0.263081	0.019724	0.008721	1.0000	OD
0.220907	0.263081	0.055227	0.008721	1.0000	Thickness
0.786935	0.262955	0.049405	0.010428	1.0000	Pressure
0.321499	0.258721	0.045365	0.008721	1.0000	Number
0.157791	0.252907	0.013807	0.008721	1.0000	in
0.240631	0.252907	0.015779	0.007267	1.0000	in.
0.548323	0.251453	0.015779	0.011628	1.0000	M
0.621302	0.252907	0.009862	0.010174	1.0000	F
0.680473	0.251453	0.013807	0.011628	1.0000	H
0.782987	0.249869	0.055328	0.011890	1.0000	psig (bar)
0.311637	0.234012	0.082840	0.008721	1.0000	VMW-VE4-R45
0.155819	0.228198	0.019724	0.008721	1.0000	1/4
0.230769	0.228198	0.033531	0.008721	1.0000	0.035
0.453563	0.227871	0.059343	0.009375	1.0000	0.47 (11.9)
0.615385	0.228198	0.025641	0.008721	1.0000	5/16
0.660709	0.226611	0.061225	0.010441	1.0000	0.41 (10.4)
0.779011	0.225037	0.065253	0.012136	1.0000	5100 (351)
0.311637	0.222384	0.108481	0.008721	1.0000	VMW-VE4-R45-SLV
0.311331	0.209117	0.083400	0.010471	1.0000	VMW-VE6-R45
0.155819	0.203488	0.019724	0.008721	1.0000	3/8
0.230769	0.203488	0.033531	0.008721	1.0000	0.035
0.451677	0.203473	0.061144	0.008905	1.0000	0.56 (14.2)
0.610163	0.201255	0.032164	0.013347	1.0000	7/16
0.660696	0.200427	0.061251	0.011937	1.0000	0.47 (11.9)
0.779006	0.201767	0.065261	0.012163	1.0000	3300 (227)
0.311637	0.197674	0.108481	0.008721	1.0000	VMW-VE6-R45-SLV
0.542406	0.196221	0.029586	0.010174	1.0000	0.25
0.311637	0.184593	0.082840	0.008721	1.0000	VMW-VE8-R45
0.544379	0.183140	0.031558	0.011628	1.0000	(6.4)
0.155819	0.178779	0.019724	0.008721	1.0000	1/2
0.230769	0.178779	0.031558	0.008721	1.0000	0.049
0.451677	0.178779	0.061144	0.008721	1.0000	0.64 (16.3)
0.611440	0.177326	0.029586	0.010174	1.0000	9/16
0.660604	0.178189	0.061435	0.009902	1.0000	0.53 (13.5)
0.779016	0.177051	0.065243	0.010723	1.0000	3700 (254)
0.311637	0.172965	0.108481	0.008721	1.0000	VMW-VE8-R45-SLV
0.311637	0.161337	0.088757	0.008721	1.0000	VMW-VE12-R45
0.155819	0.154070	0.019724	0.008721	1.0000	3/4
0.230769	0.154070	0.033531	0.008721	1.0000	0.065
0.451619	0.153845	0.061259	0.009171	1.0000	0.82 (20.9)
0.611440	0.154070	0.033531	0.008721	1.0000	13/16
0.658777	0.152616	0.063116	0.011676	1.0000	0.65 (16.6)
0.779050	0.152486	0.065174	0.011888	1.0000	2400 (165)
0.311637	0.148256	0.114398	0.008721	1.0000	VMW-VE12-R45-SLV
0.124260	0.121995	0.727811	0.010273	1.0000	* Default process spec: VS001B. If ordering VS001A-spec fittings for VIGOUR Ultra-High Purity Products, add "P" to the order number. Example: VMW-VE4-R45-P
0.063116	0.046512	0.019724	0.011628	1.0000	27
0.106479	0.044948	0.128265	0.019115	1.0000	VIGOUR
0.106509	0.036337	0.128205	0.007296	1.0000	we offer solutions regarding your ideas!
#FILE	tmp/pdfs/fitting_dimension_audit/vups_ocr/ocr-31.png
0.654547	0.930068	0.263012	0.021473	1.0000	Tube Butt Weld fitting
0.779093	0.908281	0.138067	0.016137	1.0000	VTW Series
0.100291	0.811293	0.166212	0.020215	1.0000	• Long Elbow 90°
0.140039	0.680233	0.031558	0.011628	1.0000	Tube
0.224852	0.680233	0.029586	0.011628	1.0000	Wall
0.524655	0.682992	0.122288	0.008905	1.0000	Dimensions, in.(mm)
0.794664	0.680838	0.047835	0.009986	1.0000	Working
0.319527	0.674419	0.049310	0.013081	1.0000	Ordering
0.143984	0.670058	0.023669	0.011628	1.0000	OD
0.209073	0.668605	0.059172	0.011628	1.0000	Thickness
0.792776	0.671116	0.049557	0.009512	1.0000	Pressure
0.319527	0.664244	0.047337	0.011628	1.0000	Number
0.145957	0.658430	0.019724	0.011628	1.0000	in.
0.228797	0.659884	0.019724	0.010174	1.0000	in.
0.471400	0.661337	0.009862	0.008721	1.0000	L
0.581854	0.661337	0.013807	0.008721	1.0000	M
0.688363	0.661337	0.009862	0.008721	1.0000	F
0.790927	0.659840	0.053254	0.008905	1.0000	psig (bar)
0.145957	0.642442	0.017751	0.008721	1.0000	1/4
0.222880	0.642442	0.033531	0.010174	1.0000	0.035
0.305637	0.642149	0.055392	0.009308	1.0000	VTW-LE4
0.447699	0.640880	0.061210	0.010392	1.0000	1.23 (31.2)
0.684418	0.642442	0.025641	0.008721	1.0000	7/16
0.788903	0.640824	0.059275	0.010504	1.0000	5100 (351)
0.145957	0.630814	0.017751	0.008721	1.0000	3/8
0.222880	0.630814	0.033531	0.008721	1.0000	0.035
0.305686	0.630694	0.055296	0.008960	1.0000	VTW-LE6
0.449111	0.628087	0.060344	0.012550	1.0000	1.20 (30.5)
0.684418	0.630814	0.025641	0.008721	1.0000	7/16
0.788489	0.628662	0.060075	0.011035	1.0000	3300 (227)
0.143984	0.616279	0.019724	0.010174	1.0000	1/2
0.222880	0.617733	0.033531	0.008721	1.0000	0.049
0.307633	0.617532	0.053373	0.009123	1.0000	VTW-LE8
0.449654	0.617545	0.059271	0.009095	1.0000	1.34 (34.0)
0.560112	0.616129	0.061235	0.010475	1.0000	0.75 (19.0)
0.682446	0.617733	0.031558	0.008721	1.0000	11/16
0.786932	0.614676	0.063217	0.011927	1.0000	3700 (254)
0.145957	0.606105	0.017751	0.008721	1.0000	3/4
0.220907	0.603198	0.035503	0.011628	1.0000	0.065
0.307628	0.604408	0.059300	0.009207	1.0000	VTW-LE12
0.449662	0.604516	0.059256	0.010444	1.0000	1.46 (37.1)
0.680473	0.606105	0.033531	0.008721	1.0000	15/16
0.786982	0.603198	0.061144	0.010337	1.0000	2400 (165)
0.222880	0.593023	0.033531	0.008721	1.0000	0.065
0.307655	0.592884	0.059246	0.009000	1.0000	VTW-LE16
0.449704	0.593023	0.059172	0.008936	1.0000	1.47 (37.5)
0.682446	0.593023	0.029586	0.008721	1.0000	1-1/4
0.784807	0.589487	0.063522	0.012886	1.0000	1900 (130)
0.124229	0.562557	0.546428	0.011702	1.0000	* To order fittings manufactured for Surface Finish Ra(Average)0.4 add BA to the ordering number. Example: VTW-LE4-BA
0.122288	0.553779	0.704142	0.010335	1.0000	* Default process spec: VS001B. If ordering VS001A-spec fittings for VIGOUR Ultra-High Purity Products, add "P" to the order number. Example: VTW-LE4-P
0.099864	0.423908	0.224184	0.024074	1.0000	• Reducing Long Elbow
0.104536	0.300872	0.031558	0.008721	1.0000	Tube
0.167653	0.299419	0.029586	0.011628	1.0000	Wall
0.224852	0.299419	0.031558	0.011628	1.0000	Tube
0.293886	0.299419	0.029586	0.011628	1.0000	Wall
0.577909	0.299199	0.124260	0.013357	1.0000	Dimensions, in. (mm)
0.816363	0.298496	0.049890	0.012819	1.0000	Working
0.110454	0.289244	0.021696	0.011628	1.0000	OD
0.153817	0.289167	0.057257	0.011782	1.0000	Thickness
0.230769	0.289244	0.021696	0.011628	1.0000	OD
0.280079	0.289244	0.057199	0.011628	1.0000	Thickness
0.390533	0.292151	0.051282	0.013081	1.0000	Ordering
0.814596	0.287791	0.053254	0.013081	1.0000	Pressure
0.392505	0.284884	0.047337	0.010174	1.0000	Number
0.112426	0.279070	0.015779	0.010174	1.0000	in.
0.171598	0.279070	0.019724	0.010174	1.0000	in.
0.232742	0.280523	0.015779	0.007267	1.0000	in.
0.297830	0.279070	0.017751	0.010174	1.0000	in.
0.534517	0.279070	0.011834	0.010174	1.0000	L
0.642998	0.279070	0.015779	0.010174	1.0000	M
0.749507	0.280523	0.009862	0.010174	1.0000	F
0.814474	0.275879	0.055470	0.013649	1.0000	psig (bar)
0.108481	0.260174	0.021696	0.011628	1.0000	3/8
0.163708	0.260174	0.035503	0.011628	1.0000	0.035
0.232742	0.261628	0.017751	0.008721	1.0000	1/4
0.287968	0.260174	0.035503	0.011628	1.0000	0.035
0.370690	0.259745	0.075188	0.012487	1.0000	VTW-RLE6-4
0.512789	0.258646	0.051345	0.011778	1.0000	0.98 25)
0.741617	0.260174	0.027613	0.010174	1.0000	6/16
0.810372	0.257867	0.061702	0.013336	1.0000	3300 (227)
0.108481	0.248547	0.021696	0.010174	1.0000	1/2
0.163708	0.247093	0.033531	0.011628	1.0000	0.049
0.230769	0.247093	0.019724	0.011628	1.0000	1/4
0.287968	0.248547	0.035503	0.010174	1.0000	0.035
0.370809	0.247093	0.074951	0.011628	1.0000	VTW-RLE8-4
0.514793	0.247093	0.051282	0.011628	1.0000	1.06 (27)
0.743590	0.250000	0.021696	0.007267	1.0000	716
0.810412	0.246370	0.061622	0.013074	1.0000	3700 (254)
0.108481	0.236919	0.021696	0.008721	1.0000	1/2
0.165680	0.236919	0.031558	0.008721	1.0000	0.049
0.232742	0.236919	0.019724	0.008721	0.3000	3/8
0.287968	0.235465	0.035503	0.011628	1.0000	0.035
0.370727	0.235175	0.075113	0.012209	1.0000	VTW-RLE8-6
0.514793	0.234012	0.051282	0.013094	1.0000	1.06 (27)
0.743590	0.236919	0.025641	0.008721	1.0000	7/16
0.810651	0.234012	0.061144	0.011759	1.0000	3300 (227)
0.108481	0.225291	0.021696	0.008721	1.0000	3/4
0.163708	0.223837	0.033531	0.010174	1.0000	0.065
0.232742	0.225291	0.017751	0.008721	1.0000	1/4
0.289941	0.225291	0.033531	0.008721	1.0000	0.035
0.370683	0.221891	0.081119	0.012612	1.0000	VTW-RLE12-4
0.508876	0.222173	0.063116	0.012021	1.0000	1.24 (31.5)
0.621302	0.220837	0.065089	0.014693	1.0000	0.75 (19.0)
0.737673	0.222384	0.035503	0.011628	1.0000	15/16
0.810636	0.222342	0.061174	0.011712	1.0000	2400 (165)
0.108481	0.210756	0.021696	0.011628	1.0000	3/4
0.161736	0.210756	0.037475	0.011628	1.0000	0.065
0.230769	0.210756	0.019724	0.011628	1.0000	3/8
0.287968	0.210756	0.035503	0.011628	1.0000	0.035
0.370759	0.210567	0.080966	0.012005	1.0000	VTW-RLE12-6
0.508854	0.209246	0.063159	0.013194	1.0000	1.24 (31.5)
0.739645	0.212209	0.033531	0.010174	1.0000	15/16
0.810651	0.209261	0.061144	0.013123	1.0000	2400 (165)
0.108481	0.197674	0.021696	0.011628	1.0000	3/4
0.161736	0.197674	0.037475	0.013081	1.0000	0.065
0.230769	0.197674	0.019724	0.011628	1.0000	1/2
0.287968	0.197674	0.035503	0.013081	1.0000	0.049
0.370738	0.197401	0.081010	0.012174	1.0000	VTW-RLE12-8
0.508380	0.196560	0.064065	0.013019	1.0000	1.24 (31.5)
0.739645	0.200581	0.033531	0.008721	1.0000	15/16
0.810651	0.197674	0.061144	0.011628	1.0000	2400 (165)
0.088757	0.164244	0.566075	0.013081	1.0000	* To order fittings manufactured for Surface Finish Ra(Average)0.4 add BA to the ordering number. Example: VTW-RLE6-4-BA
0.088757	0.155387	0.721893	0.013357	1.0000	* Default process spec: VS001B. If ordering VS001A-spec fittings for VIGOUR Ultra-High Purity Products, add "Pr to the order number. Example: VTW-RLE6-4-P
0.765175	0.044667	0.130399	0.021131	1.0000	VIGOUR
0.925049	0.043605	0.019724	0.011628	1.0000	28
0.765286	0.034728	0.128205	0.008905	1.0000	we offer solutions regarding your ideas!
#FILE	tmp/pdfs/fitting_dimension_audit/vups_ocr/ocr-32.png
0.078685	0.928664	0.266738	0.023989	1.0000	Tube Butt Weld fitting
0.078895	0.906946	0.142012	0.019145	1.0000	VTW Series
0.087939	0.807648	0.111954	0.022535	1.0000	I Long Tee
0.140039	0.690407	0.033531	0.013081	1.0000	Tube
0.209073	0.690407	0.031558	0.013081	1.0000	Wall
0.526423	0.693239	0.120751	0.011452	1.0000	Dimensions, in. (mm)
0.796571	0.692279	0.045979	0.010190	1.0000	Working
0.295858	0.686047	0.049310	0.013081	1.0000	Ordering
0.145957	0.680233	0.021696	0.013081	1.0000	OD
0.195266	0.680233	0.059172	0.013081	1.0000	Thickness
0.297669	0.678394	0.043714	0.010944	1.0000	Number
0.794832	0.683015	0.049390	0.008970	1.0000	Pressure
0.147929	0.670058	0.017751	0.011628	1.0000	in.
0.213018	0.670058	0.021696	0.011628	1.0000	in.
0.424063	0.671512	0.011834	0.010174	1.0000	L
0.528600	0.670058	0.015779	0.010174	1.0000	M
0.715976	0.671512	0.011834	0.008721	1.0000	H
0.792899	0.670058	0.053254	0.010262	1.0000	psig (bar)
0.143984	0.652616	0.021696	0.011628	1.0000	1/4
0.207101	0.652616	0.035503	0.011628	1.0000	0.035
0.280079	0.652616	0.055227	0.011628	1.0000	VTW-LT4
0.400079	0.650283	0.063748	0.014841	1.0000	2.46 (62.5)
0.617357	0.654070	0.025641	0.008721	1.0000	7/16
0.694203	0.652350	0.063271	0.010707	1.0000	1.23 (31.2)
0.788955	0.652616	0.061144	0.010340	1.0000	5100 (351)
0.145957	0.640988	0.019724	0.008721	1.0000	3/8
0.209073	0.640988	0.033531	0.010174	1.0000	0.035
0.282051	0.640988	0.053254	0.008721	1.0000	VTW-LT6
0.400394	0.639359	0.061144	0.012021	1.0000	2.40 (61.0)
0.617357	0.642442	0.025641	0.007267	1.0000	7/16
0.696234	0.640918	0.061181	0.008861	1.0000	1.20 (30.5)
0.788955	0.640988	0.059172	0.008721	1.0000	3300 (227)
0.143984	0.627907	0.021696	0.010174	1.0000	1/2
0.209073	0.629360	0.033531	0.008721	1.0000	0.049
0.282051	0.629360	0.053254	0.008721	1.0000	VTW-LT8
0.400323	0.624812	0.063259	0.013458	1.0000	2.68 (68.1)
0.508876	0.627783	0.059172	0.010299	1.0000	0.75 (19.0)
0.615385	0.629360	0.031558	0.008721	1.0000	11/16
0.696252	0.627783	0.061144	0.010299	1.0000	1.34 (34.0)
0.788892	0.627699	0.061270	0.010591	1.0000	3700 (254)
0.143984	0.616279	0.021696	0.010174	1.0000	3/4
0.207101	0.614826	0.035503	0.011628	1.0000	0.065
0.279969	0.614503	0.061364	0.012272	1.0000	VTW-LT12
0.400394	0.613372	0.061144	0.013081	1.0000	2.91 (73.9)
0.613412	0.617733	0.033531	0.008721	1.0000	15/16
0.693848	0.613963	0.063943	0.012601	1.0000	1.46 (37.1)
0.788943	0.616233	0.061168	0.008812	1.0000	2400 (165)
0.149901	0.603198	0.011834	0.010174	1.0000	1
0.207101	0.601744	0.035503	0.011628	1.0000	0.065
0.280060	0.601696	0.061182	0.013178	1.0000	VTW-LT16
0.400175	0.601061	0.063556	0.012995	1.0000	2.68 (68.1)
0.615336	0.604561	0.029683	0.008902	1.0000	1-1/4
0.694156	0.601367	0.063365	0.012382	1.0000	1.34 (34.0)
0.786964	0.601690	0.063153	0.011737	1.0000	1900(130)
0.116371	0.577026	0.544379	0.010240	1.0000	* To order fittings manufactured for Surface Finish Ra(Average)0.4 add BA to the ordering number. Example: VTW-LT4-BA
0.116283	0.565706	0.700330	0.014269	1.0000	* Default process spec: VS001B. If ordering VS001A-spec fittings for VIGOUR Ultra-High Purity Products, add "P" to the order number. Example: VTW-LT4-P
0.090458	0.439445	0.203638	0.019963	1.0000	• Reducing Long Tee
0.108481	0.316860	0.029586	0.008721	1.0000	Tube
0.165680	0.316860	0.027613	0.008721	1.0000	Wall
0.278107	0.316860	0.025641	0.008721	1.0000	Wall
0.579678	0.316785	0.122752	0.012730	1.0000	Dimensions, in.(mm)
0.827721	0.314986	0.048666	0.012044	1.0000	Working
0.216963	0.312500	0.029586	0.007267	1.0000	Tube
0.355030	0.311047	0.047337	0.008721	1.0000	Ordering
0.114398	0.306686	0.019724	0.008721	1.0000	OD
0.151841	0.306574	0.055291	0.008945	1.0000	Thickness
0.262327	0.306686	0.057199	0.008721	1.0000	Thickness
0.828324	0.306439	0.049467	0.009215	1.0000	Pressure
0.222880	0.302326	0.019724	0.007267	1.0000	OD
0.355010	0.300815	0.047376	0.008835	1.0000	Number
0.114398	0.296512	0.013807	0.007267	1.0000	in
0.169625	0.296512	0.015779	0.008721	1.0000	in.
0.282051	0.296512	0.015779	0.008721	1.0000	in.
0.481262	0.295058	0.009862	0.010174	1.0000	L
0.556213	0.295058	0.015779	0.010174	1.0000	M
0.629191	0.296512	0.009862	0.008721	1.0000	F
0.692308	0.296512	0.011834	0.008721	1.0000	H
0.763314	0.295058	0.019724	0.008721	1.0000	H1
0.826430	0.293411	0.053254	0.010369	1.0000	psig (bar)
0.112426	0.277616	0.019724	0.008721	1.0000	3/8
0.159763	0.277616	0.033531	0.008721	1.0000	0.035
0.222880	0.277616	0.019724	0.008721	1.0000	1/4
0.272189	0.277616	0.033531	0.008721	1.0000	0.035
0.335306	0.277616	0.069034	0.008721	1.0000	VTW-RLT6-4
0.455621	0.276046	0.061144	0.010291	1.0000	2.39 (60.7)
0.623274	0.277616	0.025641	0.008721	1.0000	7/16
0.674383	0.275585	0.059519	0.011329	1.0000	1.20 (30.5)
0.745358	0.274077	0.063524	0.012892	1.0000	1.23 (31.2)
0.820513	0.274709	0.063116	0.011628	1.0000	3300 (227)
0.112426	0.265988	0.019724	0.008721	1.0000	1/2
0.159763	0.265988	0.033531	0.008721	1.0000	0.049
0.222880	0.265988	0.019724	0.008721	1.0000	1/4
0.272189	0.265988	0.033531	0.008721	1.0000	0.035
0.335306	0.265988	0.069034	0.008721	1.0000	VTW-RLT8-4
0.453564	0.262828	0.063285	0.012135	1.0000	2.67 (67.8)
0.619329	0.264535	0.031558	0.008721	1.0000	11/16
0.670330	0.262790	0.063717	0.011483	1.0000	1.34 (34.0)
0.745562	0.263081	0.063116	0.010293	1.0000	1.34 (34.0)
0.822464	0.264453	0.061187	0.008884	1.0000	3700 (254)
0.112426	0.252907	0.019724	0.008721	1.0000	1/2
0.159763	0.252907	0.033531	0.008721	1.0000	0.049
0.222880	0.252907	0.019724	0.008721	1.0000	3/8
0.270217	0.251453	0.035503	0.011628	1.0000	0.035
0.333333	0.252907	0.072978	0.008721	1.0000	VTW-RLT8-6
0.453618	0.251362	0.063178	0.011811	1.0000	2.67 (67.8)
0.619329	0.252907	0.031558	0.008721	1.0000	11/16
0.672454	0.252384	0.061403	0.009766	1.0000	1.34 (34.0)
0.745498	0.249782	0.063244	0.010611	1.0000	1.35 (34.3)
0.820513	0.251453	0.063116	0.010345	1.0000	3300 (227)
0.112426	0.241279	0.019724	0.007267	1.0000	3/4
0.159763	0.241279	0.033531	0.007267	1.0000	0.065
0.222880	0.241279	0.019724	0.007267	1.0000	1/4
0.270217	0.239826	0.035503	0.010174	1.0000	0.035
0.333333	0.241279	0.078895	0.007267	1.0000	VTW-RLT12-4
0.457594	0.239826	0.059172	0.008721	1.0000	2.91 (73.9)
0.532198	0.238132	0.067718	0.013010	1.0000	0.75 (19.0)
0.619329	0.241279	0.031558	0.007267	1.0000	15/16
0.672543	0.239667	0.061226	0.009039	1.0000	1.46 (37.1)
0.745461	0.238020	0.063319	0.010878	1.0000	1.48 (37.6)
0.820407	0.238052	0.063329	0.012269	1.0000	2400 (165)
0.112426	0.228198	0.019724	0.008721	1.0000	3/4
0.157791	0.226744	0.035503	0.010174	1.0000	0.065
0.220907	0.226744	0.021696	0.010174	1.0000	3/8
0.272189	0.228198	0.033531	0.008721	1.0000	0.035
0.335306	0.228198	0.076923	0.008721	1.0000	VTW-RLT12-6
0.457594	0.226625	0.059172	0.010293	1.0000	2.91 (73.9)
0.619329	0.228198	0.031558	0.008721	1.0000	15/16
0.672550	0.228068	0.061211	0.008980	1.0000	1.46 (37.1)
0.745393	0.224773	0.063454	0.012663	1.0000	1.48 (37.6)
0.820370	0.224855	0.063402	0.012498	1.0000	2400(165)
0.112426	0.215116	0.019724	0.008721	1.0000	3/4
0.159763	0.215116	0.033531	0.008721	1.0000	0.065
0.222880	0.215116	0.019724	0.008721	1.0000	1/2
0.270217	0.215116	0.035503	0.010174	1.0000	0.049
0.333333	0.213663	0.078895	0.010174	1.0000	VTW-RLT12-8
0.453390	0.212846	0.063635	0.013261	1.0000	2.48 (63.0)
0.619329	0.215116	0.031558	0.008721	1.0000	15/16
0.672146	0.213723	0.061958	0.011789	1.0000	1.24 (31.5)
0.745482	0.213422	0.063277	0.012109	1.0000	1.24 (31.5)
0.820482	0.213571	0.063178	0.011811	1.0000	2400 (165)
0.100592	0.187444	0.560158	0.008905	1.0000	* To order fittings manufactured for Surface Finish Ra(Average)0.4 add BA to the ordering number. Example: VTW-RLT6-4-BA
0.100592	0.178779	0.714004	0.008721	1.0000	* Default process spec: VS001B. If ordering VS001A-spec fittings for VIGOUR Ultra-High Purity Products, add "P" to the order number. Example: VTW-RLT6-4-P
0.063116	0.046512	0.019724	0.011628	1.0000	29
0.106475	0.044933	0.128273	0.019146	1.0000	VIGOUR
0.106509	0.037791	0.126233	0.004507	1.0000	we offer solutions regarding your ideas!
#FILE	tmp/pdfs/fitting_dimension_audit/vups_ocr/ocr-33.png
0.654645	0.930119	0.264723	0.021789	1.0000	Tube Butt Weld fitting
0.777064	0.906761	0.142125	0.020780	1.0000	VTW Series
0.097966	0.806617	0.224071	0.025049	1.0000	• Reducing Long Union
0.725838	0.761628	0.015779	0.007267	1.0000	M
0.408284	0.738372	0.043393	0.007267	1.0000	WGOUR
0.120316	0.665698	0.031558	0.011628	1.0000	Tube
0.197239	0.665698	0.027613	0.011628	1.0000	Wall
0.272189	0.665698	0.031558	0.011628	1.0000	Tube
0.355030	0.665698	0.029586	0.011628	1.0000	Wall
0.603550	0.666963	0.124260	0.013357	1.0000	Dimensions, in.(mm)
0.807875	0.663658	0.050863	0.015026	1.0000	Working
0.453649	0.659884	0.051282	0.011628	1.0000	Ordering
0.124260	0.655523	0.021696	0.011628	1.0000	OD
0.181460	0.655523	0.059172	0.011628	1.0000	Thickness
0.276134	0.655523	0.021696	0.011628	1.0000	OD
0.339250	0.655523	0.059172	0.011628	1.0000	Thickness
0.457515	0.652424	0.045522	0.010559	1.0000	Number
0.806706	0.655523	0.051282	0.011628	1.0000	Pressure
0.128205	0.646802	0.013807	0.008721	1.0000	in
0.203156	0.646802	0.017751	0.008721	1.0000	in.
0.280079	0.646802	0.013807	0.008721	1.0000	in.
0.360947	0.646802	0.015779	0.008721	1.0000	in.
0.605523	0.646802	0.011834	0.008721	1.0000	L
0.710059	0.646802	0.013807	0.008721	1.0000	M
0.804521	0.643321	0.055653	0.012776	1.0000	psig (bar)
0.124260	0.629360	0.019724	0.007267	1.0000	3/8
0.193294	0.629360	0.033531	0.008721	1.0000	0.035
0.278107	0.629360	0.019724	0.007267	1.0000	1/4
0.351085	0.629360	0.033531	0.008721	1.0000	0.035
0.433878	0.627720	0.073073	0.010548	1.0000	VTW-RLU6-4
0.800789	0.626447	0.063116	0.010240	1.0000	3300 (227)
0.124260	0.616279	0.019724	0.008721	1.0000	1/2
0.193294	0.616279	0.033531	0.008721	1.0000	0.049
0.278107	0.616279	0.019724	0.008721	1.0000	1/4
0.349112	0.614826	0.035503	0.011628	1.0000	0.035
0.431889	0.614598	0.075079	0.012084	1.0000	VTW-RLU8-4
0.800789	0.613372	0.063116	0.011739	1.0000	3700 (254)
0.124260	0.604651	0.019724	0.008721	1.0000	1/2
0.193294	0.603198	0.033531	0.008721	1.0000	0.049
0.278107	0.604651	0.019724	0.008721	1.0000	3/8
0.351085	0.604651	0.033531	0.008721	1.0000	0.035
0.433559	0.602200	0.075587	0.011571	1.0000	VTW-RLU8-6
0.802741	0.603132	0.061184	0.010305	1.0000	3300 (227)
0.124260	0.591570	0.019724	0.008721	1.0000	3/4
0.193294	0.591570	0.033531	0.008721	1.0000	0.065
0.278107	0.591570	0.017751	0.008721	1.0000	1/4
0.351085	0.591570	0.033531	0.008721	1.0000	0.035
0.433925	0.591570	0.080868	0.008721	1.0000	VTW-RLU12-4
0.800763	0.588586	0.063169	0.011782	1.0000	2400 (165)
0.124260	0.579942	0.019724	0.007267	1.0000	3/4
0.193294	0.579942	0.033531	0.008721	1.0000	0.065
0.278107	0.579942	0.019724	0.007267	1.0000	3/8
0.351085	0.579942	0.033531	0.008721	1.0000	0.035
0.433925	0.579942	0.080868	0.007267	1.0000	VTW-RLU12-6
0.579807	0.576812	0.063266	0.012075	1.0000	1.50 (38.1)
0.686391	0.577026	0.063116	0.011637	1.0000	0.75 (19.0)
0.802722	0.578337	0.061222	0.009023	1.0000	2400(165)
0.124260	0.566860	0.019724	0.008721	1.0000	3/4
0.193294	0.566860	0.033531	0.008721	1.0000	0.065
0.278107	0.566860	0.019724	0.008721	1.0000	1/2
0.349112	0.565407	0.035503	0.011628	1.0000	0.049
0.433925	0.566860	0.080868	0.008721	1.0000	VTW-RLU12-8
0.800789	0.565407	0.063116	0.010283	1.0000	2400 (165)
0.193294	0.553779	0.033531	0.008721	1.0000	0.065
0.278107	0.555233	0.017751	0.007267	1.0000	1/4
0.351085	0.553779	0.033531	0.008721	1.0000	0.035
0.433925	0.553779	0.080868	0.008721	1.0000	VTW-RLU16-4
0.800719	0.552084	0.063257	0.010657	1.0000	2400 (165)
0.193294	0.542151	0.033531	0.008721	1.0000	0.065
0.278107	0.542151	0.019724	0.008721	1.0000	3/8
0.351085	0.542151	0.033531	0.008721	1.0000	0.049
0.431953	0.540698	0.082840	0.010174	1.0000	VTW-RLU16-6
0.800711	0.539010	0.063273	0.012097	1.0000	2400 (165)
0.193294	0.530523	0.033531	0.008721	1.0000	0.065
0.278107	0.530523	0.019724	0.007267	1.0000	1/2
0.351085	0.530523	0.033531	0.008721	1.0000	0.049
0.433749	0.529351	0.081217	0.009566	1.0000	VTW-RLU16-8
0.800789	0.527616	0.063116	0.011628	1.0000	2400(165)
0.193294	0.517442	0.033531	0.008721	1.0000	0.065
0.278107	0.517442	0.017751	0.008721	1.0000	3/4
0.351085	0.517442	0.033531	0.010174	1.0000	0.049
0.431953	0.515988	0.090730	0.011628	1.0000	VTW-RLU16-12
0.800789	0.514535	0.063116	0.013081	1.0000	2400 (165)
0.088757	0.483972	0.566075	0.008905	1.0000	* To order fittings manufactured for Surface Finish Ra(Average)0.4 add BA to the ordering number. Example: VTW-RLU6-4-BA
0.088757	0.473731	0.721893	0.010281	1.0000	* Default process spec: VS001B. If ordering VS001A-spec fittings for VIGOUR Ultra-High Purity Products, add "P" to the order number. Example: VTW-RLU6-4-P
0.765190	0.044700	0.128396	0.019611	1.0000	VIGOUR
0.923077	0.043605	0.021696	0.011628	1.0000	30
0.765286	0.036337	0.128205	0.007296	1.0000	we offer solutions regarding your ideas!
#FILE	tmp/pdfs/fitting_dimension_audit/vups_ocr/ocr-34.png
0.078895	0.931686	0.224852	0.020349	1.0000	Weld Assembiles
0.078598	0.906985	0.154408	0.020729	1.0000	VWR Series
0.088262	0.799082	0.208134	0.023826	1.0000	| Welded Assembiles
0.682446	0.805233	0.047337	0.002907	1.0000	Ledk test port
0.108481	0.728198	0.169625	0.015988	1.0000	Male NPT Connector
0.116371	0.694767	0.027613	0.010174	1.0000	NPT
0.157791	0.693314	0.033531	0.011628	1.0000	VFS
0.388560	0.691860	0.051282	0.013081	1.0000	Qrdering
0.591716	0.694568	0.110454	0.008920	1.0000	Dimensions, in.(mm)
0.796844	0.694568	0.094675	0.008920	1.0000	Working Pressure
0.116371	0.683140	0.027613	0.011628	1.0000	Size
0.159763	0.683140	0.031558	0.011628	1.0000	Size
0.262006	0.682526	0.049953	0.015761	1.0000	Material
0.390499	0.683066	0.047404	0.011775	1.0000	Number
0.816568	0.684593	0.055227	0.008721	1.0000	psig (bar)
0.120316	0.672965	0.017751	0.011628	1.0000	in.
0.167653	0.674419	0.017751	0.010174	1.0000	in.
0.617357	0.675872	0.017751	0.007267	1.0000	T1
0.812623	0.674419	0.015779	0.008721	1.0000	Ni
0.848126	0.674419	0.031558	0.007267	1.0000	316L
0.518738	0.654070	0.029586	0.011628	1.0000	1.58
0.566075	0.654070	0.029586	0.011628	1.0000	0.95
0.611440	0.654070	0.029586	0.011628	1.0000	0.38
0.658777	0.656977	0.027613	0.008721	1.0000	0.18
0.802761	0.654070	0.033531	0.011628	1.0000	8000
0.848126	0.655523	0.031558	0.010174	1.0000	8000
0.116371	0.646802	0.023669	0.011628	1.0000	1/8
0.159763	0.648256	0.025641	0.011628	1.0000	1/4
0.268245	0.646802	0.037475	0.013081	1.0000	316L
0.374753	0.646802	0.080868	0.013081	1.0000	VWR-FG4-M2
0.702170	0.649709	0.031558	0.008721	1.0000	7/16
0.747535	0.649709	0.023669	0.008721	1.0000	3/4
0.516765	0.642442	0.035503	0.010174	1.0000	(40.1)
0.562130	0.640988	0.037475	0.011628	1.0000	(24.1)
0.611440	0.640988	0.031558	0.011628	1.0000	(9.6)
0.656805	0.640988	0.029586	0.011628	1.0000	(4.6)
0.802761	0.640988	0.033531	0.011628	1.0000	(551)
0.848126	0.640988	0.031558	0.011628	1.0000	(551)
0.522682	0.629360	0.025641	0.008721	1.0000	1.79
0.568047	0.629360	0.025641	0.008721	1.0000	0.92
0.613412	0.629360	0.027613	0.008721	1.0000	0.56
0.658777	0.629360	0.025641	0.008721	1.0000	0.18
0.804734	0.627907	0.031558	0.010174	1.0000	0008
0.850099	0.629360	0.029586	0.008721	1.0000	8000
0.116371	0.620640	0.023669	0.011628	1.0000	1/4
0.157791	0.620640	0.027613	0.011628	1.0000	1/4
0.270217	0.619186	0.031558	0.013081	1.0000	316L
0.376726	0.619186	0.078895	0.013081	1.0000	VWR-FG4-M4
0.702170	0.623547	0.027613	0.008721	1.0000	9/16
0.749507	0.623547	0.019724	0.008721	1.0000	3/4
0.514793	0.613372	0.037475	0.011628	1.0000	(45.5)
0.564103	0.614826	0.035503	0.008721	1.0000	(23.4)
0.609467	0.616279	0.035503	0.008721	1.0000	(14.2)
0.658777	0.614826	0.027613	0.010174	1.0000	(4.6)
0.802761	0.614826	0.033531	0.010174	1.0000	(199)
0.848126	0.614826	0.031558	0.010174	1.0000	(551)
0.520710	0.601744	0.027613	0.010174	1.0000	1.89
0.566075	0.601744	0.027613	0.010174	1.0000	1.00
0.611440	0.600291	0.029586	0.011628	1.0000	0.56
0.658777	0.603198	0.025641	0.007267	1.0000	0.40
0.802761	0.600291	0.033531	0.011628	1.0000	3500
0.848126	0.600291	0.031558	0.011628	1.0000	4300
0.116371	0.593023	0.021696	0.011628	1.0000	3/8
0.161736	0.593023	0.021696	0.011628	1.0000	1/2
0.270217	0.593023	0.031558	0.013081	1.0000	316L
0.376600	0.591191	0.079147	0.015292	1.0000	VWR-FG4-M6
0.700158	0.595838	0.037554	0.008906	1.0000	11/16
0.737673	0.595930	0.041420	0.008721	1.0000	1-1/16
0.515708	0.585209	0.037525	0.013287	1.0000	(48.0)
0.563821	0.587739	0.036115	0.009631	1.0000	(25.4)
0.611440	0.588602	0.078895	0.008905	1.0000	(14.2) (10.2)
0.802761	0.587209	0.033531	0.010174	1.0000	(241)
0.848126	0.585756	0.031558	0.011628	1.0000	(296)
0.520710	0.575581	0.027613	0.008721	1.0000	2.09
0.568047	0.575581	0.025641	0.008721	1.0000	1.01
0.613412	0.575581	0.027613	0.008721	1.0000	0.75
0.658777	0.575581	0.025641	0.008721	1.0000	0.40
0.806706	0.575581	0.029586	0.008721	1.0000	3500
0.850099	0.575581	0.029586	0.007267	1.0000	4300
0.116371	0.565407	0.023669	0.011628	1.0000	1/2
0.157791	0.565407	0.027613	0.011628	1.0000	1/2
0.270217	0.565407	0.031558	0.011628	1.0000	316L
0.376726	0.565407	0.078895	0.011628	1.0000	VWR-FG8-M8
0.706114	0.568314	0.019724	0.008721	1.0000	7/8
0.741617	0.568314	0.037475	0.008721	1.0000	1-1/16
0.514793	0.559593	0.037475	0.010174	1.0000	(53.1)
0.564103	0.561047	0.035503	0.008721	1.0000	(25.6)
0.611440	0.561047	0.033531	0.008721	1.0000	(19.1)
0.652860	0.559593	0.037475	0.011628	1.0000	(10.2)
0.804734	0.561047	0.031558	0.008721	1.0000	(241)
0.850099	0.561047	0.029586	0.008721	1.0000	(296)
0.078895	0.531977	0.721893	0.013081	1.0000	* Default process spec: VS001B. If ordering VS001A-spec fittings for VIGOUR Ultra-High Purity Products, add "P" to the order number. Example: VVR-FG4-M2-P
0.680473	0.433140	0.047337	0.002907	1.0000	eLeak test bort
0.108481	0.353072	0.187377	0.013357	1.0000	Female NPT Connector
0.114398	0.312500	0.031558	0.011628	1.0000	Tube
0.161736	0.312500	0.027613	0.011628	1.0000	VFS
0.394477	0.311047	0.049310	0.013081	1.0000	Qrdering
0.589478	0.310935	0.113020	0.014310	1.0000	Dimensions, in. (mm)
0.792858	0.310876	0.098702	0.013422	1.0000	Working Pressure
0.118343	0.303779	0.025641	0.008721	1.0000	Size
0.163708	0.303779	0.027613	0.008721	1.0000	Size
0.260332	0.300826	0.047384	0.013173	1.0000	Material
0.398422	0.303779	0.043393	0.008721	1.0000	Number
0.812623	0.300872	0.059172	0.011684	1.0000	psig (bar)
0.122288	0.293605	0.015779	0.008721	1.0000	in.
0.167653	0.293605	0.017751	0.008721	1.0000	in.
0.528600	0.293605	0.009862	0.010174	1.0000	L
0.587771	0.293605	0.009862	0.010174	1.0000	T
0.639053	0.292151	0.019724	0.011628	1.0000	T1
0.700197	0.292151	0.013807	0.011628	1.0000	G
0.749507	0.292151	0.019724	0.011628	1.0000	G1
0.810651	0.290698	0.017751	0.011628	1.0000	Ni
0.846154	0.290698	0.031558	0.010174	1.0000	316L
0.518738	0.273256	0.029586	0.011628	1.0000	1.77
0.577909	0.273256	0.027613	0.011628	1.0000	0.92
0.637081	0.273256	0.029586	0.011628	1.0000	0.18
0.804734	0.273256	0.031558	0.011628	1.0000	6600
0.840178	0.273147	0.039565	0.011846	1.0000	6600
0.116371	0.267442	0.021696	0.010174	1.0000	1/4
0.163708	0.268895	0.019724	0.008721	1.0000	1/4
0.268245	0.265988	0.031558	0.011628	1.0000	316L
0.380626	0.265844	0.077013	0.013371	1.0000	VWR-FG4-F4
0.696252	0.265988	0.021696	0.011628	1.0000	3/4
0.747535	0.265988	0.023669	0.011628	1.0000	3/4
0.514793	0.258721	0.037475	0.011628	1.0000	(45.0)
0.573964	0.258721	0.037475	0.011628	1.0000	(23.4)
0.637081	0.258721	0.029586	0.011628	1.0000	(4.6)
0.802761	0.258721	0.035503	0.011628	1.0000	(454)
0.848126	0.258721	0.033531	0.011628	1.0000	(454)
0.518738	0.245640	0.029586	0.011628	1.0000	1.95
0.577909	0.245640	0.029586	0.011628	1.0000	1.06
0.637081	0.245640	0.029586	0.011628	1.0000	0.40
0.804734	0.245640	0.031558	0.011628	1.0000	3500
0.848126	0.245640	0.031558	0.011628	1.0000	4300
0.116371	0.239826	0.021696	0.010174	1.0000	3/8
0.161736	0.239826	0.021696	0.010174	1.0000	1/2
0.268245	0.239826	0.031558	0.010174	1.0000	316L
0.380607	0.238166	0.077051	0.013495	1.0000	VWR-FG8-F6
0.696252	0.239826	0.021696	0.011628	1.0000	718
0.739645	0.239826	0.039448	0.011628	1.0000	1-1/16
0.514793	0.232558	0.037475	0.010174	1.0000	(49.5)
0.573964	0.232558	0.037475	0.010174	1.0000	(26.9)
0.633136	0.232558	0.037475	0.010174	1.0000	(10.2)
0.802761	0.232558	0.033531	0.010174	1.0000	(241)
0.848126	0.231105	0.033531	0.013081	1.0000	(296)
0.518738	0.219477	0.029586	0.010174	1.0000	2.18
0.577909	0.219477	0.029586	0.010174	1.0000	1.04
0.637081	0.219477	0.029586	0.010174	1.0000	0.40
0.804734	0.219477	0.031558	0.010174	1.0000	3500
0.846154	0.219477	0.033531	0.010174	1.0000	4300
0.116371	0.212209	0.023669	0.011628	1.0000	1/2
0.161736	0.213663	0.021696	0.008721	1.0000	1/2
0.270217	0.213663	0.029586	0.008721	1.0000	316L
0.380648	0.210682	0.076969	0.013229	1.0000	VWR-FG8-F8
0.688363	0.212209	0.039448	0.011628	1.0000	1-1/16
0.735700	0.212209	0.043393	0.011628	1.0000	1-1/16
0.514793	0.204942	0.037475	0.011628	1.0000	(55.4)
0.573964	0.204942	0.037475	0.011628	1.0000	(26.4)
0.633136	0.204942	0.037475	0.011628	1.0000	(10.2)
0.804679	0.203306	0.079006	0.013447	1.0000	(241) (296)
0.076888	0.184743	0.719996	0.014492	1.0000	* Default process spec: VS001B. If ordering VS001A-spec fittings for VIGOUR Ultra-High Purity Products, add "P" to the order number. Example: VVR-FG4-F4-P
0.061144	0.046512	0.021696	0.011628	1.0000	31
0.106443	0.044830	0.128338	0.020806	1.0000	VIGOUR
0.106509	0.036337	0.128205	0.007296	1.0000	we offer solutions regarding your ideas!
#FILE	tmp/pdfs/fitting_dimension_audit/vups_ocr/ocr-35.png
0.696252	0.931686	0.220907	0.017557	1.0000	Weld Assembiles
0.766944	0.906813	0.152553	0.020066	1.0000	VWR Series
0.091909	0.794715	0.206506	0.023848	1.0000	Welded Assembiles
0.662722	0.803651	0.049310	0.003117	1.0000	Leaк test port
0.846665	0.792791	0.037795	0.012151	1.0000	G1 flaft
0.112426	0.722173	0.189349	0.017809	1.0000	Tube Fitting Connector
0.108387	0.687192	0.077112	0.013697	1.0000	Tube VFS
0.360947	0.686047	0.049310	0.014535	1.0000	Qrdering
0.577700	0.688241	0.108923	0.011000	1.0000	Dimensions, in. (mm)
0.796844	0.688780	0.096647	0.008905	1.0000	Working Pressure
0.110454	0.677326	0.027613	0.011628	1.0000	Size
0.155819	0.675872	0.029586	0.013081	1.0000	Size
0.240584	0.677232	0.047432	0.013268	1.0000	Material
0.360928	0.677282	0.049348	0.011715	1.0000	Number
0.818475	0.678558	0.053385	0.009163	1.0000	psig (bar)
0.116371	0.668605	0.015779	0.010174	1.0000	in.
0.159763	0.667151	0.019724	0.011628	1.0000	in.
0.532544	0.668605	0.017751	0.010174	1.0000	L1
0.621302	0.670058	0.017751	0.008721	1.0000	T1
0.670611	0.670058	0.013807	0.008721	1.0000	F
0.741617	0.670058	0.019724	0.008721	1.0000	G1
0.812623	0.667151	0.015779	0.010174	1.0000	Ni
0.849281	0.666790	0.031452	0.011488	1.0000	316L
0.481262	0.648256	0.027613	0.011628	1.0000	1.94
0.526627	0.648256	0.029586	0.011628	1.0000	0.70
0.575937	0.649709	0.027613	0.010174	1.0000	0.60
0.617357	0.651163	0.029586	0.008721	1.0000	0.18
0.806706	0.651163	0.033531	0.008721	1.0000	8000
0.846154	0.649709	0.039448	0.010174	1.0000	10000
0.112426	0.642442	0.019724	0.010174	1.0000	1/4
0.157791	0.643895	0.019724	0.008721	1.0000	1/4
0.250493	0.642442	0.031558	0.010174	1.0000	316L
0.347062	0.642163	0.075107	0.012185	1.0000	VWR-FG4-04
0.666667	0.645349	0.019724	0.007267	1.0000	1/2
0.706114	0.645349	0.019724	0.007267	1.0000	3/4
0.737673	0.645349	0.025641	0.007267	1.0000	9/16
0.479290	0.636628	0.033531	0.008721	1.0000	(49.3)
0.522682	0.635174	0.037475	0.011628	1.0000	(17.8)
0.570020	0.635174	0.037475	0.011628	1.0000	(15.2)
0.617357	0.636628	0.029586	0.010174	1.0000	(4.6)
0.806706	0.635174	0.031558	0.011628	1.0000	(551)
0.848126	0.635174	0.035503	0.011628	1.0000	(689)
0.483235	0.623547	0.025641	0.008721	1.0000	1.97
0.528600	0.623547	0.027613	0.008721	1.0000	0.76
0.575937	0.623547	0.025641	0.008721	1.0000	0.66
0.619329	0.623547	0.025641	0.008721	1.0000	0.18
0.806706	0.623547	0.031558	0.008721	1.0000	7500
0.850099	0.623547	0.031558	0.008721	1.0000	7500
0.114354	0.616128	0.063205	0.010476	1.0000	3/8 1/4
0.252465	0.616279	0.029586	0.008721	1.0000	316L
0.347061	0.614535	0.077081	0.012209	1.0000	VWR-FG4-06
0.666667	0.617733	0.019724	0.008721	1.0000	5/8
0.706114	0.617733	0.021696	0.008721	1.0000	3/4
0.733728	0.617733	0.033531	0.008721	1.0000	11/16
0.479290	0.609012	0.033531	0.008721	1.0000	(50.0)
0.521701	0.606726	0.039478	0.013653	1.0000	(19.3)
0.570020	0.609012	0.037475	0.010174	1.0000	(16.8)
0.617357	0.609012	0.029586	0.010174	1.0000	(4.6)
0.806706	0.609012	0.031558	0.008721	1.0000	(517)
0.850099	0.609012	0.031558	0.008721	1.0000	(517)
0.479290	0.595930	0.029586	0.010174	1.0000	2.23
0.528600	0.597384	0.027613	0.008721	1.0000	0.86
0.573964	0.597384	0.027613	0.008721	1.0000	0.90
0.619329	0.597384	0.025641	0.008721	1.0000	0.40
0.804734	0.594477	0.033531	0.011628	1.0000	3500
0.850099	0.597384	0.031558	0.007267	1.0000	4300
0.112426	0.587209	0.021696	0.011628	1.0000	1/2
0.142012	0.590116	0.037475	0.008721	1.0000	1/2
0.250493	0.588663	0.031558	0.010174	1.0000	316L
0.347140	0.588663	0.076923	0.010174	1.0000	VWR-FG8-08
0.660750	0.589938	0.100592	0.008905	1.0000	13/16 1-1/16 7/8
0.477318	0.582849	0.035503	0.008721	1.0000	(56.6)
0.526627	0.582849	0.033531	0.008721	1.0000	(21.8)
0.571992	0.582849	0.033531	0.008721	1.0000	(22.9)
0.613412	0.581395	0.037475	0.010174	1.0000	(10.2)
0.808679	0.581395	0.029586	0.010174	1.0000	(241)
0.848126	0.582849	0.035503	0.008721	1.0000	(296)
0.080868	0.560997	0.719921	0.010240	1.0000	* Default process spec: VS001B. If ordering VS001A-spec fittings for VIGOUR Ultra-High Purity Products, add "P" to the order number. Example: VVR-FG4-04-P
0.112426	0.358860	0.183432	0.014693	1.0000	Rotating Female Union
0.112426	0.309593	0.031558	0.015988	1.0000	VFS
0.548323	0.309439	0.114398	0.011782	1.0000	Dimensions, in.(mm)
0.771181	0.309502	0.098664	0.013264	1.0000	Working Pressure
0.114398	0.300872	0.027613	0.011628	0.3000	ez!S
0.792899	0.299199	0.057199	0.012021	1.0000	psig (bar)
0.520710	0.292151	0.009862	0.008721	1.0000	L
0.605523	0.292151	0.011834	0.010174	1.0000	T
0.686391	0.290698	0.015779	0.011628	1.0000	G
0.788955	0.290698	0.017751	0.010174	1.0000	Ni
0.830375	0.289244	0.033531	0.011628	1.0000	316L
0.510848	0.271802	0.027613	0.011628	1.0000	1.71
0.597633	0.271802	0.029586	0.011628	1.0000	0.18
0.783037	0.271802	0.031558	0.010174	1.0000	8000
0.828402	0.271802	0.039448	0.011628	1.0000	10000
0.114398	0.264535	0.023669	0.013081	1.0000	1/4
0.230769	0.264535	0.035503	0.014535	1.0000	316L
0.355030	0.264535	0.059172	0.013081	0.3000	ENEMA
0.680473	0.264535	0.023669	0.011628	1.0000	3/4
0.506903	0.255814	0.037475	0.013081	1.0000	(43.4)
0.597633	0.257267	0.029586	0.011628	1.0000	(4.6)
0.783037	0.257267	0.033531	0.011628	1.0000	(551)
0.830375	0.257267	0.035503	0.011628	1.0000	(689)
0.510848	0.244186	0.029586	0.011628	1.0000	1.84
0.597633	0.244186	0.029586	0.011628	1.0000	0.40
0.783037	0.244186	0.031558	0.011628	1.0000	3500
0.832347	0.245640	0.031558	0.010174	1.0000	4300
0.114398	0.238372	0.023669	0.011628	0.5000	ZIL
0.230769	0.238372	0.033531	0.011628	1.0000	316L
0.672584	0.238372	0.039448	0.011628	1.0000	1-1/16
0.506903	0.229651	0.037475	0.011628	1.0000	(46.7)
0.593688	0.231105	0.037475	0.010174	1.0000	(10.2)
0.783037	0.229651	0.033531	0.011628	1.0000	(241)
0.832347	0.231105	0.033531	0.010174	1.0000	(296)
0.074951	0.202035	0.708087	0.014535	1.0000	* Default process spec: VS001B. If ordering VS001A-spec fittings for VIGOUR Ultra-High Purity Products, add "P" to the order number. Example: VVR-FU4-P
0.765236	0.044888	0.128304	0.020690	1.0000	VIGOUR
0.925049	0.043605	0.019724	0.011628	1.0000	32
0.765286	0.036337	0.128205	0.007296	1.0000	we offer solutions regarding your ideas!
#FILE	tmp/pdfs/fitting_dimension_audit/superlok_uhp_ocr/ocr-05.png
0.780517	0.946064	0.172436	0.015379	1.0000	Weld & Metal Seal Fittings
0.069551	0.887661	0.216257	0.024521	1.0000	Micro Weld Fittings
0.300567	0.837209	0.100189	0.011839	1.0000	Micro Reducer
0.413896	0.815021	0.079581	0.012400	1.0000	Tube OD (D1)
0.531191	0.815407	0.081285	0.011628	1.0000	Tube OD (D2)
0.321206	0.804840	0.055130	0.013867	1.0000	Part No.
0.652174	0.809593	0.017013	0.008721	1.0000	T1
0.710775	0.808140	0.018904	0.010174	1.0000	T2
0.771267	0.808140	0.018904	0.010174	1.0000	B1
0.829868	0.808140	0.018904	0.010174	1.0000	B2
0.892250	0.806686	0.013233	0.013081	1.0000	L
0.398866	0.797824	0.056711	0.011786	1.0000	Size (in)
0.468809	0.797965	0.028355	0.011628	1.0000	Size
0.517901	0.797820	0.049265	0.011919	1.0000	Size (in)
0.586011	0.797965	0.030246	0.011628	1.0000	Size
0.319440	0.778992	0.056771	0.013237	1.0000	SM4X2R6
0.410208	0.780523	0.028355	0.011628	1.0000	1/4"
0.468809	0.780523	0.028355	0.010174	1.0000	6.35
0.529301	0.780523	0.026465	0.011628	1.0000	1/8"
0.587902	0.780523	0.026465	0.010174	1.0000	3.18
0.648393	0.780523	0.026465	0.010174	1.0000	1.00
0.705104	0.780523	0.028355	0.010174	1.0000	0.70
0.761815	0.780523	0.035917	0.010174	1.0000	10.40
0.826087	0.780523	0.026465	0.010174	1.0000	6.35
0.882798	0.781977	0.032136	0.008721	1.0000	19.10
0.321334	0.761553	0.054874	0.011777	1.0000	SM6X4R6
0.412098	0.764535	0.026465	0.008721	1.0000	3/8"
0.468809	0.763081	0.028355	0.010174	1.0000	9.53
0.529301	0.763081	0.026465	0.010174	1.0000	1/4"
0.589792	0.764535	0.026465	0.008721	1.0000	6.35
0.646503	0.763081	0.028355	0.010174	1.0000	1.00
0.706994	0.763081	0.026465	0.010174	1.0000	1.00
0.761815	0.763081	0.035917	0.010174	1.0000	10.40
0.826087	0.763081	0.026465	0.010174	1.0000	6.35
0.882798	0.764535	0.032136	0.008721	1.0000	19.10
0.319447	0.744118	0.056758	0.011764	1.0000	SM8X4R6
0.410208	0.744186	0.026465	0.011628	1.0000	1/2"
0.466919	0.744186	0.034026	0.011628	1.0000	12.70
0.529301	0.745640	0.026465	0.010174	1.0000	1/4"
0.587902	0.744186	0.028355	0.011628	1.0000	6.35
0.648393	0.744186	0.026465	0.011628	1.0000	1.24
0.708885	0.745640	0.024575	0.008721	1.0000	1.00
0.763705	0.745640	0.034026	0.010174	1.0000	10.40
0.826087	0.744186	0.026465	0.011628	1.0000	6.35
0.880907	0.744186	0.035917	0.011628	1.0000	19.10
0.319471	0.726744	0.056711	0.010174	1.0000	SM8X6R6
0.410208	0.726744	0.026465	0.011628	1.0000	1/2"
0.468809	0.728198	0.032136	0.008721	1.0000	12.70
0.529301	0.726744	0.026465	0.011628	1.0000	3/8"
0.587902	0.726744	0.028355	0.011628	1.0000	9.53
0.650284	0.728198	0.024575	0.008721	1.0000	1.24
0.708885	0.728198	0.026465	0.008721	1.0000	1.00
0.763705	0.728198	0.034026	0.008721	1.0000	10.40
0.826087	0.726744	0.026465	0.010174	1.0000	6.35
0.882798	0.728198	0.034026	0.008721	1.0000	19.10
0.317563	0.710680	0.062417	0.008872	1.0000	SM12X4R6
0.412098	0.709302	0.024575	0.011628	1.0000	З/4"
0.468809	0.710756	0.032136	0.008721	1.0000	19.05
0.531191	0.710756	0.024575	0.010174	1.0000	1/4"
0.587902	0.709302	0.028355	0.011628	1.0000	6.35
0.650284	0.710756	0.024575	0.008721	1.0000	1.65
0.708885	0.710756	0.026465	0.008721	1.0000	1.00
0.763705	0.710756	0.034026	0.008721	1.0000	10.40
0.826087	0.709302	0.026465	0.010174	1.0000	6.35
0.882798	0.710756	0.034026	0.008721	1.0000	19.10
0.317514	0.690194	0.062514	0.012054	1.0000	SM12X6R6
0.410208	0.690407	0.028355	0.013081	1.0000	З/4"
0.465028	0.690407	0.035917	0.011628	1.0000	19.05
0.531191	0.691860	0.024575	0.010174	1.0000	3/8"
0.587902	0.690407	0.028355	0.011628	1.0000	9.53
0.650284	0.691860	0.024575	0.010174	1.0000	1.65
0.706994	0.691860	0.028355	0.010174	1.0000	1.00
0.763705	0.691860	0.034026	0.010174	1.0000	10.40
0.826087	0.690407	0.026465	0.011628	1.0000	6.35
0.882798	0.693314	0.034026	0.008721	1.0000	19.10
0.317431	0.672473	0.062681	0.012612	1.0000	SM12X8R6
0.410208	0.672965	0.028355	0.013081	1.0000	З/4"
0.465028	0.672965	0.035917	0.011628	1.0000	19.05
0.529301	0.672965	0.026465	0.011628	1.0000	1/2"
0.586011	0.674419	0.032136	0.010174	1.0000	12.70
0.650284	0.674419	0.024575	0.010174	1.0000	1.65
0.706994	0.672965	0.028355	0.011628	1.0000	1.24
0.761793	0.672926	0.035959	0.011706	1.0000	10.40
0.826087	0.672965	0.026465	0.011628	1.0000	6.35
0.882798	0.674419	0.034026	0.010174	1.0000	19.10
0.302457	0.619186	0.109641	0.011820	1.0000	Micro 90° Elbow
0.436673	0.597384	0.069943	0.008721	1.0000	Tube OD (D)
0.807183	0.593023	0.013233	0.013081	1.0000	F
0.323094	0.587840	0.051502	0.009966	1.0000	Part No.
0.576560	0.588663	0.015123	0.010174	1.0000	T
0.884688	0.588663	0.011342	0.010174	1.0000	L
0.408318	0.578422	0.049149	0.011786	1.0000	Size (in)
0.497164	0.579942	0.026465	0.010174	1.0000	Size
0.795841	0.579942	0.035917	0.011628	1.0000	Body
0.327032	0.561047	0.041588	0.010174	1.0000	SM2E6
0.419660	0.559593	0.026465	0.011628	1.0000	1/8"
0.495274	0.559593	0.026465	0.011628	1.0000	3.18
0.570888	0.559593	0.028355	0.013081	1.0000	0.70
0.642722	0.559593	0.035917	0.011628	1.0000	10.32
0.722117	0.561047	0.028355	0.010174	1.0000	6.35
0.799622	0.559593	0.028355	0.011628	1.0000	7.94
0.873346	0.562500	0.032136	0.008721	1.0000	14.29
0.327032	0.542151	0.041588	0.011628	1.0000	SM4E6
0.419660	0.542151	0.026465	0.011628	1.0000	1/4"
0.497164	0.543605	0.026465	0.008721	1.0000	6.35
0.570888	0.542151	0.028355	0.011628	1.0000	1.00
0.644612	0.542151	0.034026	0.011628	1.0000	10.32
0.725898	0.543605	0.026465	0.010174	1.0000	6.35
0.799622	0.542151	0.028355	0.011628	1.0000	7.94
0.875236	0.545058	0.030246	0.008721	1.0000	14.29
0.327013	0.524668	0.041627	0.011710	1.0000	SM6E6
0.419660	0.524709	0.024575	0.011628	1.0000	3/8"
0.495274	0.526163	0.026465	0.008721	1.0000	9.53
0.570888	0.524709	0.028355	0.011628	1.0000	1.00
0.644612	0.524709	0.034026	0.011628	1.0000	11.91
0.724008	0.524709	0.028355	0.011628	1.0000	6.35
0.797732	0.526163	0.032136	0.008721	1.0000	11.11
0.871434	0.524670	0.035959	0.011706	1.0000	17.46
0.328922	0.508721	0.039698	0.008721	1.0000	SM8E6
0.419660	0.507267	0.026465	0.010174	1.0000	1/2°
0.493384	0.508721	0.032136	0.008721	1.0000	12.70
0.570888	0.507267	0.028355	0.011628	1.0000	1.24
0.644612	0.507267	0.034026	0.010174	1.0000	13.50
0.722117	0.507267	0.030246	0.011628	1.0000	6.35
0.797732	0.508721	0.034026	0.008721	1.0000	14.29
0.871456	0.507267	0.035917	0.011628	1.0000	20.64
0.325142	0.488372	0.047259	0.011628	1.0000	SM12E6
0.419660	0.488372	0.026465	0.013081	1.0000	З/4"
0.491493	0.489826	0.034026	0.010174	1.0000	19.05
0.570888	0.489826	0.028355	0.011628	1.0000	1.65
0.642722	0.488372	0.035917	0.011628	1.0000	16.68
0.724008	0.488372	0.028355	0.013081	1.0000	6.35
0.795841	0.488372	0.035917	0.011628	1.0000	20.65
0.871429	0.489777	0.035970	0.011725	1.0000	27.00
0.300353	0.430374	0.176213	0.016549	1.0000	Micro Reducing 90° Elbow
0.410208	0.412791	0.077505	0.010174	1.0000	Tube OD (D1)
0.516051	0.412716	0.077538	0.010324	1.0000	Tube OD (D2)
0.843100	0.411337	0.011342	0.011628	1.0000	F
0.322989	0.403306	0.051752	0.011542	1.0000	Part No.
0.625709	0.405523	0.017013	0.008721	1.0000	T1
0.678639	0.404070	0.018904	0.010174	1.0000	T2
0.788280	0.404070	0.013233	0.010174	1.0000	B
0.896030	0.404070	0.011342	0.011628	1.0000	L
0.396975	0.395286	0.049149	0.010426	1.0000	Size (in)
0.453686	0.396802	0.035917	0.008721	1.0000	Size
0.502836	0.393895	0.049149	0.013176	1.0000	Size (in)
0.565217	0.396802	0.030246	0.008721	1.0000	Size
0.829868	0.395349	0.034026	0.013081	1.0000	Body
0.323193	0.377694	0.053047	0.009147	1.0000	SM4X2E6
0.408318	0.376453	0.026465	0.011628	1.0000	1/4"
0.461248	0.376453	0.028355	0.011628	1.0000	6.35
0.517958	0.377907	0.022684	0.008721	1.0000	1/8"
0.567108	0.376453	0.028355	0.010174	1.0000	3.18
0.620038	0.376453	0.028355	0.011628	1.0000	1.00
0.672968	0.376453	0.028355	0.011628	1.0000	0.70
0.724008	0.376453	0.034026	0.011628	1.0000	10.32
0.780718	0.376453	0.028355	0.011628	1.0000	6.35
0.833648	0.376453	0.028355	0.011628	1.0000	7.94
0.884688	0.376453	0.034026	0.011628	1.0000	14.29
0.321287	0.358773	0.054968	0.010652	1.0000	SM6X4E6
0.408318	0.359012	0.026465	0.011628	1.0000	3/8"
0.461248	0.359012	0.026465	0.010174	1.0000	9.53
0.516068	0.359012	0.024575	0.011628	1.0000	1/4"
0.567108	0.359012	0.028355	0.010174	1.0000	6.35
0.620038	0.359012	0.028355	0.010174	1.0000	1.00
0.672968	0.359012	0.028355	0.010174	1.0000	1.00
0.725898	0.360465	0.032136	0.008721	1.0000	11.91
0.780718	0.359012	0.028355	0.011628	1.0000	6.35
0.831758	0.360465	0.032136	0.008721	1.0000	11.11
0.882752	0.358928	0.036008	0.011795	1.0000	17.46
0.319471	0.341570	0.056711	0.010174	1.0000	SM8X4E6
0.408318	0.340116	0.026465	0.011628	1.0000	1/2"
0.457467	0.341570	0.034026	0.010174	1.0000	12.70
0.517958	0.343023	0.022684	0.008721	1.0000	1/4"
0.567108	0.341570	0.028355	0.010174	1.0000	6.35
0.620038	0.341570	0.028355	0.010174	1.0000	1.24
0.672968	0.341570	0.028355	0.010174	1.0000	1.00
0.724008	0.341570	0.034026	0.010174	1.0000	13.50
0.780718	0.341570	0.028355	0.010174	1.0000	6.35
0.829868	0.341570	0.035917	0.010174	1.0000	14.29
0.886578	0.343023	0.032136	0.008721	1.0000	20.64
0.319438	0.322579	0.056777	0.011818	1.0000	SM8X6E6
0.408318	0.322674	0.026465	0.011628	1.0000	1/2"
0.457467	0.322674	0.034026	0.011628	1.0000	12.70
0.514178	0.322674	0.026465	0.011628	1.0000	3/8"
0.567108	0.322674	0.028355	0.011628	1.0000	9.53
0.620038	0.322674	0.028355	0.011628	1.0000	1.24
0.672968	0.322674	0.028355	0.011628	1.0000	1.00
0.724008	0.322674	0.034026	0.011628	1.0000	13.50
0.780718	0.322674	0.028355	0.011628	1.0000	6.35
0.829868	0.322674	0.034026	0.011628	1.0000	14.29
0.884688	0.322674	0.034026	0.011628	1.0000	20.64
0.315568	0.306225	0.062626	0.011096	1.0000	SM12X4E6
0.406427	0.305233	0.028355	0.011628	1.0000	3/4"
0.459357	0.306686	0.032136	0.010174	1.0000	19.05
0.516068	0.305233	0.026465	0.011628	1.0000	1/4"
0.567108	0.305233	0.028355	0.011628	1.0000	6.35
0.621928	0.306686	0.026465	0.010174	1.0000	1.65
0.676749	0.306686	0.024575	0.008721	1.0000	1.00
0.725898	0.306686	0.032136	0.008721	1.0000	16.68
0.780718	0.305233	0.028355	0.011628	1.0000	6.35
0.829868	0.305233	0.035917	0.011628	1.0000	20.65
0.886578	0.306686	0.032136	0.010174	1.0000	27.00
0.317569	0.289197	0.060515	0.008816	1.0000	SM12X6E6
0.406427	0.287791	0.028355	0.011628	1.0000	3/4"
0.459357	0.289244	0.032136	0.008721	1.0000	19.05
0.515050	0.287029	0.027072	0.012869	1.0000	3/8"
0.567108	0.287791	0.028355	0.010174	1.0000	9.53
0.621928	0.289244	0.026465	0.008721	1.0000	1.65
0.676749	0.289244	0.024575	0.008721	1.0000	1.00
0.725898	0.289244	0.032136	0.008721	1.0000	16.68
0.782609	0.289244	0.026465	0.008721	1.0000	6.35
0.831643	0.288972	0.034257	0.009265	1.0000	20.65
0.886578	0.289244	0.032136	0.008721	1.0000	27.00
0.315690	0.270349	0.062382	0.011628	1.0000	SM12X8E6
0.406427	0.270349	0.028355	0.011628	1.0000	3/4"
0.459357	0.271802	0.032136	0.008721	1.0000	19.05
0.517958	0.271802	0.022684	0.010174	1.0000	1/2"
0.563327	0.268895	0.034026	0.013081	1.0000	12.70
0.620038	0.270349	0.028355	0.010174	1.0000	1.65
0.676749	0.271802	0.024575	0.008721	1.0000	1.24
0.724008	0.270349	0.034026	0.010174	1.0000	16.68
0.780718	0.270349	0.028355	0.010174	1.0000	6.35
0.831691	0.271647	0.034160	0.009032	1.0000	20.65
0.886578	0.271802	0.032136	0.008721	1.0000	27.00
0.300336	0.213587	0.110163	0.015428	1.0000	Micro 45° Elbow
0.434749	0.193170	0.071902	0.010461	1.0000	Tube OD (D)
0.809074	0.191860	0.009452	0.010174	1.0000	F
0.322715	0.184248	0.052176	0.011901	1.0000	Part No.
0.406427	0.174419	0.051040	0.011628	1.0000	Size (in)
0.495274	0.174419	0.026465	0.011628	1.0000	Size
0.794756	0.175281	0.036210	0.014385	1.0000	Body
0.325142	0.158430	0.047259	0.008721	1.0000	SM2HE6
0.419660	0.158430	0.026465	0.010174	1.0000	1/8"
0.495274	0.156977	0.026465	0.010174	1.0000	3.18
0.570888	0.156977	0.028355	0.011628	1.0000	0.70
0.646503	0.158430	0.032136	0.008721	1.0000	10.32
0.724008	0.156977	0.026465	0.011628	1.0000	6.35
0.801512	0.158430	0.026465	0.010174	1.0000	7.94
0.875236	0.158430	0.032136	0.008721	1.0000	11.96
0.325142	0.140988	0.047259	0.008721	1.0000	SM4HE6
0.417769	0.139535	0.028355	0.011628	1.0000	1/4"
0.495274	0.139535	0.026465	0.010174	1.0000	6.35
0.570888	0.139535	0.028355	0.011628	1.0000	1.00
0.644612	0.139535	0.034026	0.010174	1.0000	10.32
0.724008	0.139535	0.026465	0.010174	1.0000	6.35
0.801512	0.140988	0.026465	0.008721	1.0000	7.94
0.875236	0.140988	0.032136	0.008721	1.0000	11.96
0.323151	0.121800	0.049350	0.010760	1.0000	SM6HE6
0.419660	0.120640	0.026465	0.011628	1.0000	3/8"
0.495274	0.120640	0.026465	0.011628	1.0000	9.53
0.570888	0.120640	0.028355	0.011628	1.0000	1.00
0.646503	0.122093	0.030246	0.010174	1.0000	11.91
0.724008	0.120640	0.026465	0.011628	1.0000	6.35
0.797732	0.123547	0.032136	0.008721	1.0000	11.11
0.875236	0.123547	0.030246	0.008721	1.0000	14.21
0.325072	0.105876	0.047399	0.009177	1.0000	SM8HE6
0.417769	0.103198	0.028355	0.011628	1.0000	1/2"
0.491493	0.103198	0.034026	0.011628	1.0000	12.70
0.570888	0.103198	0.028355	0.011628	1.0000	1.24
0.642722	0.103198	0.035917	0.011628	1.0000	13.50
0.724008	0.103198	0.026465	0.011628	1.0000	6.35
0.797732	0.104651	0.032136	0.010174	1.0000	14.29
0.873346	0.106105	0.034026	0.008721	1.0000	16.46
0.319437	0.085662	0.054887	0.011815	1.0000	SM12HE6
0.419660	0.085756	0.026465	0.011628	1.0000	З/4"
0.493384	0.087209	0.032136	0.010174	1.0000	19.05
0.570888	0.085756	0.028355	0.011628	1.0000	1.65
0.644612	0.085756	0.034026	0.011628	1.0000	16.68
0.724008	0.085756	0.026465	0.011628	1.0000	6.35
0.795820	0.085717	0.035959	0.011706	1.0000	20.65
0.873346	0.087209	0.034026	0.010174	1.0000	20.95
0.068053	0.053779	0.034026	0.007267	1.0000	NOTE:
0.069943	0.042151	0.431002	0.010174	1.0000	•Dimensions and Drawings are for reference only and are subject to change without prior notice.
0.068053	0.033430	0.275992	0.008728	1.0000	• Unless otherwise specified, all dimensions are in millimeters.
0.941399	0.029070	0.009452	0.010174	1.0000	7
0.682420	0.020349	0.213611	0.018895	1.0000	SUPERLOKUSA
#FILE	tmp/pdfs/fitting_dimension_audit/superlok_uhp_ocr/ocr-06.png
0.043478	0.946056	0.173913	0.014700	1.0000	Weld & Metal Seal Fittings
0.300567	0.879360	0.068053	0.013205	1.0000	Micro Tee
0.436637	0.858862	0.070016	0.010473	1.0000	Tube OD (D)
0.809074	0.857558	0.011342	0.010174	1.0000	F
0.320655	0.846905	0.056425	0.016695	1.0000	Part No.
0.576560	0.848837	0.015123	0.011628	1.0000	T
0.733459	0.850291	0.011342	0.010174	1.0000	B
0.886578	0.851744	0.009452	0.008721	1.0000	L
0.408318	0.839982	0.049149	0.011786	1.0000	Size (in)
0.497164	0.843023	0.026465	0.008721	1.0000	Size
0.796477	0.840868	0.036210	0.014385	1.0000	Body
0.327032	0.822674	0.041588	0.011628	1.0000	SM2T6
0.419660	0.822674	0.026465	0.011628	1.0000	1/8"
0.495274	0.822674	0.026465	0.011628	1.0000	3.18
0.570888	0.822674	0.028355	0.011628	1.0000	0.70
0.644612	0.822674	0.034026	0.011628	1.0000	10.32
0.724008	0.822674	0.028355	0.011628	1.0000	6.35
0.799622	0.822674	0.028355	0.011628	1.0000	7.94
0.873346	0.822674	0.034026	0.011628	1.0000	20.64
0.326999	0.805153	0.041654	0.010333	1.0000	SM4T6
0.419660	0.805233	0.026465	0.010174	1.0000	1/4"
0.497164	0.806686	0.026465	0.008721	1.0000	6.35
0.570888	0.805233	0.028355	0.011628	1.0000	1.00
0.646503	0.806686	0.032136	0.008721	1.0000	10.32
0.725898	0.806686	0.026465	0.008721	1.0000	6.35
0.801512	0.806686	0.026465	0.008721	1.0000	7.94
0.875125	0.806438	0.032359	0.009216	1.0000	20.64
0.327032	0.786337	0.041588	0.011628	1.0000	SM6T6
0.419660	0.786337	0.026465	0.011628	1.0000	3/8"
0.495274	0.787791	0.028355	0.010174	1.0000	9.53
0.570888	0.787791	0.028355	0.010174	1.0000	1.00
0.646503	0.789244	0.032136	0.008721	1.0000	11.91
0.725898	0.789244	0.026465	0.008721	1.0000	6.35
0.799622	0.789244	0.030246	0.008721	1.0000	11.11
0.875236	0.789244	0.032136	0.008721	1.0000	23.81
0.326950	0.767286	0.041753	0.013392	1.0000	SM8T6
0.419660	0.768895	0.024575	0.011628	1.0000	1/2"
0.491493	0.768895	0.034026	0.011628	1.0000	12.70
0.570888	0.768895	0.028355	0.011628	1.0000	1.24
0.644612	0.768895	0.034026	0.011628	1.0000	13.50
0.724008	0.768895	0.028355	0.011628	1.0000	6.35
0.797732	0.771802	0.034026	0.008721	1.0000	14.29
0.873314	0.768840	0.034090	0.011738	1.0000	26.99
0.325142	0.751453	0.047259	0.011628	1.0000	SM12T6
0.419660	0.751453	0.026465	0.011628	1.0000	3/4"
0.491493	0.751453	0.034026	0.011628	1.0000	19.05
0.570888	0.751453	0.028355	0.011628	1.0000	1.65
0.644612	0.751453	0.034026	0.011628	1.0000	16.68
0.724008	0.751453	0.028355	0.011628	1.0000	6.35
0.795841	0.751453	0.035917	0.011628	1.0000	20.65
0.873346	0.751453	0.034026	0.011628	1.0000	33.35
0.300302	0.672414	0.132914	0.016451	1.0000	Micro Reducing Tee
0.408203	0.652136	0.079625	0.012589	1.0000	Tube OD (D1)
0.514178	0.650952	0.079395	0.013292	1.0000	Tube OD (D2)
0.321200	0.642047	0.053253	0.013870	1.0000	Part No.
0.623819	0.645349	0.018904	0.010174	1.0000	T1
0.676749	0.643895	0.020794	0.011628	1.0000	T2
0.790170	0.645349	0.011342	0.010174	1.0000	B
0.396975	0.635086	0.049149	0.011786	1.0000	Size (in)
0.459357	0.635174	0.028355	0.011628	1.0000	Size
0.502836	0.635086	0.049149	0.011786	1.0000	Size (in)
0.567108	0.635174	0.028355	0.011628	1.0000	Size
0.829868	0.636628	0.034026	0.013081	1.0000	Body
0.321361	0.617733	0.052930	0.010174	1.0000	SM4X2T6
0.408318	0.616279	0.026465	0.013081	1.0000	1/4"
0.461248	0.617733	0.026465	0.010174	1.0000	6.35
0.514178	0.617733	0.026465	0.010174	1.0000	1/8"
0.567108	0.617733	0.028355	0.010174	1.0000	3.18
0.620038	0.617733	0.028355	0.010174	1.0000	1.00
0.672968	0.617733	0.028355	0.010174	1.0000	0.70
0.724008	0.617733	0.034026	0.010174	1.0000	10.35
0.780718	0.617733	0.028355	0.011628	1.0000	6.35
0.833648	0.617733	0.028355	0.011628	1.0000	7.94
0.884535	0.617463	0.034333	0.012166	1.0000	20.64
0.321287	0.600058	0.053079	0.010640	1.0000	SM6X4T6
0.408318	0.598837	0.026465	0.011628	1.0000	3/8"
0.461248	0.600291	0.026465	0.010174	1.0000	9.53
0.516068	0.600291	0.024575	0.010174	1.0000	1/4"
0.567108	0.600291	0.028355	0.010174	1.0000	6.35
0.620038	0.600291	0.028355	0.010174	1.0000	1.00
0.674858	0.600291	0.026465	0.010174	1.0000	1.00
0.724008	0.600291	0.034026	0.010174	1.0000	11.91
0.780718	0.600291	0.028355	0.010174	1.0000	6.35
0.831758	0.601744	0.032136	0.008721	1.0000	11.11
0.886472	0.601507	0.032350	0.009195	1.0000	23.81
0.321361	0.582849	0.054820	0.010174	1.0000	SM8X4T6
0.408318	0.581395	0.026465	0.011628	1.0000	1/2"
0.457438	0.581346	0.034084	0.011726	1.0000	12.70
0.516068	0.582849	0.024575	0.010174	1.0000	1/4"
0.567108	0.581395	0.028355	0.011628	1.0000	6.35
0.620038	0.581395	0.028355	0.011628	1.0000	1.24
0.674858	0.581395	0.026465	0.011628	1.0000	1.00
0.725898	0.582849	0.032136	0.010174	1.0000	13.50
0.780718	0.581395	0.028355	0.011628	1.0000	6.35
0.831758	0.582849	0.034026	0.010174	1.0000	14.29
0.884688	0.582849	0.034026	0.010174	1.0000	27.00
0.321361	0.563953	0.054820	0.011628	1.0000	SM8X6T6
0.408318	0.563953	0.026465	0.011628	1.0000	1/2"
0.457467	0.563953	0.034026	0.011628	1.0000	12.70
0.517958	0.565407	0.022684	0.010174	1.0000	3/8"
0.567108	0.563953	0.028355	0.011628	1.0000	9.53
0.620038	0.563953	0.028355	0.011628	1.0000	1.24
0.674858	0.563953	0.026465	0.011628	1.0000	1.00
0.724008	0.563953	0.034026	0.011628	1.0000	13.50
0.780718	0.563953	0.028355	0.011628	1.0000	6.35
0.831758	0.563953	0.034026	0.011628	1.0000	14.29
0.884688	0.563953	0.034026	0.011628	1.0000	27.00
0.319448	0.547875	0.058646	0.008901	1.0000	SM12X4T6
0.408318	0.546512	0.026465	0.011628	1.0000	3/4"
0.459357	0.547965	0.032136	0.008721	1.0000	19.05
0.517958	0.547965	0.022684	0.008721	1.0000	1/4"
0.567108	0.546512	0.028355	0.011628	1.0000	6.35
0.621928	0.546512	0.026465	0.010174	1.0000	1.65
0.676749	0.547965	0.024575	0.008721	1.0000	1.00
0.725898	0.547965	0.032136	0.008721	1.0000	16.68
0.780718	0.546512	0.028355	0.010174	1.0000	6.35
0.831758	0.547965	0.034026	0.008721	1.0000	20.65
0.886542	0.547886	0.032209	0.008880	1.0000	27.00
0.319421	0.530323	0.058700	0.009121	1.0000	SM12X6T6
0.408318	0.529070	0.026465	0.011628	1.0000	З/4"
0.459357	0.530523	0.032136	0.008721	1.0000	19.05
0.516068	0.529070	0.024575	0.010174	1.0000	3/8"
0.567108	0.527616	0.028355	0.011628	1.0000	9.53
0.620038	0.529070	0.028355	0.010174	1.0000	1.65
0.676749	0.530523	0.024575	0.008721	1.0000	1.00
0.725898	0.530523	0.032136	0.008721	1.0000	16.68
0.782609	0.530523	0.026465	0.008721	1.0000	6.35
0.831741	0.530484	0.034061	0.008799	1.0000	20.65
0.886578	0.530523	0.032136	0.008721	1.0000	27.00
0.317580	0.510174	0.060491	0.011628	1.0000	SM12X8T6
0.408318	0.510174	0.026465	0.011628	1.0000	З/4"
0.459357	0.511628	0.032136	0.010174	1.0000	19.05
0.516068	0.510174	0.024575	0.011628	1.0000	1/2"
0.563327	0.510174	0.035917	0.011628	1.0000	12.70
0.620038	0.510174	0.028355	0.011628	1.0000	1.65
0.674858	0.510174	0.026465	0.011628	1.0000	1.24
0.724008	0.510174	0.034026	0.011628	1.0000	16.68
0.780718	0.510174	0.028355	0.011628	1.0000	6.35
0.829868	0.510174	0.035917	0.011628	1.0000	20.65
0.886578	0.513081	0.032136	0.008721	1.0000	27.00
0.300567	0.433140	0.081285	0.011628	1.0000	Micro Cross
0.436642	0.412662	0.070006	0.010431	1.0000	Tube OD (D)
0.809074	0.411337	0.009452	0.010174	1.0000	F
0.322447	0.402240	0.053053	0.014502	1.0000	Part No.
0.733459	0.405523	0.009452	0.008721	1.0000	B
0.408318	0.393895	0.049149	0.011816	1.0000	Size (in)
0.497164	0.396802	0.026465	0.008721	1.0000	Size
0.795841	0.395349	0.034026	0.013081	1.0000	Body
0.323235	0.376412	0.049183	0.011712	1.0000	SM2CR6
0.419660	0.376453	0.026465	0.011628	1.0000	1/8"
0.495274	0.376453	0.026465	0.010174	1.0000	3.18
0.570888	0.376453	0.028355	0.011628	1.0000	0.70
0.642722	0.376453	0.035917	0.011628	1.0000	10.32
0.724008	0.376453	0.028355	0.011628	1.0000	6.35
0.799622	0.376453	0.028355	0.011628	1.0000	7.94
0.871346	0.376252	0.036135	0.012031	1.0000	20.64
0.325114	0.360375	0.047315	0.008900	1.0000	SM4CR6
0.419660	0.359012	0.026465	0.011628	1.0000	1/4"
0.495274	0.359012	0.028355	0.010174	1.0000	6.35
0.570888	0.359012	0.028355	0.011628	1.0000	1.00
0.642722	0.359012	0.035917	0.010174	1.0000	10.32
0.724008	0.359012	0.028355	0.011628	1.0000	6.35
0.799622	0.359012	0.028355	0.010174	1.0000	7.94
0.871410	0.358928	0.036008	0.011795	1.0000	20.64
0.323203	0.341429	0.049247	0.010456	1.0000	SM6CR6
0.419660	0.341570	0.026465	0.011628	1.0000	3/8"
0.495274	0.343023	0.028355	0.008721	1.0000	9.53
0.570888	0.341570	0.028355	0.010174	0.3000	0O1
0.642722	0.341570	0.035917	0.010174	1.0000	11.91
0.722117	0.341570	0.030246	0.010174	1.0000	6.35
0.797732	0.343023	0.032136	0.008721	1.0000	11.11
0.871418	0.341491	0.035992	0.010332	1.0000	23.81
0.323251	0.322674	0.049149	0.011628	1.0000	SM8CR6
0.419660	0.322674	0.026465	0.011628	1.0000	1/2"
0.491493	0.322674	0.034026	0.011628	1.0000	12.70
0.570888	0.322674	0.028355	0.013081	1.0000	1.24
0.642722	0.322674	0.035917	0.013081	1.0000	13.50
0.722117	0.322674	0.028355	0.013081	1.0000	6.35
0.795841	0.322674	0.034026	0.013081	1.0000	14.29
0.871456	0.322674	0.035917	0.013081	1.0000	27.00
0.321361	0.306686	0.054820	0.008721	1.0000	SM12CR6
0.419660	0.305233	0.026465	0.011628	1.0000	3/4"
0.491493	0.305233	0.034026	0.011628	1.0000	19.05
0.570888	0.305233	0.028355	0.011628	1.0000	1.65
0.642722	0.305233	0.035917	0.011628	1.0000	16.68
0.722117	0.305233	0.028355	0.011628	1.0000	6.35
0.795841	0.305233	0.034026	0.011628	1.0000	20.65
0.871456	0.305233	0.035917	0.011628	1.0000	33.35
0.300490	0.227869	0.092782	0.013739	1.0000	Micro Tribow
0.434651	0.207271	0.072097	0.011331	1.0000	Tube OD (D)
0.323213	0.199014	0.051116	0.010403	1.0000	Part No.
0.884688	0.199128	0.011342	0.011628	1.0000	L
0.408318	0.188953	0.049149	0.011628	1.0000	Size (in)
0.495274	0.190407	0.026465	0.010174	1.0000	Size
0.795357	0.190912	0.035008	0.012191	1.0000	Body
0.325099	0.172827	0.047344	0.008997	1.0000	SM2TB6
0.421550	0.172965	0.024575	0.008721	1.0000	1/8"
0.495274	0.171512	0.026465	0.010174	1.0000	3.18
0.570888	0.171512	0.028355	0.011628	1.0000	0.70
0.642722	0.171512	0.035917	0.011628	1.0000	10.32
0.722117	0.171512	0.028355	0.011628	1.0000	6.35
0.799622	0.171512	0.028355	0.011628	1.0000	7.94
0.871456	0.171512	0.034026	0.011628	1.0000	14.29
0.325121	0.155458	0.047300	0.008851	1.0000	SM4TB6
0.419660	0.154070	0.026465	0.010174	1.0000	1/4"
0.497164	0.155523	0.024575	0.008721	1.0000	6.35
0.570888	0.154070	0.028355	0.011628	1.0000	1.00
0.642722	0.154070	0.035917	0.011628	1.0000	10.32
0.722117	0.154070	0.028355	0.010174	1.0000	6.35
0.799622	0.154070	0.028355	0.010174	1.0000	7.94
0.871456	0.154070	0.034026	0.011628	1.0000	14.29
0.323171	0.134971	0.049310	0.012034	1.0000	SM6TB6
0.419660	0.135174	0.026465	0.013081	1.0000	3/8"
0.493384	0.135174	0.028355	0.011628	1.0000	9.53
0.570888	0.136628	0.028355	0.011628	1.0000	1.00
0.642722	0.136628	0.034026	0.011628	1.0000	11.91
0.722117	0.135174	0.028355	0.011628	1.0000	6.35
0.795841	0.136628	0.034026	0.010174	1.0000	11.11
0.871456	0.136628	0.034026	0.010174	1.0000	17.46
0.325099	0.119048	0.047344	0.008997	1.0000	SM8TB6
0.419660	0.117733	0.026465	0.011628	1.0000	1/2"
0.493384	0.119186	0.032136	0.010174	1.0000	12.70
0.570888	0.117733	0.028355	0.013081	1.0000	1.24
0.642722	0.117733	0.035917	0.011628	1.0000	13.50
0.722117	0.117733	0.028355	0.011628	1.0000	6.35
0.795841	0.117733	0.034026	0.011628	1.0000	14.29
0.871434	0.117694	0.035959	0.011706	1.0000	20.64
0.321361	0.100291	0.052930	0.010174	1.0000	SM12TB6
0.419660	0.100291	0.026465	0.011628	1.0000	З/4"
0.493384	0.101744	0.032136	0.010174	1.0000	19.05
0.570888	0.100291	0.028355	0.013081	1.0000	1.65
0.642722	0.100291	0.035917	0.011628	1.0000	16.68
0.722117	0.100291	0.028355	0.011628	1.0000	6.35
0.795651	0.099955	0.034407	0.012299	1.0000	20.65
0.871456	0.101744	0.035917	0.010174	1.0000	27.00
0.068044	0.053754	0.034045	0.007318	1.0000	NOTE:
0.069943	0.042151	0.431002	0.008721	1.0000	•Dimensions and Drawings are for reference only and are subject to change without prior notice.
0.049149	0.029070	0.013233	0.010174	1.0000	8
0.069943	0.031977	0.274102	0.008821	1.0000	• Unless otherwise specified, all dimensions are in millimeters.
0.697543	0.021802	0.215501	0.020349	0.3000	VSnYOTУЭns⅚
#FILE	tmp/pdfs/fitting_dimension_audit/superlok_uhp_ocr/ocr-07.png
0.780555	0.946060	0.174237	0.014678	1.0000	Weld & Metal Seal Fittings
0.069943	0.888033	0.224953	0.021851	1.0000	Forged Weld Fittings
0.300531	0.838535	0.070015	0.011884	1.0000	90° Elbow
0.446125	0.815407	0.073724	0.011628	1.0000	Tube OD (D)
0.879017	0.813953	0.011342	0.010174	1.0000	F
0.322883	0.807072	0.051974	0.012139	1.0000	Part No.
0.790170	0.808140	0.011342	0.010174	1.0000	B
0.413989	0.797824	0.051040	0.011786	1.0000	Size (in)
0.514178	0.797965	0.028355	0.011628	1.0000	Size
0.867051	0.799679	0.035069	0.012432	1.0000	Body
0.325142	0.780523	0.047259	0.010174	1.0000	SM4E19
0.425331	0.780523	0.030246	0.011628	1.0000	1/4"
0.514144	0.779022	0.028422	0.011723	1.0000	6.35
0.603025	0.779070	0.028355	0.011628	1.0000	1.00
0.688091	0.779070	0.034026	0.011628	1.0000	25.00
0.776938	0.779070	0.035917	0.011628	1.0000	19.05
0.865784	0.780523	0.035917	0.010174	1.0000	11.10
0.325072	0.762887	0.047399	0.010563	1.0000	SM6E19
0.427221	0.764535	0.028355	0.008721	1.0000	3/8"
0.514178	0.763081	0.028355	0.010174	1.0000	9.53
0.603025	0.763081	0.028355	0.010174	1.0000	1.00
0.688091	0.763081	0.035917	0.010174	1.0000	25.00
0.776938	0.761628	0.035917	0.011628	1.0000	19.05
0.865784	0.763081	0.035917	0.010174	1.0000	12.40
0.327002	0.745545	0.045429	0.008909	1.0000	SM8E19
0.425331	0.744186	0.030246	0.011628	1.0000	1/2"
0.512287	0.745640	0.032136	0.008721	1.0000	12.70
0.603025	0.744186	0.028355	0.011628	1.0000	1.24
0.688091	0.744186	0.035917	0.011628	1.0000	29.00
0.776938	0.744186	0.035917	0.011628	1.0000	19.05
0.867675	0.744186	0.034026	0.011628	1.0000	17.00
0.323251	0.728198	0.051040	0.008721	1.0000	SM12E22
0.427221	0.728198	0.028355	0.010174	1.0000	З/4"
0.512287	0.728198	0.032136	0.008721	1.0000	19.05
0.604915	0.728198	0.026465	0.008721	1.0000	1.65
0.688091	0.726744	0.035917	0.011628	1.0000	33.50
0.778679	0.727898	0.034324	0.010775	1.0000	22.50
0.865784	0.726744	0.035917	0.010174	1.0000	25.00
0.323178	0.710497	0.051186	0.009238	1.0000	SM16E23
0.512287	0.710756	0.032136	0.008721	1.0000	25.40
0.604915	0.710756	0.026465	0.008721	1.0000	1.65
0.688091	0.709302	0.035917	0.010174	1.0000	38.30
0.776938	0.707849	0.035917	0.011628	1.0000	23.30
0.867675	0.709302	0.034026	0.010174	1.0000	30.00
0.325142	0.691860	0.047259	0.010174	1.0000	SM4E10
0.425331	0.693314	0.030246	0.008721	1.0000	1/4"
0.514178	0.690407	0.028355	0.011628	1.0000	6.35
0.603025	0.690407	0.028355	0.011628	1.0000	1.00
0.688091	0.690407	0.035917	0.011628	1.0000	15.90
0.776916	0.690368	0.035959	0.011706	1.0000	10.00
0.867675	0.690407	0.034026	0.011628	1.0000	11.10
0.327032	0.674419	0.045369	0.010174	1.0000	SM6E10
0.427221	0.674419	0.028355	0.010174	1.0000	3/8"
0.514178	0.672965	0.028355	0.011628	1.0000	9.53
0.603025	0.672965	0.028355	0.011628	1.0000	1.00
0.688091	0.672965	0.035917	0.011628	1.0000	15.90
0.776916	0.672926	0.035959	0.011706	1.0000	10.00
0.865784	0.672965	0.035917	0.011628	1.0000	12.40
0.323185	0.655331	0.049283	0.010560	1.0000	SM8E10
0.423440	0.655523	0.032136	0.010174	1.0000	1/2"
0.510397	0.654070	0.034026	0.011628	1.0000	12.70
0.603025	0.655523	0.028355	0.010174	1.0000	1.24
0.688091	0.655523	0.035917	0.010174	1.0000	19.90
0.776938	0.654070	0.035917	0.011628	1.0000	10.00
0.865784	0.655523	0.035917	0.010174	1.0000	17.00
0.321348	0.639489	0.052955	0.008812	1.0000	SM12E10
0.425331	0.638081	0.030246	0.010174	1.0000	3/4"
0.510397	0.636628	0.034026	0.011628	1.0000	19.05
0.603025	0.636628	0.028355	0.011628	1.0000	1.65
0.688052	0.638000	0.035994	0.010336	1.0000	22.40
0.776938	0.636628	0.035917	0.011628	1.0000	10.00
0.865784	0.636628	0.035917	0.011628	1.0000	25.00
0.321361	0.622093	0.052930	0.008721	1.0000	SM16E10
0.431002	0.620640	0.017013	0.011628	1.0000	1"
0.510397	0.619186	0.034026	0.011628	1.0000	25.40
0.603025	0.619186	0.028355	0.011628	1.0000	1.65
0.688091	0.619186	0.035917	0.011628	1.0000	24.95
0.776938	0.619186	0.035917	0.011628	1.0000	10.00
0.867675	0.619186	0.032136	0.011628	1.0000	30.00
0.298677	0.559383	0.136106	0.014959	1.0000	Reducing 90° Elbow
0.413754	0.538385	0.079812	0.011894	1.0000	Tube OD (D1)
0.534972	0.540698	0.077505	0.008721	1.0000	Tube OD (D2)
0.894140	0.537791	0.011342	0.010174	1.0000	F
0.323251	0.530372	0.051040	0.010426	1.0000	Part No.
0.654064	0.531977	0.017013	0.008721	1.0000	T1
0.710775	0.530523	0.018904	0.010174	1.0000	T2
0.775047	0.530523	0.011342	0.010174	1.0000	A
0.835539	0.531977	0.009452	0.010174	1.0000	B
0.398866	0.521759	0.051040	0.011786	1.0000	Size (in)
0.470699	0.523256	0.026465	0.008721	1.0000	Size
0.517939	0.520299	0.049189	0.011727	1.0000	Size (in)
0.587902	0.521802	0.028355	0.010174	1.0000	Size
0.882641	0.524410	0.032450	0.010773	1.0000	Body
0.315565	0.503888	0.062632	0.011120	1.0000	SM6X4E19
0.410208	0.502907	0.026465	0.011628	1.0000	3/8"
0.468809	0.502907	0.028355	0.011628	1.0000	9.53
0.531191	0.502907	0.024575	0.011628	1.0000	1/4"
0.587902	0.502907	0.028355	0.011628	1.0000	6.35
0.648393	0.502907	0.026465	0.011628	1.0000	1.00
0.706994	0.502907	0.026465	0.011628	1.0000	1.00
0.761815	0.502907	0.035917	0.011628	1.0000	25.00
0.822306	0.502907	0.034026	0.011628	1.0000	19.05
0.884688	0.502907	0.028355	0.011628	1.0000	12.4
0.317580	0.488372	0.060491	0.008721	1.0000	SM8X4E19
0.410208	0.485465	0.026465	0.011628	1.0000	1/2"
0.466919	0.485465	0.034026	0.010174	1.0000	12.70
0.533081	0.486919	0.022684	0.008721	1.0000	1/4*
0.587902	0.485465	0.028355	0.011628	1.0000	6.35
0.650200	0.486778	0.024742	0.009002	1.0000	1.24
0.708885	0.486919	0.026465	0.008721	1.0000	1.00
0.763705	0.486919	0.034026	0.008721	1.0000	29.00
0.822306	0.485465	0.034026	0.010174	1.0000	19.05
0.886578	0.486919	0.026465	0.008721	1.0000	17.0
0.315570	0.467633	0.062621	0.012409	1.0000	SM8X6E19
0.410208	0.468023	0.026465	0.011628	1.0000	1/2"
0.466919	0.468023	0.034026	0.010174	1.0000	12.70
0.529301	0.466570	0.026465	0.011628	1.0000	3/8"
0.589792	0.468023	0.026465	0.010174	1.0000	9.53
0.650284	0.469477	0.024575	0.008721	1.0000	1.24
0.708885	0.469477	0.026465	0.008721	1.0000	1.00
0.763705	0.469477	0.034026	0.008721	1.0000	29.00
0.822306	0.468023	0.034026	0.010174	1.0000	19.05
0.886578	0.469477	0.026465	0.008721	1.0000	17.0
0.313800	0.452035	0.068053	0.008721	1.0000	SM12X4E22
0.410208	0.450581	0.026465	0.011628	1.0000	З/4"
0.466919	0.449128	0.034026	0.011628	1.0000	19.05
0.531191	0.452035	0.024575	0.008721	1.0000	1/4"
0.589792	0.452035	0.026465	0.008721	1.0000	6.35
0.650284	0.452035	0.024575	0.008721	1.0000	1.65
0.708885	0.452035	0.026465	0.008721	1.0000	1.00
0.763705	0.452035	0.034026	0.008721	1.0000	33.50
0.824043	0.451691	0.032442	0.009409	1.0000	22.50
0.886578	0.452035	0.026465	0.008721	1.0000	25.0
0.311909	0.433140	0.069943	0.010174	1.0000	SM12X6E22
0.410208	0.431686	0.026465	0.013081	1.0000	З/4"
0.468809	0.433140	0.032136	0.008721	1.0000	19.05
0.529301	0.431686	0.026465	0.011628	1.0000	3/8"
0.587902	0.431686	0.028355	0.011628	1.0000	9.53
0.650284	0.433140	0.024575	0.008721	1.0000	1.65
0.706994	0.431686	0.028355	0.010174	1.0000	1.00
0.761815	0.431686	0.035917	0.011628	1.0000	33.50
0.824197	0.433140	0.032136	0.008721	1.0000	22.50
0.884688	0.431686	0.028355	0.011628	1.0000	25.0
0.311909	0.415698	0.069943	0.010174	1.0000	SM12X8E22
0.410208	0.414244	0.026465	0.011628	1.0000	З/4"
0.466919	0.414244	0.034026	0.010174	1.0000	19.05
0.529301	0.414244	0.026465	0.010174	1.0000	1/2"
0.584006	0.414001	0.036146	0.010660	1.0000	12.70
0.650284	0.415698	0.024575	0.008721	1.0000	1.65
0.708885	0.415698	0.026465	0.008721	1.0000	1.24
0.763705	0.414244	0.034026	0.010174	1.0000	33.50
0.822306	0.414244	0.034026	0.010174	1.0000	22.50
0.886578	0.415698	0.026465	0.008721	1.0000	25.0
0.311909	0.396802	0.069943	0.011628	1.0000	SM16X4E23
0.415879	0.396802	0.017013	0.011628	1.0000	1"
0.466919	0.396802	0.034026	0.010174	1.0000	25.40
0.531191	0.396802	0.024575	0.010174	1.0000	1/4"
0.587902	0.396802	0.028355	0.010174	1.0000	6.35
0.648393	0.396802	0.026465	0.010174	1.0000	1.65
0.708885	0.398256	0.026465	0.008721	1.0000	1.00
0.763705	0.396802	0.034026	0.010174	1.0000	38.30
0.822306	0.396802	0.034026	0.010174	1.0000	23.30
0.884688	0.396802	0.028355	0.010174	1.0000	30.0
0.315690	0.380814	0.066163	0.008721	1.0000	SM16X8E23
0.415879	0.379360	0.015123	0.011628	1.0000	1"
0.466919	0.377907	0.034026	0.011628	1.0000	25.40
0.531191	0.377907	0.024575	0.011628	1.0000	1/2"
0.586011	0.379360	0.034026	0.010174	1.0000	12.70
0.648393	0.377907	0.026465	0.011628	1.0000	1.65
0.706994	0.379360	0.028355	0.010174	1.0000	1.24
0.763705	0.377907	0.034026	0.011628	1.0000	38.30
0.822306	0.377907	0.034026	0.011628	1.0000	23.30
0.884688	0.377907	0.028355	0.011628	1.0000	30.0
0.310019	0.361919	0.073724	0.010174	1.0000	SM16X12E23
0.417769	0.363372	0.015123	0.008721	1.0000	1"
0.466919	0.360465	0.034026	0.011628	1.0000	25.40
0.529301	0.360465	0.026465	0.011628	1.0000	З/4"
0.584121	0.360465	0.035917	0.011628	1.0000	19.05
0.648393	0.360465	0.026465	0.011628	1.0000	1.65
0.706994	0.360465	0.028355	0.011628	1.0000	1.65
0.763683	0.360428	0.034070	0.011703	1.0000	38.30
0.822306	0.360465	0.034026	0.011628	1.0000	23.30
0.884688	0.360465	0.028355	0.011628	1.0000	30.0
0.299549	0.301705	0.028524	0.011575	1.0000	Tee
0.436673	0.281958	0.069943	0.008739	1.0000	Tube OD (D)
0.807183	0.277616	0.013233	0.011628	1.0000	F
0.322925	0.270856	0.051786	0.011903	1.0000	Part No.
0.733459	0.271802	0.009452	0.010174	1.0000	B
0.882798	0.270349	0.015123	0.013081	1.0000	L
0.408318	0.261559	0.049149	0.011786	1.0000	Size (in)
0.495274	0.263081	0.028355	0.010174	1.0000	Size
0.795841	0.264535	0.034026	0.011628	1.0000	Body
0.325088	0.245473	0.045475	0.009053	1.0000	SM4T19
0.419660	0.244186	0.026465	0.011628	1.0000	1/4"
0.495274	0.244186	0.026465	0.010174	1.0000	6.35
0.570888	0.244186	0.028355	0.011628	1.0000	1.00
0.644612	0.244186	0.034026	0.011628	1.0000	25.00
0.720227	0.244186	0.034026	0.011628	1.0000	19.05
0.801512	0.245640	0.024575	0.008721	1.0000	11.1
0.873346	0.244186	0.034026	0.011628	1.0000	50.00
0.326984	0.228053	0.043575	0.009010	1.0000	SM6T19
0.419660	0.226744	0.026465	0.011628	1.0000	3/8"
0.495274	0.226744	0.026465	0.011628	1.0000	9.53
0.570888	0.226744	0.028355	0.011628	1.0000	1.00
0.644472	0.226498	0.034308	0.012121	1.0000	25.00
0.720227	0.226744	0.034026	0.011628	1.0000	19.05
0.801512	0.228198	0.026465	0.010174	1.0000	12.4
0.873346	0.226744	0.034026	0.011628	1.0000	50.00
0.325110	0.210658	0.045432	0.008917	1.0000	SM8T19
0.419660	0.209302	0.026465	0.010174	1.0000	1/2"
0.493384	0.210756	0.032136	0.008721	1.0000	12.70
0.572779	0.210756	0.026465	0.008721	1.0000	1.24
0.644612	0.209302	0.034026	0.010174	1.0000	29.00
0.720227	0.209302	0.034026	0.010174	1.0000	19.05
0.801512	0.210756	0.026465	0.008721	1.0000	17.0
0.873346	0.209302	0.034026	0.010174	1.0000	58.00
0.323251	0.191860	0.051040	0.010174	1.0000	SM12T22
0.419660	0.190407	0.026465	0.011628	1.0000	З/4"
0.493384	0.191860	0.032136	0.010174	1.0000	19.05
0.570888	0.190407	0.028355	0.011628	1.0000	1.65
0.644612	0.190407	0.034026	0.011628	1.0000	33.50
0.720227	0.190407	0.034026	0.011628	1.0000	22.50
0.799622	0.190407	0.028355	0.011628	1.0000	25.0
0.873346	0.190407	0.034026	0.011628	1.0000	67.00
0.323251	0.174419	0.051040	0.008721	1.0000	SM16T23
0.421550	0.174419	0.018904	0.010174	1.0000	1"
0.491493	0.172965	0.034026	0.010174	1.0000	25.40
0.570888	0.172965	0.028355	0.010174	1.0000	1.65
0.644612	0.172965	0.034026	0.010174	1.0000	38.30
0.720215	0.172942	0.034050	0.010221	1.0000	23.30
0.799622	0.172965	0.028355	0.010174	1.0000	30.0
0.873346	0.172965	0.034026	0.011628	1.0000	76.60
0.325125	0.156924	0.047292	0.008825	1.0000	SM4T10
0.419660	0.155523	0.026465	0.011628	1.0000	1/4"
0.495274	0.155523	0.028355	0.010174	1.0000	6.35
0.570888	0.155523	0.028355	0.011628	1.0000	1.00
0.644612	0.155523	0.034026	0.010174	1.0000	15.90
0.720227	0.155523	0.034026	0.010174	1.0000	10.00
0.801512	0.156977	0.024575	0.008721	1.0000	11.1
0.873262	0.155378	0.034194	0.011918	1.0000	31.80
0.325142	0.138081	0.047259	0.010174	1.0000	SM6T10
0.419660	0.138081	0.024575	0.010174	1.0000	3/8"
0.495274	0.138081	0.026465	0.010174	1.0000	9.53
0.570888	0.138081	0.028355	0.010174	1.0000	1.00
0.644612	0.138081	0.034026	0.010174	1.0000	15.90
0.720227	0.138081	0.034026	0.010174	1.0000	10.00
0.801512	0.139535	0.026465	0.008721	1.0000	12.4
0.873346	0.136628	0.034026	0.011628	1.0000	31.80
0.323201	0.119061	0.049249	0.011879	1.0000	SM8T10
0.419660	0.119186	0.026465	0.011628	1.0000	1/2"
0.491493	0.119186	0.034026	0.011628	1.0000	12.70
0.570888	0.119186	0.028355	0.011628	1.0000	1.24
0.642722	0.119186	0.035917	0.011628	1.0000	19.90
0.720227	0.119186	0.034026	0.011628	1.0000	10.00
0.799622	0.119186	0.028355	0.011628	1.0000	17.0
0.873346	0.119186	0.034026	0.011628	1.0000	39.80
0.323150	0.102836	0.051242	0.009444	1.0000	SM12T10
0.419660	0.101744	0.026465	0.011628	1.0000	З/4"
0.493384	0.103198	0.032136	0.010174	1.0000	19.05
0.570888	0.101744	0.028355	0.011628	1.0000	1.65
0.646503	0.103198	0.032136	0.008721	1.0000	22.40
0.720227	0.101744	0.034026	0.010174	1.0000	10.00
0.799622	0.101744	0.028355	0.011628	1.0000	25.0
0.875236	0.103198	0.032136	0.008721	1.0000	44.80
0.321306	0.085554	0.053040	0.009124	1.0000	SM16T10
0.421550	0.085756	0.020794	0.010174	1.0000	1"
0.493384	0.085756	0.032136	0.008721	1.0000	25.40
0.570888	0.084302	0.028355	0.011628	1.0000	1.65
0.644612	0.084302	0.034026	0.010174	1.0000	24.95
0.720227	0.084302	0.034026	0.010174	1.0000	10.00
0.799622	0.084302	0.028355	0.010174	1.0000	30.0
0.875236	0.084302	0.032136	0.010174	1.0000	49.90
0.068039	0.053741	0.034054	0.007344	1.0000	NOTE:
0.069943	0.042151	0.431002	0.008721	1.0000	•Dimensions and Drawings are for reference only and are subject to change without prior notice.
0.069943	0.031977	0.274102	0.008821	1.0000	• Unless otherwise specified, all dimensions are in millimeters.
0.695652	0.020349	0.215501	0.020349	1.0000	SUPERLOKUSA
0.941399	0.029070	0.009452	0.010174	1.0000	9
#FILE	tmp/pdfs/fitting_dimension_audit/superlok_uhp_ocr/ocr-08.png
0.045182	0.946060	0.172376	0.015019	1.0000	Weld & Metal Seal Fittings
0.300245	0.877826	0.091323	0.014913	1.0000	Reducing Tee
0.410158	0.858783	0.077605	0.010631	1.0000	Tube OD (D1)
0.514153	0.857457	0.079445	0.011831	1.0000	Tube OD (D2)
0.323251	0.850291	0.051040	0.010174	1.0000	Part No.
0.623819	0.850291	0.018904	0.010174	1.0000	T1
0.678639	0.850291	0.018904	0.010174	1.0000	T2
0.735350	0.848837	0.013233	0.013081	1.0000	A
0.788280	0.848837	0.013233	0.013081	1.0000	B
0.396945	0.841484	0.049210	0.010347	1.0000	Size (in)
0.463138	0.843023	0.024575	0.008721	1.0000	Size
0.502836	0.839982	0.049149	0.011786	1.0000	Size (in)
0.567108	0.841570	0.028355	0.010174	1.0000	Size
0.829868	0.843023	0.034026	0.011628	1.0000	Body
0.319471	0.827035	0.058601	0.008721	1.0000	SM6X4T19
0.410208	0.825581	0.020794	0.010174	1.0000	3/8*
0.459322	0.824074	0.030315	0.011735	1.0000	9.53
0.517958	0.825581	0.020794	0.010174	1.0000	1/4"
0.567108	0.824128	0.028355	0.011628	1.0000	6.35
0.621928	0.827035	0.026465	0.008721	1.0000	1.00
0.676749	0.827035	0.024575	0.008721	1.0000	1.00
0.724008	0.824128	0.034026	0.011628	1.0000	25.00
0.778828	0.827035	0.032136	0.008721	1.0000	19.05
0.833648	0.825581	0.028355	0.010174	1.0000	12.4
0.884688	0.824128	0.034026	0.011628	1.0000	50.00
0.319439	0.812374	0.058664	0.008972	1.0000	SM8X4T19
0.408318	0.809593	0.026465	0.011628	1.0000	1/2"
0.459357	0.812500	0.032136	0.008721	1.0000	12.70
0.517958	0.812500	0.022684	0.010174	1.0000	1/4"
0.567108	0.809593	0.028355	0.011628	1.0000	6.35
0.621928	0.812500	0.026465	0.008721	1.0000	1.24
0.676749	0.812500	0.024575	0.008721	1.0000	1.00
0.724008	0.811047	0.034026	0.010174	1.0000	29.00
0.778828	0.812500	0.032136	0.008721	1.0000	19.05
0.835539	0.812500	0.026465	0.008721	1.0000	17.0
0.886539	0.812413	0.032216	0.008895	1.0000	58.00
0.317580	0.796512	0.060491	0.010174	1.0000	SM8X6T19
0.408318	0.796512	0.026465	0.010174	1.0000	1/2"
0.459357	0.797965	0.032136	0.008721	1.0000	12.70
0.517958	0.797965	0.022684	0.008721	1.0000	3/8"
0.568998	0.797965	0.026465	0.008721	1.0000	9.53
0.621928	0.797965	0.026465	0.008721	1.0000	1.24
0.676749	0.797965	0.024575	0.008721	1.0000	1.00
0.725823	0.797801	0.032285	0.009050	1.0000	29.00
0.778828	0.797965	0.034026	0.008721	1.0000	19.05
0.835539	0.797965	0.026465	0.008721	1.0000	17.0
0.886546	0.797895	0.032201	0.008862	1.0000	58.00
0.315690	0.783430	0.066163	0.008721	1.0000	SM12X4T22
0.408318	0.781977	0.026465	0.011628	1.0000	З/4"
0.459357	0.783430	0.032136	0.008721	1.0000	19.05
0.516559	0.782536	0.025513	0.011784	1.0000	1/4"
0.568998	0.783430	0.026465	0.008721	1.0000	6.35
0.621928	0.783430	0.026465	0.008721	1.0000	1.65
0.676749	0.783430	0.024575	0.008721	1.0000	1.00
0.725800	0.783213	0.032332	0.009156	1.0000	33.50
0.778816	0.783402	0.034051	0.008778	1.0000	22.50
0.833648	0.781977	0.028355	0.011628	1.0000	25.0
0.886578	0.783430	0.032136	0.008721	1.0000	67.00
0.313800	0.767442	0.068053	0.010174	1.0000	SM12X6122
0.408318	0.767442	0.026465	0.011628	1.0000	З/4"
0.459357	0.768895	0.032136	0.008721	1.0000	19.05
0.516068	0.768895	0.024575	0.010174	1.0000	3/8"
0.568998	0.768895	0.026465	0.008721	1.0000	9.53
0.620038	0.767442	0.028355	0.011628	1.0000	1.65
0.676749	0.768895	0.024575	0.008721	1.0000	1.00
0.725861	0.768816	0.032209	0.008880	1.0000	33.50
0.778816	0.768867	0.034051	0.008778	1.0000	22.50
0.833648	0.767442	0.028355	0.011628	1.0000	25.0
0.886578	0.768895	0.032136	0.008721	1.0000	67.00
0.313729	0.752658	0.068195	0.012126	1.0000	SM12X8T22
0.408318	0.752907	0.026465	0.011628	1.0000	З/4"
0.459357	0.755814	0.032136	0.008721	1.0000	19.05
0.516068	0.752907	0.024575	0.011628	1.0000	1/2"
0.563327	0.752907	0.034026	0.011628	1.0000	12.70
0.620038	0.752907	0.028355	0.011628	1.0000	1.65
0.676749	0.754360	0.024575	0.010174	1.0000	1.24
0.724008	0.752907	0.034026	0.011628	1.0000	33.50
0.776938	0.752907	0.034026	0.011628	1.0000	22.50
0.833648	0.752907	0.028355	0.011628	1.0000	25.0
0.884688	0.754360	0.034026	0.010174	1.0000	67.00
0.313800	0.739826	0.068053	0.010174	1.0000	SM16X4T23
0.457467	0.738372	0.034026	0.011628	1.0000	25.40
0.516068	0.738372	0.024575	0.011628	1.0000	1/4"
0.567108	0.738372	0.028355	0.011628	1.0000	6.35
0.620038	0.738372	0.028355	0.011628	1.0000	1.65
0.674858	0.738372	0.026465	0.011628	1.0000	1.00
0.724008	0.738372	0.034026	0.011628	1.0000	38.30
0.776938	0.738372	0.035917	0.011628	1.0000	23.30
0.833648	0.738372	0.028355	0.011628	1.0000	30.0
0.884688	0.739826	0.034026	0.010174	1.0000	76.60
0.313800	0.725291	0.068053	0.010174	1.0000	SM16X8T23
0.415879	0.726744	0.015123	0.008721	1.0000	1"
0.457467	0.725291	0.034026	0.010174	1.0000	25.40
0.517958	0.726744	0.020794	0.008721	1.0000	1/2"
0.563327	0.725291	0.035917	0.011628	1.0000	12.70
0.620038	0.725291	0.028355	0.010174	1.0000	1.65
0.674858	0.725291	0.026465	0.010174	1.0000	1.24
0.724008	0.725291	0.034026	0.010174	1.0000	38.30
0.776938	0.725291	0.035917	0.010174	1.0000	23.30
0.833648	0.725291	0.028355	0.010174	1.0000	30.0
0.886578	0.726744	0.032136	0.008721	1.0000	76.60
0.310019	0.710756	0.075614	0.010174	1.0000	SM16X12T23
0.415879	0.712209	0.015123	0.008721	1.0000	1"
0.457427	0.710676	0.034107	0.010333	1.0000	25.40
0.516068	0.712209	0.024575	0.008721	1.0000	3/4"
0.563327	0.710756	0.034026	0.011628	1.0000	19.05
0.620038	0.710756	0.028355	0.010174	1.0000	1.65
0.674858	0.710756	0.026465	0.010174	1.0000	1.65
0.724008	0.710756	0.034026	0.010174	1.0000	38.30
0.776938	0.709302	0.035917	0.011628	1.0000	23.30
0.833648	0.710756	0.028355	0.010174	1.0000	30.0
0.886578	0.712209	0.032136	0.008721	1.0000	76.60
0.319471	0.697674	0.058601	0.008721	1.0000	SM6X4110
0.408318	0.696221	0.026465	0.011628	1.0000	3/8"
0.463138	0.697674	0.024575	0.008721	1.0000	9.53
0.517958	0.697674	0.022684	0.008721	1.0000	1/4"
0.567108	0.696221	0.028355	0.010174	1.0000	6.35
0.621928	0.697674	0.026465	0.008721	1.0000	1.00
0.674858	0.696221	0.026465	0.011628	1.0000	1.00
0.725898	0.697674	0.032136	0.008721	1.0000	15.90
0.778815	0.697646	0.032163	0.008779	1.0000	10.00
0.835539	0.697674	0.026465	0.008721	1.0000	12.4
0.886578	0.697674	0.032136	0.008721	1.0000	31.80
0.319349	0.682629	0.058845	0.009743	1.0000	SM8X4T10
0.408318	0.681686	0.026465	0.011628	1.0000	1/2"
0.459357	0.683140	0.032136	0.008721	1.0000	12.70
0.517528	0.683341	0.023798	0.009470	1.0000	1/4"
0.568998	0.683140	0.026465	0.008721	1.0000	6.35
0.621928	0.683140	0.026465	0.008721	1.0000	1.24
0.676749	0.683140	0.024575	0.008721	1.0000	1.00
0.725898	0.683140	0.032136	0.008721	1.0000	19.90
0.778828	0.683140	0.034026	0.008721	1.0000	10.00
0.835539	0.683140	0.026465	0.008721	1.0000	17.0
0.884688	0.681686	0.034026	0.011628	1.0000	39.80
0.317468	0.666797	0.060716	0.012336	1.0000	SM8X6T10
0.408318	0.667151	0.026465	0.011628	1.0000	1/2"
0.457467	0.667151	0.034026	0.011628	1.0000	12.70
0.514178	0.667151	0.026465	0.011628	1.0000	3/8"
0.567108	0.667151	0.028355	0.011628	1.0000	9.53
0.620038	0.668605	0.028355	0.010174	1.0000	1.24
0.674858	0.667151	0.026465	0.011628	1.0000	1.00
0.724008	0.667151	0.034026	0.011628	1.0000	19.90
0.776938	0.667151	0.034026	0.011628	1.0000	10.00
0.833648	0.667151	0.028355	0.011628	1.0000	17.0
0.884603	0.667003	0.034197	0.011925	1.0000	39.80
0.315690	0.655523	0.066163	0.008721	1.0000	SM12X4T10
0.410208	0.655523	0.024575	0.008721	1.0000	3/4"
0.459357	0.655523	0.032136	0.008721	1.0000	19.05
0.517958	0.655523	0.022684	0.008721	1.0000	1/4"
0.567108	0.652616	0.028355	0.011628	1.0000	6.35
0.621928	0.654070	0.026465	0.010174	1.0000	1.65
0.676749	0.655523	0.024575	0.008721	1.0000	1.00
0.724008	0.655523	0.034026	0.008721	1.0000	22.40
0.778828	0.655523	0.032136	0.008721	1.0000	10.00
0.833648	0.654070	0.028355	0.010174	1.0000	25.0
0.886578	0.655523	0.032136	0.008721	1.0000	44.80
0.315661	0.640875	0.066221	0.010401	1.0000	SM12X6T10
0.408318	0.639535	0.026465	0.011628	1.0000	3/4"
0.459357	0.640988	0.032136	0.010174	1.0000	19.05
0.514178	0.639535	0.026465	0.011628	1.0000	3/8"
0.567108	0.639535	0.028355	0.011628	1.0000	9.53
0.620038	0.639535	0.028355	0.011628	1.0000	1.65
0.674858	0.639535	0.026465	0.011628	1.0000	1.00
0.724008	0.639535	0.034026	0.011628	1.0000	22.40
0.776938	0.639535	0.034026	0.011628	1.0000	10.00
0.833648	0.639535	0.028355	0.011628	1.0000	25.0
0.884688	0.639535	0.034026	0.011628	1.0000	44.80
0.300567	0.582849	0.039698	0.011628	1.0000	Cross
0.436673	0.563917	0.069943	0.008758	1.0000	Tube OD (D)
0.809074	0.561047	0.011342	0.010174	1.0000	F
0.323023	0.553099	0.051590	0.011368	1.0000	Part No.
0.576560	0.553779	0.015123	0.011628	1.0000	T
0.408318	0.543518	0.049149	0.011786	1.0000	Size (in)
0.495274	0.545058	0.028355	0.010174	1.0000	Size
0.795841	0.546512	0.034026	0.011628	1.0000	Body
0.321361	0.529070	0.054820	0.010174	1.0000	SM4CR19
0.419660	0.529070	0.026465	0.010174	1.0000	1/4"
0.495274	0.527616	0.028355	0.011628	1.0000	6.35
0.570888	0.527616	0.028355	0.011628	1.0000	1.00
0.642722	0.527616	0.035917	0.011628	1.0000	25.00
0.720227	0.527616	0.034026	0.011628	1.0000	19.05
0.801512	0.530523	0.024575	0.008721	1.0000	11.1
0.871456	0.529070	0.035917	0.010174	1.0000	50.00
0.321345	0.515930	0.052962	0.008837	1.0000	SM6CR19
0.419660	0.513081	0.026465	0.013081	1.0000	3/8"
0.495274	0.514535	0.026465	0.010174	1.0000	9.53
0.570888	0.514535	0.028355	0.010174	1.0000	1.00
0.642722	0.514535	0.035917	0.010174	1.0000	25.00
0.720227	0.514535	0.034026	0.010174	1.0000	19.05
0.799622	0.514535	0.028355	0.010174	1.0000	12.4
0.875218	0.515954	0.032173	0.010244	1.0000	50.00
0.323231	0.501382	0.051081	0.008865	1.0000	SM8CR19
0.419660	0.500000	0.026465	0.011628	1.0000	1/2"
0.497164	0.501453	0.024575	0.008721	1.0000	12.7
0.570888	0.500000	0.028355	0.011628	1.0000	1.24
0.642722	0.500000	0.035917	0.010174	1.0000	29.00
0.720227	0.500000	0.034026	0.011628	1.0000	19.05
0.799622	0.500000	0.028355	0.010174	1.0000	17.0
0.873346	0.500000	0.034026	0.011628	1.0000	58.00
0.319471	0.486919	0.058601	0.008721	1.0000	SM12CR22
0.419660	0.485465	0.026465	0.011628	1.0000	З/4"
0.493384	0.486919	0.032136	0.008721	1.0000	19.05
0.570888	0.485465	0.028355	0.011628	1.0000	1.65
0.642722	0.485465	0.035917	0.010174	1.0000	31.50
0.722117	0.486919	0.032136	0.008721	1.0000	22.50
0.801512	0.486919	0.026465	0.008721	1.0000	25.0
0.873346	0.486919	0.034026	0.008721	1.0000	67.00
0.317448	0.470513	0.060755	0.012463	1.0000	SM16CR23
0.421550	0.472384	0.018904	0.010174	1.0000	1"
0.495274	0.470930	0.026465	0.011628	1.0000	25.4
0.570888	0.470930	0.028355	0.011628	1.0000	1.65
0.644612	0.470930	0.034026	0.011628	1.0000	34.00
0.720021	0.470567	0.034438	0.012355	1.0000	23.30
0.799622	0.470930	0.028355	0.011628	1.0000	30.0
0.871456	0.472384	0.035917	0.010174	1.0000	76.60
0.321361	0.456395	0.054820	0.011628	1.0000	SM4CR10
0.419660	0.457849	0.024575	0.010174	1.0000	1/4"
0.495274	0.456395	0.026465	0.011628	1.0000	6.35
0.570888	0.456395	0.028355	0.011628	1.0000	1.00
0.644612	0.456395	0.034026	0.011628	1.0000	15.90
0.720227	0.456395	0.034026	0.011628	1.0000	10.00
0.799622	0.456395	0.026465	0.011628	1.0000	11.1
0.873346	0.457849	0.034026	0.010174	1.0000	31.80
0.321331	0.443218	0.054880	0.010365	1.0000	SM6CR10
0.419660	0.441860	0.024575	0.013081	1.0000	З/8"
0.495274	0.443314	0.026465	0.010174	1.0000	9.53
0.570888	0.443314	0.028355	0.010174	1.0000	1.00
0.644612	0.443314	0.034026	0.010174	1.0000	15.90
0.720227	0.441860	0.034026	0.013081	1.0000	10.00
0.799622	0.443314	0.028355	0.010174	1.0000	12.4
0.873303	0.443230	0.034112	0.010343	1.0000	31.80
0.321344	0.428725	0.054854	0.010282	1.0000	SM8CR10
0.419660	0.427326	0.024575	0.013081	1.0000	1/2"
0.497164	0.428779	0.024575	0.010174	1.0000	12.7
0.570888	0.428779	0.028355	0.011628	1.0000	1.24
0.642722	0.427326	0.035917	0.011628	1.0000	19.90
0.720227	0.427326	0.034026	0.011628	1.0000	10.00
0.799622	0.428779	0.028355	0.011628	1.0000	17.0
0.875236	0.430233	0.032136	0.008721	1.0000	39.80
0.319471	0.415698	0.058601	0.008721	1.0000	SM12CR10
0.419660	0.414244	0.024575	0.011628	1.0000	3/4"
0.493384	0.415698	0.032136	0.010174	1.0000	19.05
0.570888	0.414244	0.028355	0.011628	1.0000	1.65
0.642722	0.414244	0.035917	0.011628	1.0000	22.40
0.720227	0.414244	0.034026	0.011628	1.0000	10.00
0.799622	0.414244	0.028355	0.011628	1.0000	25.0
0.871456	0.414244	0.035917	0.011628	1.0000	44.80
0.317436	0.401596	0.060817	0.010008	1.0000	SM16CR10
0.421550	0.402616	0.018904	0.008721	1.0000	1"
0.495274	0.399709	0.026465	0.011628	1.0000	25.4
0.570888	0.399709	0.028355	0.011628	1.0000	1.65
0.644612	0.399709	0.034026	0.011628	1.0000	24.95
0.720227	0.399709	0.034026	0.011628	1.0000	10.00
0.799622	0.399709	0.026465	0.011628	1.0000	30.0
0.873346	0.402616	0.034026	0.008721	1.0000	49.90
0.300546	0.344413	0.058644	0.011755	1.0000	Reducer
0.419660	0.322674	0.081285	0.011628	1.0000	Tube OD (D1)
0.553875	0.322674	0.081285	0.011628	1.0000	Tube OD (D2)
0.323196	0.315242	0.051150	0.010504	1.0000	Part No.
0.684310	0.315407	0.018904	0.010174	1.0000	T1
0.750473	0.313953	0.018904	0.011628	1.0000	T2
0.890359	0.315407	0.009452	0.011628	1.0000	L
0.402647	0.305077	0.052930	0.011786	1.0000	Size (in)
0.480151	0.306686	0.028355	0.010174	1.0000	Size
0.534972	0.305077	0.051040	0.011786	1.0000	Size (in)
0.612476	0.306686	0.028355	0.010174	1.0000	Size
0.317580	0.289244	0.060491	0.010174	1.0000	SM6X4R19
0.413989	0.289244	0.026465	0.011628	1.0000	3/8"
0.478261	0.289244	0.030246	0.011628	1.0000	9.53
0.546314	0.290698	0.026465	0.010174	1.0000	1/4"
0.612476	0.289244	0.028355	0.011628	1.0000	6.35
0.680529	0.289244	0.028355	0.011628	1.0000	1.00
0.746692	0.289244	0.028355	0.011628	1.0000	1.00
0.809074	0.289244	0.035917	0.011628	1.0000	19.05
0.880907	0.289244	0.026465	0.011628	1.0000	38.1
0.315690	0.274709	0.062382	0.011628	1.0000	SM8X4R19
0.413989	0.274709	0.028355	0.011628	1.0000	1/2"
0.478261	0.277616	0.032136	0.008721	1.0000	12.70
0.546314	0.276163	0.028355	0.010174	1.0000	1/4"
0.614367	0.276163	0.026465	0.010174	1.0000	6.35
0.680529	0.276163	0.028355	0.010174	1.0000	1.24
0.746692	0.276163	0.028355	0.010174	1.0000	1.00
0.810964	0.276163	0.034026	0.010174	1.0000	19.05
0.882798	0.277616	0.024575	0.008721	1.0000	38.1
0.315643	0.260024	0.062476	0.011930	1.0000	SM8X6R19
0.413989	0.261628	0.026465	0.010174	1.0000	1/2"
0.478261	0.263081	0.032136	0.008721	1.0000	12.70
0.548204	0.263081	0.026465	0.008721	1.0000	3/8"
0.614367	0.263081	0.026465	0.008721	1.0000	9.53
0.682420	0.263081	0.024575	0.008721	1.0000	1.24
0.748582	0.263081	0.026465	0.008721	1.0000	1.00
0.810964	0.261628	0.034026	0.010174	1.0000	19.05
0.882798	0.263081	0.024575	0.008721	1.0000	38.1
0.313800	0.248547	0.068053	0.008721	1.0000	SM12X4R19
0.413989	0.247093	0.028355	0.011628	1.0000	З/4"
0.478261	0.248547	0.032136	0.008721	1.0000	19.05
0.548204	0.248547	0.024575	0.010174	1.0000	1/4"
0.614367	0.247093	0.026465	0.010174	1.0000	6.35
0.682420	0.248547	0.024575	0.008721	1.0000	1.65
0.748582	0.248547	0.026465	0.008721	1.0000	1.00
0.812854	0.248547	0.032136	0.008721	1.0000	19.05
0.882798	0.248547	0.024575	0.008721	1.0000	42.9
0.315690	0.234012	0.066163	0.008721	1.0000	SM12X6R19
0.413989	0.232558	0.028355	0.011628	1.0000	З/4"
0.478261	0.234012	0.032136	0.008721	1.0000	19.05
0.548204	0.234012	0.026465	0.010174	1.0000	3/8"
0.614367	0.234012	0.026465	0.008721	1.0000	9.53
0.682420	0.234012	0.024575	0.008721	1.0000	1.65
0.748582	0.234012	0.024575	0.008721	1.0000	1.00
0.812854	0.234012	0.032136	0.008721	1.0000	19.05
0.882798	0.234012	0.024575	0.010174	1.0000	42.9
0.315690	0.219477	0.066163	0.008721	1.0000	SM12X8R19
0.413989	0.218023	0.026465	0.011628	1.0000	З/4"
0.476371	0.218023	0.034026	0.011628	1.0000	19.05
0.550095	0.219477	0.022684	0.010174	1.0000	1/2"
0.610586	0.218023	0.034026	0.011628	1.0000	12.70
0.682420	0.220930	0.024575	0.007267	1.0000	1.65
0.748582	0.219477	0.026465	0.010174	1.0000	1.24
0.810964	0.218023	0.034026	0.011628	1.0000	19.05
0.880907	0.218023	0.026465	0.011628	1.0000	42.9
0.315690	0.204942	0.066163	0.008721	1.0000	SM16X4R19
0.421550	0.204942	0.013233	0.010174	1.0000	1"
0.476371	0.203488	0.034026	0.011628	1.0000	25.40
0.548204	0.206395	0.024575	0.008721	1.0000	1/4"
0.614367	0.203488	0.026465	0.011628	1.0000	6.35
0.680529	0.204942	0.026465	0.010174	1.0000	1.65
0.746692	0.203488	0.026465	0.011628	1.0000	1.00
0.810964	0.203488	0.034026	0.011628	1.0000	19.05
0.880907	0.203488	0.026465	0.011628	1.0000	42.9
0.313734	0.188722	0.068185	0.012092	1.0000	SM16X6R19
0.421550	0.191860	0.013233	0.010174	1.0000	1"
0.476371	0.190407	0.034026	0.010174	1.0000	25.40
0.548204	0.191860	0.026465	0.008721	1.0000	3/8"
0.612476	0.190407	0.028355	0.010174	1.0000	9.53
0.682420	0.191860	0.024575	0.008721	1.0000	1.65
0.746692	0.190407	0.026465	0.010174	1.0000	1.00
0.809074	0.190407	0.035917	0.010174	1.0000	19.05
0.882798	0.191860	0.024575	0.008721	1.0000	42.9
0.313800	0.175872	0.068053	0.010174	1.0000	SM16X8R19
0.421550	0.177326	0.013233	0.008721	1.0000	1"
0.478261	0.177326	0.032136	0.008721	1.0000	25.40
0.548204	0.177326	0.026465	0.008721	1.0000	1/2"
0.610586	0.175872	0.034026	0.010174	1.0000	12.70
0.682420	0.177326	0.024575	0.008721	1.0000	1.65
0.746692	0.175872	0.028355	0.010174	1.0000	1.24
0.810964	0.175872	0.034026	0.010174	1.0000	19.05
0.880907	0.175872	0.026465	0.010174	1.0000	42.9
0.310019	0.161337	0.075614	0.010174	1.0000	SM16X12R19
0.419660	0.161337	0.015123	0.011628	1.0000	1"
0.476371	0.161337	0.034026	0.011628	1.0000	25.40
0.548204	0.162791	0.024575	0.010174	1.0000	3/4"
0.608696	0.161337	0.035917	0.011628	1.0000	19.05
0.682420	0.162791	0.024575	0.008721	1.0000	1.65
0.748582	0.162791	0.026465	0.010174	1.0000	1.65
0.809074	0.161337	0.035917	0.011628	1.0000	19.05
0.882798	0.162791	0.024575	0.008721	1.0000	42.9
0.315690	0.146802	0.062382	0.010174	1.0000	SM6X4R10
0.413989	0.146802	0.026465	0.011628	1.0000	3/8"
0.480151	0.146802	0.028355	0.011628	1.0000	9.53
0.546314	0.146802	0.028355	0.011628	1.0000	1/4"
0.612476	0.146802	0.028355	0.010174	1.0000	6.35
0.682420	0.148256	0.024575	0.008721	1.0000	1.00
0.746692	0.146802	0.028355	0.011628	1.0000	1.00
0.809074	0.146802	0.035917	0.011628	1.0000	10.00
0.879017	0.146802	0.028355	0.011628	1.0000	20.0
0.317506	0.132002	0.060640	0.010705	1.0000	SM8X4R10
0.413989	0.132267	0.024575	0.011628	1.0000	1/2"
0.478261	0.133721	0.032136	0.010174	1.0000	12.70
0.550095	0.135174	0.022684	0.008721	1.0000	1/4"
0.614367	0.133721	0.026465	0.010174	1.0000	6.35
0.682420	0.133721	0.026465	0.010174	1.0000	1.24
0.746692	0.133721	0.028355	0.010174	1.0000	1.00
0.809074	0.133721	0.035917	0.010174	1.0000	10.00
0.880907	0.132267	0.026465	0.011628	1.0000	20.0
0.319407	0.118929	0.058728	0.009235	1.0000	SM8X6R10
0.413989	0.117733	0.024575	0.011628	1.0000	1/2"
0.476371	0.117733	0.034026	0.011628	1.0000	12.70
0.548204	0.119186	0.022684	0.010174	1.0000	3/8
0.612476	0.117733	0.028355	0.011628	1.0000	9.53
0.680529	0.117733	0.028355	0.011628	1.0000	1.24
0.746692	0.117733	0.028355	0.011628	1.0000	1.00
0.809074	0.119186	0.035917	0.010174	1.0000	10.00
0.879017	0.117733	0.028355	0.011628	1.0000	20.0
0.315659	0.104533	0.066224	0.010411	1.0000	SM16X4R10
0.413989	0.103198	0.026465	0.011628	1.0000	З/4"
0.478261	0.106105	0.032136	0.008721	1.0000	19.05
0.550095	0.106105	0.022684	0.008721	1.0000	1/4"
0.614367	0.104651	0.026465	0.010174	1.0000	6.35
0.682420	0.106105	0.024575	0.008721	1.0000	1.65
0.748582	0.106105	0.026465	0.008721	1.0000	1.00
0.810964	0.104651	0.034026	0.010174	1.0000	10.00
0.882798	0.106105	0.024575	0.008721	1.0000	20.0
0.315690	0.091570	0.066163	0.008721	1.0000	SM16X6R10
0.413989	0.088663	0.026465	0.011628	1.0000	З/4"
0.478261	0.091570	0.032136	0.008721	1.0000	19.05
0.548204	0.091570	0.026465	0.008721	1.0000	3/8"
0.612476	0.090116	0.028355	0.010174	1.0000	9.53
0.682420	0.091570	0.024575	0.008721	1.0000	1.65
0.748582	0.091570	0.026465	0.008721	1.0000	1.00
0.810964	0.091570	0.034026	0.008721	1.0000	10.00
0.882798	0.091570	0.024575	0.008721	1.0000	20.0
0.315690	0.077035	0.066163	0.008721	1.0000	SM16X8R10
0.413989	0.075581	0.026465	0.011628	1.0000	З/4"
0.478261	0.077035	0.032136	0.010174	1.0000	19.05
0.548204	0.075581	0.026465	0.011628	1.0000	1/2"
0.612476	0.077035	0.032136	0.008721	1.0000	12.70
0.680529	0.077035	0.028355	0.010174	1.0000	1.65
0.746692	0.075581	0.028355	0.011628	1.0000	1.24
0.810964	0.075581	0.034026	0.011628	1.0000	10.00
0.882798	0.077035	0.024575	0.010174	1.0000	20.0
0.068053	0.053779	0.034026	0.008721	1.0000	NOTE:
0.071774	0.040770	0.429224	0.011910	1.0000	Dimensions and Drawings are for reference only and are subject to change without prior notice.
0.041588	0.027616	0.020794	0.011628	1.0000	10
0.060408	0.031136	0.283717	0.012086	1.0000	Unless otherwise specified, all dimensions are in millimeters.
0.697543	0.021802	0.215501	0.018895	1.0000	SUPERLOKUSA
#FILE	tmp/pdfs/fitting_dimension_audit/superlok_uhp_ocr/ocr-09.png
0.780555	0.946078	0.172378	0.015144	1.0000	Weld & Metal Seal Fittings
0.069880	0.890835	0.077631	0.019203	1.0000	Glands
0.300538	0.837085	0.094576	0.013330	1.0000	Female Gland
0.404371	0.814387	0.058982	0.010190	1.0000	Head Size
0.512252	0.816715	0.070014	0.010466	1.0000	Tube OD (D)
0.875236	0.812500	0.028355	0.011628	1.0000	ANS
0.321361	0.805077	0.054820	0.013237	1.0000	Part No.
0.731569	0.806686	0.011342	0.011628	1.0000	B
0.419660	0.800872	0.026465	0.010174	1.0000	(in)
0.483932	0.797824	0.049149	0.011786	1.0000	Size (in)
0.570888	0.799419	0.028355	0.010174	1.0000	Size
0.877127	0.800872	0.024575	0.011628	1.0000	(in)
0.321111	0.779788	0.055320	0.013099	1.0000	SM2FG19
0.419660	0.780523	0.026465	0.011628	1.0000	1/8"
0.495274	0.780523	0.024575	0.011628	1.0000	1/8"
0.570888	0.780523	0.028355	0.011628	1.0000	3.18
0.646503	0.780523	0.028355	0.011628	1.0000	0.70
0.720227	0.780523	0.034026	0.011628	1.0000	19.05
0.795841	0.780523	0.035917	0.011628	1.0000	27.40
0.877127	0.780523	0.026465	0.011628	1.0000	1/8"
0.324537	0.764176	0.048432	0.012926	1.0000	SM4FG6
0.419660	0.765988	0.026465	0.010174	1.0000	1/4"
0.495274	0.765988	0.026465	0.010174	1.0000	1/4"
0.570888	0.764535	0.028355	0.011628	1.0000	6.35
0.648393	0.765988	0.026465	0.010174	1.0000	1.00
0.724008	0.764535	0.028355	0.011628	1.0000	6.35
0.797732	0.765988	0.034026	0.010174	1.0000	15.24
0.877127	0.765988	0.026465	0.011628	1.0000	1/4"
0.323174	0.749757	0.053085	0.010661	1.0000	SM4FG10
0.419660	0.748547	0.026465	0.011628	1.0000	1/4"
0.497164	0.750000	0.024575	0.010174	1.0000	1/4"
0.570888	0.748547	0.028355	0.011628	1.0000	6.35
0.648393	0.748547	0.026465	0.011628	1.0000	1.00
0.720227	0.748547	0.034026	0.011628	1.0000	10.00
0.795841	0.748547	0.034026	0.011628	1.0000	18.89
0.879017	0.750000	0.024575	0.010174	1.0000	1/4"
0.321361	0.732558	0.054820	0.011628	1.0000	SM4FG19
0.419660	0.732558	0.026465	0.011628	1.0000	1/4"
0.495274	0.732558	0.026465	0.011628	1.0000	1/4"
0.570888	0.732558	0.028355	0.011628	1.0000	6.35
0.648393	0.732558	0.026465	0.011628	1.0000	1.00
0.720227	0.732558	0.034026	0.011628	1.0000	19.05
0.795841	0.732558	0.035917	0.011628	1.0000	27.94
0.877127	0.734012	0.026465	0.010174	1.0000	1/4"
0.325142	0.718023	0.047259	0.008721	1.0000	SM6FG6
0.419660	0.716570	0.024575	0.011628	1.0000	1/2"
0.495274	0.716570	0.024575	0.010174	1.0000	3/8
0.570888	0.716570	0.028355	0.011628	1.0000	9.53
0.648393	0.716570	0.026465	0.010174	1.0000	1.00
0.724008	0.716570	0.028355	0.011628	1.0000	6.35
0.795841	0.716570	0.035917	0.011628	1.0000	15.75
0.879017	0.718023	0.024575	0.010174	1.0000	1/2"
0.321361	0.702035	0.054820	0.008721	1.0000	SM6FG10
0.419660	0.700581	0.026465	0.011628	1.0000	1/2"
0.495274	0.700581	0.026465	0.011628	1.0000	3/8"
0.570888	0.700581	0.028355	0.011628	1.0000	9.53
0.648393	0.700581	0.026465	0.011628	1.0000	1.00
0.720227	0.700581	0.034026	0.011628	1.0000	10.00
0.797732	0.702035	0.034026	0.010174	1.0000	19.40
0.879017	0.702035	0.024575	0.010174	1.0000	1/2"
0.319457	0.684547	0.056739	0.010266	1.0000	SM6FG19
0.419660	0.684593	0.026465	0.011628	1.0000	1/2"
0.495274	0.684593	0.026465	0.011628	1.0000	3/8"
0.570888	0.684593	0.028355	0.010174	1.0000	9.53
0.648393	0.684593	0.026465	0.010174	1.0000	1.00
0.720227	0.684593	0.034026	0.010174	1.0000	19.05
0.795841	0.684593	0.035917	0.010174	1.0000	28.45
0.877127	0.684593	0.026465	0.011628	1.0000	1/2"
0.325055	0.669772	0.047433	0.009293	1.0000	SM8FG6
0.419660	0.668605	0.024575	0.011628	1.0000	1/2"
0.497164	0.670058	0.024575	0.010174	1.0000	1/2"
0.567108	0.668605	0.035917	0.011628	1.0000	12.70
0.650284	0.670058	0.024575	0.010174	1.0000	1.24
0.722117	0.668605	0.030246	0.011628	1.0000	6.35
0.797732	0.670058	0.034026	0.008721	1.0000	15.75
0.879017	0.670058	0.024575	0.010174	1.0000	1/2"
0.321345	0.652566	0.054852	0.010276	1.0000	SM8FG10
0.419660	0.652616	0.024575	0.011628	1.0000	1/2"
0.495274	0.652616	0.026465	0.011628	1.0000	1/2"
0.567108	0.652616	0.035917	0.010174	1.0000	12.70
0.648393	0.654070	0.026465	0.008721	1.0000	1.24
0.720227	0.652616	0.034026	0.010174	1.0000	10.00
0.795841	0.652616	0.035917	0.010174	1.0000	19.40
0.877127	0.652616	0.026465	0.011628	1.0000	1/2"
0.323204	0.637909	0.053025	0.009066	1.0000	SM8FG19
0.419660	0.636628	0.024575	0.011628	1.0000	1/2"
0.495274	0.636628	0.026465	0.011628	1.0000	1/2"
0.568998	0.638081	0.032136	0.008721	1.0000	12.70
0.648393	0.638081	0.026465	0.008721	1.0000	1.24
0.720227	0.636628	0.034026	0.010174	1.0000	19.05
0.795826	0.636597	0.034057	0.010235	1.0000	28.45
0.879017	0.638081	0.024575	0.010174	1.0000	1/2"
0.319358	0.621622	0.058827	0.009662	1.0000	SM12FG19
0.419660	0.620640	0.024575	0.011628	1.0000	З/4"
0.495274	0.620640	0.026465	0.011628	1.0000	З/4"
0.567108	0.620640	0.034026	0.010174	1.0000	19.05
0.646503	0.620640	0.028355	0.010174	1.0000	1.65
0.720227	0.620640	0.034026	0.010174	1.0000	19.05
0.797732	0.620640	0.034026	0.011628	1.0000	34.50
0.877127	0.620640	0.026465	0.011628	1.0000	З/4"
0.319471	0.606105	0.058601	0.008721	1.0000	SM16FG19
0.500945	0.604651	0.015123	0.011628	1.0000	1"
0.568998	0.606105	0.034026	0.008721	1.0000	25.40
0.648393	0.604651	0.026465	0.010174	1.0000	1.65
0.720227	0.604651	0.034026	0.010174	1.0000	19.05
0.797604	0.605821	0.032390	0.009288	1.0000	38.60
0.884688	0.606105	0.013233	0.010174	1.0000	1"
0.315677	0.588617	0.062407	0.010267	1.0000	SM8X4FG6
0.419660	0.588663	0.026465	0.011628	1.0000	1/2"
0.495274	0.588663	0.026465	0.011628	1.0000	1/4"
0.570888	0.588663	0.028355	0.011628	1.0000	6.35
0.646503	0.588663	0.028355	0.010174	1.0000	1.00
0.724008	0.588663	0.026465	0.011628	1.0000	6.35
0.795841	0.588663	0.034026	0.011628	1.0000	15.75
0.877127	0.588663	0.026465	0.011628	1.0000	1/2"
0.315690	0.574128	0.066163	0.008721	1.0000	SM8X4FG10
0.419660	0.572674	0.026465	0.011628	1.0000	1/2"
0.495274	0.572674	0.026465	0.010174	1.0000	1/4"
0.570888	0.571221	0.028355	0.013081	1.0000	6.35
0.648393	0.572674	0.026465	0.010174	1.0000	1.00
0.720227	0.572674	0.034026	0.010174	1.0000	10.00
0.797732	0.574128	0.032136	0.008721	1.0000	19.40
0.879017	0.574128	0.024575	0.008721	1.0000	1/2"
0.315690	0.558140	0.066163	0.008721	1.0000	SM8X4FG19
0.419660	0.556686	0.026465	0.011628	1.0000	1/2"
0.495274	0.556686	0.026465	0.011628	1.0000	1/4"
0.570888	0.556686	0.028355	0.011628	1.0000	6.35
0.646503	0.556686	0.028355	0.011628	1.0000	1.00
0.720227	0.556686	0.034026	0.011628	1.0000	19.05
0.795841	0.556686	0.034026	0.011628	1.0000	28.45
0.879017	0.558140	0.024575	0.010174	1.0000	1/2"
0.300567	0.540698	0.115312	0.008721	1.0000	ANS : Available Nut Size
0.300515	0.511441	0.079499	0.013456	1.0000	Male Gland
0.402554	0.488083	0.060676	0.012207	1.0000	Head Size
0.512274	0.491227	0.069969	0.010279	1.0000	Tube OD (D)
0.875236	0.488372	0.028355	0.011628	1.0000	ANS
0.322954	0.482378	0.052038	0.011203	1.0000	Part No.
0.655955	0.484012	0.011342	0.010174	1.0000	T
0.419660	0.475291	0.024575	0.011628	1.0000	(in)
0.483932	0.473708	0.049149	0.011786	1.0000	Size (in)
0.572779	0.475291	0.026465	0.010174	1.0000	Size
0.877127	0.475291	0.024575	0.011628	1.0000	(in)
0.321331	0.457738	0.054880	0.008943	1.0000	SM2MG19
0.419660	0.456395	0.026465	0.011628	1.0000	1/8"
0.495274	0.456395	0.026465	0.010174	1.0000	1/8"
0.570888	0.454942	0.028355	0.013081	1.0000	3.18
0.646503	0.456395	0.028355	0.010174	1.0000	0.70
0.720227	0.456395	0.034026	0.011628	1.0000	19.05
0.795820	0.456353	0.034069	0.010259	1.0000	36.00
0.879017	0.457849	0.024575	0.008721	1.0000	1/8"
0.323223	0.440322	0.051097	0.010344	1.0000	SM4MG6
0.419660	0.440407	0.024575	0.011628	1.0000	1/4"
0.495274	0.440407	0.026465	0.010174	1.0000	1/4"
0.570888	0.440407	0.028355	0.010174	1.0000	6.35
0.646503	0.440407	0.028355	0.011628	1.0000	1.00
0.724008	0.440407	0.026465	0.010174	1.0000	6.35
0.795841	0.440407	0.034026	0.010174	1.0000	30.48
0.879017	0.441860	0.022684	0.008721	1.0000	1/4'
0.321331	0.425759	0.054881	0.008947	1.0000	SM4MG10
0.419660	0.424419	0.026465	0.011628	1.0000	1/4"
0.495274	0.424419	0.026465	0.011628	1.0000	1/4"
0.570888	0.424419	0.028355	0.011628	1.0000	6.35
0.648393	0.425872	0.026465	0.008721	1.0000	1.00
0.722117	0.425872	0.032136	0.008721	1.0000	10.00
0.797732	0.425872	0.032136	0.008721	1.0000	34.13
0.877127	0.424419	0.026465	0.011628	1.0000	1/4"
0.319436	0.406878	0.056779	0.011826	1.0000	SM4MG19
0.419660	0.406977	0.026465	0.013081	1.0000	1/4"
0.495274	0.408430	0.026465	0.011628	1.0000	1/4"
0.570888	0.408430	0.028355	0.011628	1.0000	6.35
0.646503	0.408430	0.028355	0.010174	1.0000	1.00
0.720227	0.406977	0.034026	0.011628	1.0000	19.05
0.795794	0.408337	0.034120	0.010360	1.0000	43.18
0.877127	0.408430	0.026465	0.011628	1.0000	1/4"
0.323201	0.393717	0.051141	0.009078	1.0000	SM6MG6
0.419660	0.392442	0.026465	0.011628	1.0000	1/2"
0.495274	0.392442	0.026465	0.010174	1.0000	3/8"
0.570888	0.392442	0.028355	0.011628	1.0000	9.53
0.646503	0.392442	0.028355	0.010174	1.0000	1.00
0.725898	0.393895	0.024575	0.008721	1.0000	6.35
0.797604	0.393612	0.032390	0.009288	1.0000	32.77
0.879017	0.393895	0.024575	0.008721	1.0000	1/2"
0.317490	0.374727	0.058781	0.012173	1.0000	SM6MG10
0.419660	0.375000	0.026465	0.013081	1.0000	1/2"
0.495274	0.376453	0.026465	0.011628	1.0000	3/8"
0.570888	0.376453	0.028355	0.010174	1.0000	9.53
0.646503	0.376453	0.028355	0.010174	1.0000	1.00
0.720227	0.375000	0.034026	0.011628	1.0000	10.00
0.795841	0.375000	0.034026	0.011628	1.0000	36.42
0.877127	0.376453	0.026465	0.010174	1.0000	1/2"
0.319414	0.358846	0.056825	0.011959	1.0000	SM6MG19
0.419660	0.360465	0.026465	0.010174	1.0000	1/2"
0.495274	0.360465	0.026465	0.010174	1.0000	3/8"
0.570888	0.359012	0.028355	0.011628	1.0000	9.53
0.648393	0.360465	0.026465	0.010174	1.0000	1.00
0.720227	0.359012	0.034026	0.011628	1.0000	19.05
0.795841	0.360465	0.034026	0.010174	1.0000	45.47
0.879017	0.361919	0.024575	0.010174	1.0000	1/2"
0.323220	0.342943	0.051102	0.011789	1.0000	SM8MG6
0.419660	0.343023	0.026465	0.011628	1.0000	1/2"
0.495274	0.343023	0.026465	0.011628	1.0000	1/2"
0.567108	0.343023	0.035917	0.011628	1.0000	12.70
0.646503	0.343023	0.028355	0.011628	1.0000	1.24
0.722117	0.343023	0.028355	0.011628	1.0000	6.35
0.795841	0.343023	0.034026	0.011628	1.0000	32.77
0.879017	0.344477	0.024575	0.010174	1.0000	1/2"
0.319437	0.326936	0.056779	0.011825	1.0000	SM8MG10
0.419660	0.327035	0.024575	0.011628	1.0000	1/2"
0.495274	0.327035	0.026465	0.011628	1.0000	1/2"
0.567108	0.327035	0.035917	0.011628	1.0000	12.70
0.646503	0.327035	0.028355	0.011628	1.0000	1.24
0.720227	0.327035	0.034026	0.011628	1.0000	10.00
0.795841	0.327035	0.034026	0.011628	1.0000	36.42
0.879017	0.329942	0.024575	0.008721	1.0000	1/2"
0.319360	0.312123	0.056933	0.010929	1.0000	SM8MG19
0.419660	0.311047	0.024575	0.011628	1.0000	1/2"
0.495274	0.312500	0.026465	0.010174	1.0000	1/2"
0.567108	0.311047	0.035917	0.011628	1.0000	12.70
0.646503	0.311047	0.028355	0.011628	1.0000	1.24
0.718336	0.311047	0.035917	0.011628	1.0000	19.05
0.795841	0.311047	0.035917	0.011628	1.0000	45.47
0.877127	0.312500	0.026465	0.011628	1.0000	1/2"
0.315580	0.296087	0.064492	0.011023	1.0000	SM12MG19
0.419660	0.295058	0.026465	0.011628	1.0000	З/4"
0.495274	0.295058	0.026465	0.011628	1.0000	З/4"
0.567108	0.295058	0.035917	0.011628	1.0000	19.05
0.646503	0.295058	0.028355	0.011628	1.0000	1.65
0.720227	0.295058	0.034026	0.011628	1.0000	19.05
0.795773	0.294932	0.036054	0.011879	1.0000	51.56
0.879017	0.297965	0.024575	0.010174	1.0000	3/4"
0.315469	0.280625	0.064738	0.010907	1.0000	SM16MG19
0.500945	0.280523	0.017013	0.010174	1.0000	1"
0.567108	0.279070	0.035917	0.011628	1.0000	25.40
0.646503	0.279070	0.028355	0.011628	1.0000	1.65
0.718336	0.279070	0.035917	0.011628	1.0000	19.05
0.795841	0.279070	0.035917	0.011628	1.0000	58.93
0.882798	0.281977	0.015123	0.010174	1.0000	1"
0.315690	0.264535	0.064272	0.008721	1.0000	SM8X4MG6
0.419660	0.263081	0.026465	0.011628	1.0000	1/2"
0.497164	0.263081	0.024575	0.011628	1.0000	1/4"
0.570888	0.263081	0.028355	0.011628	1.0000	6.35
0.646503	0.263081	0.028355	0.011628	1.0000	1.00
0.722117	0.263081	0.028355	0.011628	1.0000	6.35
0.795813	0.263030	0.035973	0.011731	1.0000	32.77
0.879017	0.264535	0.024575	0.011628	1.0000	1/2"
0.313800	0.248547	0.069943	0.008721	1.0000	SM8X4MG10
0.419660	0.247093	0.024575	0.011628	1.0000	1/2"
0.497164	0.248547	0.024575	0.010174	1.0000	1/4"
0.570888	0.247093	0.028355	0.011628	1.0000	6.35
0.646503	0.247093	0.028355	0.011628	1.0000	1.00
0.718336	0.247093	0.035917	0.011628	1.0000	10.00
0.795841	0.247093	0.035917	0.011628	1.0000	36.42
0.879017	0.250000	0.024575	0.008721	1.0000	1/2"
0.313800	0.232558	0.069943	0.008721	1.0000	SM8X4MG19
0.419660	0.231105	0.026465	0.011628	1.0000	1/2"
0.497164	0.232558	0.024575	0.010174	1.0000	1/4"
0.570888	0.231105	0.028355	0.011628	1.0000	6.35
0.646503	0.231105	0.028355	0.011628	1.0000	1.00
0.720227	0.231105	0.034026	0.011628	1.0000	19.05
0.795841	0.231105	0.035917	0.011628	1.0000	45.47
0.879017	0.234012	0.024575	0.010174	1.0000	1/2"
0.300567	0.215116	0.115312	0.008818	1.0000	ANS : Available Nut Size
0.302457	0.187500	0.168242	0.011628	1.0000	Socket Weld Short Gland
0.408318	0.162738	0.060491	0.011786	1.0000	Head Size
0.491477	0.162732	0.071866	0.011746	1.0000	Sokcet Size
0.322954	0.157162	0.051782	0.010855	1.0000	Part No.
0.875236	0.156977	0.017013	0.011628	1.0000	Tx
0.425331	0.149709	0.024575	0.013081	1.0000	(in)
0.514178	0.151163	0.026465	0.011628	1.0000	(in)
0.323203	0.130673	0.049247	0.010456	1.0000	SM4SSG
0.427221	0.132267	0.028355	0.008721	1.0000	1/4"
0.514178	0.130814	0.026465	0.010174	1.0000	1/4"
0.604915	0.130814	0.020794	0.010174	1.0000	7.1
0.693762	0.130814	0.022684	0.011628	1.0000	4.6
0.778828	0.129360	0.030246	0.013081	1.0000	12.7
0.873346	0.132267	0.018904	0.008721	1.0000	8.9
0.068039	0.053741	0.034054	0.007344	1.0000	NOTE:
0.071834	0.042151	0.429112	0.008721	1.0000	Dimensions and Drawings are for reference only and are subject to change without prior notice.
0.069943	0.031977	0.274102	0.008821	1.0000	• Unless otherwise specified, all dimensions are in millimeters.
0.939509	0.027616	0.018904	0.011628	1.0000	11
#FILE	tmp/pdfs/fitting_dimension_audit/superlok_uhp_ocr/ocr-10.png
0.043478	0.946056	0.173913	0.014700	1.0000	Weld & Metal Seal Fittings
0.298677	0.877907	0.164461	0.014659	1.0000	Socket Weld Long Gland
0.408318	0.856105	0.060491	0.011628	1.0000	Head Size
0.491393	0.855728	0.072035	0.012382	1.0000	Sokcet Size
0.320685	0.846930	0.056350	0.016583	1.0000	Part No.
0.610586	0.848837	0.013233	0.013081	1.0000	D
0.790170	0.850291	0.011342	0.011628	1.0000	L
0.875236	0.850291	0.017013	0.010174	0.5000	Tx
0.421550	0.843023	0.034026	0.011628	1.0000	(in)
0.516068	0.843023	0.024575	0.011628	1.0000	(in)
0.323251	0.822674	0.049149	0.013081	1.0000	SM2SLG
0.425331	0.822674	0.030246	0.011628	1.0000	1/8"
0.514178	0.822674	0.026465	0.011628	1.0000	1/8"
0.604915	0.822674	0.022684	0.011628	1.0000	2.5
0.689981	0.822674	0.030246	0.011628	1.0000	2.30
0.780718	0.822674	0.028355	0.011628	1.0000	17.8
0.873346	0.822674	0.018904	0.011628	1.0000	5.1
0.321361	0.803779	0.051040	0.013081	1.0000	SM4SLG
0.427221	0.806686	0.028355	0.010174	1.0000	1/4"
0.516068	0.806686	0.024575	0.010174	1.0000	1/4"
0.604915	0.805233	0.022684	0.011628	1.0000	7.1
0.689981	0.805233	0.030246	0.010174	1.0000	4.60
0.780718	0.805233	0.028355	0.011628	1.0000	33.3
0.871456	0.805233	0.020794	0.011628	0.5000	8.9
0.321272	0.786131	0.051217	0.013495	1.0000	SM6SLG
0.421550	0.789244	0.034026	0.008721	1.0000	1/2"
0.516068	0.789244	0.024575	0.010174	1.0000	1/2"
0.606805	0.787791	0.020794	0.011628	1.0000	7.9
0.689981	0.787791	0.030246	0.011628	1.0000	7.10
0.780718	0.787791	0.026465	0.010174	1.0000	38.1
0.871456	0.789244	0.024575	0.010174	1.0000	15.2
0.321330	0.768815	0.051101	0.011788	1.0000	SM8SLG
0.421550	0.770349	0.034026	0.010174	1.0000	1/2"
0.514178	0.768895	0.026465	0.011628	1.0000	1/2"
0.604915	0.768895	0.022684	0.011628	1.0000	9.6
0.688091	0.768895	0.035917	0.011628	1.0000	10.22
0.780718	0.768895	0.026465	0.011628	1.0000	38.1
0.871456	0.771802	0.024575	0.008721	1.0000	15.2
0.321361	0.750000	0.054820	0.013081	1.0000	SM12SLG
0.423440	0.751453	0.032136	0.011628	1.0000	3/4"
0.514178	0.751453	0.026465	0.011628	1.0000	З/4"
0.603025	0.751453	0.028355	0.011628	1.0000	11.2
0.688091	0.751453	0.035917	0.011628	1.0000	15.75
0.780718	0.751453	0.028355	0.011628	1.0000	50.8
0.871456	0.752907	0.024575	0.010174	1.0000	22.4
0.321361	0.732558	0.054820	0.013081	1.0000	SM16SLG
0.431002	0.732558	0.018904	0.013081	1.0000	1"
0.519849	0.734012	0.017013	0.011628	1.0000	1"
0.603025	0.732558	0.028355	0.013081	1.0000	15.7
0.688091	0.734012	0.035917	0.011628	1.0000	22.10
0.780718	0.734012	0.028355	0.011628	1.0000	56.4
0.869565	0.734012	0.026465	0.011628	1.0000	30.2
0.300567	0.623547	0.226843	0.016073	1.0000	Reducing Socket Weld Long Gland
0.408318	0.601541	0.060491	0.011831	1.0000	Head Size
0.491308	0.601026	0.072205	0.013063	1.0000	Sokcet Size
0.322971	0.596506	0.051779	0.011617	1.0000	Part No.
0.610586	0.595930	0.013233	0.013081	1.0000	D
0.790170	0.597384	0.009452	0.011628	1.0000	L
0.875236	0.595930	0.018904	0.011628	1.0000	Tx
0.419660	0.588663	0.032136	0.013081	1.0000	(in)
0.514178	0.588663	0.026465	0.011628	1.0000	(in)
0.315690	0.571221	0.066163	0.008721	1.0000	SM4X2RSLG
0.425331	0.569767	0.030246	0.011628	1.0000	1/4"
0.516068	0.568314	0.024575	0.014535	1.0000	1/8"
0.606805	0.568314	0.020794	0.013081	1.0000	2.5
0.691871	0.568314	0.028355	0.013081	1.0000	2.30
0.780718	0.568314	0.028355	0.013081	1.0000	33.3
0.873346	0.568314	0.020794	0.013081	1.0000	8.9
0.313800	0.552326	0.068053	0.010174	1.0000	SM8X4RSLG
0.419660	0.550872	0.035917	0.013081	1.0000	1/2"
0.514178	0.550872	0.026465	0.013081	1.0000	1/4"
0.606805	0.550872	0.020794	0.013081	1.0000	7.1
0.691871	0.550872	0.028355	0.013081	1.0000	4.60
0.780718	0.550872	0.028355	0.013081	1.0000	38.1
0.869565	0.550872	0.028355	0.013081	1.0000	15.2
0.300520	0.440236	0.079489	0.013423	1.0000	Blind Gland
0.417676	0.415438	0.060679	0.013600	1.0000	Head Size
0.739130	0.415684	0.060491	0.013146	1.0000	Head Size
0.322958	0.410480	0.051825	0.011719	1.0000	Part No.
0.550095	0.411337	0.011342	0.010174	1.0000	L
0.642722	0.408430	0.051040	0.014535	1.0000	Part No.
0.867675	0.408430	0.015123	0.014535	1.0000	L
0.432892	0.402616	0.028355	0.013081	1.0000	(in)
0.754253	0.404070	0.026465	0.011628	1.0000	(in)
0.327032	0.383721	0.041588	0.010174	1.0000	SM2BG
0.434783	0.382267	0.026465	0.013081	1.0000	1/8"
0.540643	0.383721	0.028355	0.010174	1.0000	17.8
0.644528	0.382087	0.047427	0.013443	1.0000	SM12BG
0.754253	0.383721	0.028355	0.011628	1.0000	З/4"
0.862004	0.382267	0.026465	0.013081	1.0000	50.8
0.328922	0.367733	0.039698	0.008721	1.0000	SM4BG
0.434783	0.366279	0.026465	0.011628	1.0000	1/4"
0.540643	0.366279	0.028355	0.011628	1.0000	33.3
0.642722	0.364826	0.051040	0.013081	1.0000	SM16BG
0.759924	0.366279	0.017013	0.011628	1.0000	1"
0.861902	0.364695	0.028558	0.013342	1.0000	56.4
0.327007	0.348777	0.041638	0.010295	1.0000	SM8BG
0.434783	0.347384	0.026465	0.013081	1.0000	1/2"
0.540643	0.347384	0.026465	0.013081	1.0000	38.1
0.300567	0.236919	0.117202	0.013081	1.0000	Male Weld Gland
0.402647	0.212149	0.060491	0.013146	1.0000	Head Size
0.510397	0.215116	0.071834	0.013081	1.0000	Tube OD (D)
0.875236	0.213663	0.028355	0.011628	1.0000	ANS
0.323007	0.208415	0.051588	0.010032	1.0000	Part No.
0.731569	0.206395	0.011342	0.013081	1.0000	B
0.807183	0.204942	0.013233	0.014535	1.0000	L
0.419660	0.199128	0.026465	0.013081	1.0000	(in)
0.483875	0.197525	0.051154	0.011927	1.0000	Size (in)
0.567108	0.197674	0.032136	0.013081	1.0000	Size
0.877127	0.200581	0.026465	0.011628	1.0000	(in)
0.319442	0.180141	0.054878	0.010357	1.0000	SM2MWG
0.417769	0.178779	0.028355	0.013081	1.0000	1/8"
0.495274	0.180233	0.026465	0.011628	1.0000	1/8"
0.570888	0.178779	0.028355	0.013081	1.0000	3.18
0.650284	0.180233	0.020794	0.010174	1.0000	1.5
0.725898	0.180233	0.020794	0.011628	1.0000	7.1
0.799622	0.178779	0.028355	0.013081	1.0000	17.8
0.879017	0.181686	0.024575	0.010174	1.0000	1/8"
0.321341	0.164174	0.052969	0.008862	1.0000	SM4MWG
0.419660	0.162791	0.026465	0.011628	1.0000	1/4"
0.495274	0.162791	0.026465	0.011628	1.0000	1/4"
0.570888	0.161337	0.028355	0.013081	1.0000	6.35
0.652174	0.164244	0.018904	0.008721	1.0000	3.0
0.724008	0.162791	0.028355	0.010174	1.0000	10.4
0.799622	0.162791	0.028355	0.010174	1.0000	33.3
0.877127	0.162791	0.026465	0.011628	1.0000	1/4"
0.321332	0.145259	0.052988	0.010353	1.0000	SM6MWG
0.417769	0.143895	0.028355	0.013081	1.0000	1/2"
0.495274	0.143895	0.028355	0.013081	1.0000	3/8"
0.568998	0.143895	0.030246	0.011628	1.0000	9.53
0.650284	0.143895	0.020794	0.011628	1.0000	7.1
0.724008	0.143895	0.028355	0.011628	1.0000	10.4
0.799622	0.143895	0.028355	0.011628	1.0000	38.1
0.877127	0.143895	0.026465	0.011628	1.0000	3/8"
0.321336	0.129271	0.052980	0.008899	1.0000	SM8MWG
0.417769	0.126453	0.028355	0.013081	1.0000	1/2"
0.495274	0.126453	0.028355	0.013081	1.0000	1/2"
0.566104	0.125906	0.037980	0.014732	1.0000	12.70
0.646503	0.126453	0.028355	0.011628	1.0000	10.2
0.724008	0.126453	0.028355	0.013081	1.0000	12.7
0.799622	0.126453	0.028355	0.011628	1.0000	38.1
0.877127	0.127907	0.026465	0.011628	1.0000	1/2"
0.300567	0.110465	0.113422	0.008755	1.0000	ANS : Available Nut Size
0.068037	0.053735	0.034059	0.007357	1.0000	NOTE:
0.069943	0.042151	0.432892	0.010174	1.0000	•Dimensions and Drawings are for reference only and are subject to change without prior notice.
0.043185	0.028808	0.301012	0.016131	1.0000	12 Unless otherwise specified, all dimensions are in millimeters.
0.697543	0.020349	0.217391	0.020349	1.0000	%SUPERLOKUSA
#FILE	tmp/pdfs/fitting_dimension_audit/superlok_uhp_ocr/ocr-11.png
0.780557	0.946062	0.174252	0.015846	1.0000	Weld & Metal Seal Fittings
0.300276	0.878065	0.095062	0.014842	1.0000	Tube Adapter
0.402647	0.856105	0.060491	0.011628	1.0000	Head Size
0.510397	0.857558	0.071834	0.011628	1.0000	Tube OD (D)
0.875236	0.856105	0.030246	0.011628	1.0000	ANS
0.322650	0.848520	0.052335	0.013551	1.0000	Part No.
0.807183	0.848837	0.013233	0.013081	1.0000	L
0.419660	0.843023	0.026465	0.011628	1.0000	(in)
0.483932	0.839982	0.049149	0.011786	1.0000	Size (in)
0.570103	0.840518	0.029719	0.012149	1.0000	Size
0.877127	0.843023	0.026465	0.011628	1.0000	(in)
0.326971	0.822544	0.041710	0.011888	1.0000	SM4TA
0.419660	0.822674	0.026465	0.011628	1.0000	1/4"
0.495274	0.822674	0.026465	0.011628	1.0000	1/4"
0.570888	0.822674	0.028355	0.011628	1.0000	6.35
0.650284	0.822674	0.022684	0.011628	1.0000	4.3
0.724008	0.822674	0.028355	0.011628	1.0000	16.2
0.799622	0.822674	0.028355	0.011628	1.0000	41.0
0.877127	0.822674	0.026465	0.011628	1.0000	1/4"
0.328911	0.806656	0.039720	0.008781	1.0000	SM6TA
0.419660	0.805233	0.026465	0.011628	1.0000	1/2"
0.495274	0.805233	0.028355	0.011628	1.0000	3/8"
0.570888	0.803779	0.028355	0.013081	1.0000	9.53
0.654064	0.806686	0.018904	0.008721	1.0000	6.8
0.725898	0.806686	0.026465	0.010174	1.0000	17.8
0.801512	0.806686	0.026465	0.010174	1.0000	46.0
0.879017	0.806686	0.024575	0.010174	1.0000	3/8"
0.327032	0.787791	0.041588	0.010174	1.0000	SM8TA
0.419660	0.786337	0.026465	0.011628	1.0000	1/2"
0.497164	0.786337	0.024575	0.013081	1.0000	1/2"
0.568998	0.786337	0.034026	0.011628	1.0000	12.70
0.650284	0.786337	0.022684	0.011628	1.0000	9.4
0.724008	0.787791	0.028355	0.010174	1.0000	24.4
0.799622	0.786337	0.028355	0.011628	1.0000	49.3
0.877127	0.786337	0.026465	0.013081	1.0000	1/2"
0.300567	0.770172	0.115312	0.009066	1.0000	ANS : Available Nut Size
0.300363	0.678668	0.132755	0.014377	1.0000	Double Male Union
0.417752	0.655471	0.060526	0.011733	1.0000	Head Size
0.321361	0.648232	0.052930	0.011786	1.0000	Part No.
0.865784	0.648256	0.017013	0.011628	1.0000	M
0.434783	0.642442	0.026465	0.011628	1.0000	(in)
0.325057	0.621896	0.045538	0.012022	1.0000	SM2MU
0.434783	0.622093	0.026465	0.011628	1.0000	1/8"
0.540643	0.622093	0.028355	0.011628	1.0000	2.30
0.644612	0.622093	0.034026	0.011628	1.0000	28.70
0.754253	0.622093	0.028355	0.011628	1.0000	9.52
0.841153	0.621894	0.068167	0.012026	1.0000	5/16-24UNF
0.328922	0.606105	0.041588	0.008721	1.0000	SM4MU
0.434783	0.604651	0.026465	0.011628	1.0000	1/4"
0.542533	0.606105	0.026465	0.008721	1.0000	4.35
0.646503	0.606105	0.032136	0.008721	1.0000	39.37
0.750473	0.604651	0.035917	0.011628	1.0000	15.88
0.843100	0.606105	0.066163	0.010174	1.0000	9/16-18UNF
0.327032	0.587209	0.043478	0.010174	1.0000	SM8MU
0.434783	0.587209	0.026465	0.011628	1.0000	1/2"
0.538752	0.588663	0.034026	0.008721	1.0000	10.22
0.644612	0.587209	0.034026	0.010174	1.0000	46.74
0.752363	0.588663	0.032136	0.008721	1.0000	23.81
0.846810	0.588374	0.058743	0.009299	1.0000	7/8-14UNF
0.325142	0.571221	0.049149	0.008721	1.0000	SM12MU
0.434783	0.569767	0.026465	0.010174	1.0000	3/4"
0.538752	0.571221	0.034026	0.008721	1.0000	15.75
0.644612	0.569767	0.034026	0.010174	1.0000	61.98
0.752363	0.571221	0.034026	0.008721	1.0000	33.34
0.837429	0.571170	0.075614	0.008772	1.0000	1 1/4-18UNEF
0.325142	0.552326	0.049149	0.010174	1.0000	SM16MU
0.442344	0.553779	0.015123	0.008721	1.0000	1"
0.536862	0.552326	0.034026	0.010174	1.0000	22.10
0.644612	0.550872	0.034026	0.011628	1.0000	65.79
0.750473	0.550872	0.034026	0.011628	1.0000	41.28
0.844991	0.552131	0.062382	0.010426	1.0000	1 1/2-20UN
0.300567	0.454942	0.196597	0.013081	1.0000	Double Male Reducing Union
0.396975	0.436047	0.120983	0.010174	1.0000	Head Size Head Size
0.672968	0.436047	0.009452	0.010174	1.0000	F
0.322965	0.427942	0.051810	0.011680	1.0000	Part No.
0.542533	0.428779	0.017013	0.010174	1.0000	E1
0.604915	0.428779	0.018904	0.010174	1.0000	E2
0.799622	0.427326	0.020794	0.011628	1.0000	M1
0.877127	0.428779	0.022684	0.010174	1.0000	M2
0.412098	0.421512	0.026465	0.011628	1.0000	(in)
0.476371	0.420058	0.024575	0.013081	1.0000	(in)
0.659735	0.421512	0.032136	0.011628	1.0000	HEХ.
0.317580	0.402616	0.062382	0.008721	1.0000	SM4X2MRU
0.412098	0.401163	0.026465	0.011628	1.0000	1/4"
0.476371	0.401163	0.026465	0.011628	1.0000	1/8"
0.538752	0.401163	0.026465	0.011628	1.0000	2.30
0.599244	0.401163	0.028355	0.011628	1.0000	4.35
0.659735	0.401163	0.034026	0.011628	1.0000	15.88
0.727788	0.402616	0.024575	0.008721	1.0000	34.8
0.776825	0.402154	0.068278	0.011098	1.0000	9/16-18UNF
0.856333	0.402616	0.068053	0.008721	1.0000	5/16-24UNF
0.315690	0.383721	0.064272	0.011628	1.0000	SM8X4MRU
0.412098	0.383721	0.026465	0.011628	1.0000	1/2"
0.476371	0.383721	0.026465	0.011628	1.0000	1/4"
0.536862	0.383721	0.028355	0.011628	1.0000	4.35
0.597353	0.383721	0.034026	0.011628	1.0000	10.22
0.659735	0.383721	0.032136	0.011628	1.0000	23.81
0.725898	0.383721	0.028355	0.011628	1.0000	43.4
0.778810	0.383663	0.062419	0.011744	1.0000	7/8-14UNF
0.856265	0.384903	0.068188	0.010718	1.0000	9/16-18UNF
0.300567	0.252907	0.109641	0.011826	1.0000	Bulkhead Union
0.404518	0.229588	0.058638	0.010300	1.0000	Head Size
0.727788	0.228198	0.018904	0.011628	1.0000	F1
0.805293	0.228198	0.017013	0.011628	1.0000	F2
0.323132	0.223471	0.051279	0.010906	1.0000	Part No.
0.570888	0.222384	0.020794	0.011628	1.0000	B
0.654064	0.220930	0.015123	0.014535	1.0000	L
0.882798	0.222384	0.015123	0.011628	1.0000	M
0.419660	0.215116	0.026465	0.013081	1.0000	(in)
0.720227	0.215116	0.032136	0.013081	1.0000	HEX.
0.797732	0.216570	0.030246	0.011628	1.0000	HEX.
0.323251	0.196221	0.049149	0.010174	1.0000	SM4BHU
0.419660	0.194767	0.026465	0.013081	1.0000	1/4"
0.495274	0.194767	0.028355	0.013081	1.0000	4.35
0.567108	0.194767	0.035917	0.011628	1.0000	33.00
0.644612	0.194767	0.034026	0.013081	1.0000	56.60
0.720227	0.194767	0.034026	0.013081	1.0000	19.05
0.795841	0.194767	0.035917	0.013081	1.0000	19.05
0.856214	0.194393	0.068291	0.013830	1.0000	9/16-18UNF
0.323251	0.178779	0.049149	0.010174	1.0000	SM8BHU
0.419660	0.177326	0.026465	0.013081	1.0000	1/2"
0.491493	0.178779	0.035917	0.010174	1.0000	10.22
0.567108	0.177326	0.035917	0.013081	1.0000	37.60
0.642722	0.177326	0.035917	0.011628	1.0000	65.25
0.718264	0.177185	0.037953	0.011909	1.0000	26.90
0.795779	0.177212	0.036041	0.011855	1.0000	26.90
0.858197	0.177251	0.062435	0.013231	1.0000	7/8-14UNF
0.319331	0.160859	0.056989	0.011131	1.0000	SM12BHU
0.419660	0.159884	0.026465	0.013081	1.0000	З/4"
0.491493	0.159884	0.035917	0.011628	1.0000	15.75
0.567108	0.159884	0.035917	0.011628	1.0000	43.40
0.642722	0.159884	0.035917	0.011628	1.0000	79.00
0.718336	0.159884	0.035917	0.011628	1.0000	38.10
0.795841	0.159884	0.035917	0.011628	1.0000	38.10
0.848701	0.159621	0.081426	0.013607	1.0000	1 1/4-18UNEF
0.319425	0.142310	0.056802	0.011891	1.0000	SM16BHU
0.419660	0.142442	0.022684	0.011628	1.0000	1"
0.491493	0.142442	0.035917	0.011628	1.0000	22.10
0.567108	0.142442	0.035917	0.011628	1.0000	47.10
0.642612	0.142240	0.036136	0.012032	1.0000	86.00
0.720227	0.142442	0.034026	0.011628	1.0000	44.40
0.795841	0.142442	0.035917	0.011628	1.0000	44.40
0.856333	0.142339	0.066163	0.011786	1.0000	1 1/2-20UN
0.068039	0.053741	0.034054	0.007344	1.0000	NOTE:
0.069943	0.042151	0.431002	0.010174	1.0000	•Dimensions and Drawings are for reference only and are subject to change without prior notice.
0.069943	0.031977	0.275992	0.008821	1.0000	•Unless otherwise specified, all dimensions are in millimeters.
0.699433	0.020349	0.215501	0.020349	1.0000	SUPERLOKUSA
0.939509	0.027616	0.020794	0.011628	0.5000	13
#FILE	tmp/pdfs/fitting_dimension_audit/superlok_uhp_ocr/ocr-12.png
0.043317	0.946062	0.174239	0.015030	1.0000	Weld & Metal Seal Fittings
0.300567	0.877907	0.223062	0.014659	1.0000	Tube Butt Weld (TBW) Connector
0.396975	0.856105	0.060491	0.011628	1.0000	Head Size
0.487690	0.857473	0.073769	0.011799	1.0000	Tube OD (D)
0.323251	0.850291	0.051040	0.010174	1.0000	Part No.
0.616257	0.848837	0.013233	0.013081	1.0000	B
0.746692	0.850291	0.011342	0.011628	1.0000	L
0.413989	0.843023	0.024575	0.011628	1.0000	(in)
0.466919	0.839982	0.051040	0.011786	1.0000	Size (in)
0.536862	0.843023	0.034026	0.008721	1.0000	Size
0.799622	0.843023	0.032136	0.011628	1.0000	HEX.
0.327032	0.822674	0.041588	0.011628	1.0000	SM4TC
0.413989	0.822674	0.024575	0.011628	1.0000	1/4"
0.478261	0.822674	0.026465	0.011628	1.0000	1/4"
0.542533	0.822674	0.028355	0.011628	1.0000	6.35
0.604915	0.822674	0.034026	0.011628	1.0000	19.05
0.672968	0.822674	0.028355	0.011628	1.0000	4.35
0.735350	0.822674	0.034026	0.011628	1.0000	42.65
0.799622	0.822674	0.034026	0.011628	1.0000	15.88
0.854442	0.822674	0.069943	0.011628	1.0000	9/16-18UNF
0.328922	0.806686	0.039698	0.008721	1.0000	SM6TC
0.413989	0.805233	0.026465	0.011628	1.0000	1/2"
0.478261	0.805233	0.026465	0.011628	1.0000	3/8"
0.542533	0.805233	0.028355	0.011628	1.0000	9.53
0.604915	0.805233	0.034026	0.011628	1.0000	19.05
0.671078	0.806686	0.034026	0.008721	1.0000	10.22
0.735350	0.805233	0.034026	0.010174	1.0000	46.70
0.801512	0.806686	0.032136	0.008721	1.0000	23.81
0.858155	0.806392	0.062517	0.009309	1.0000	7/8-14UNF
0.328881	0.789131	0.039781	0.008948	1.0000	SM8TC
0.413989	0.786337	0.026465	0.011628	1.0000	1/2"
0.478261	0.787791	0.026465	0.011628	1.0000	1/2"
0.542476	0.789120	0.032250	0.008970	1.0000	12.70
0.604915	0.787791	0.034026	0.011628	1.0000	19.05
0.671078	0.789244	0.034026	0.008721	1.0000	10.22
0.735350	0.787791	0.034026	0.010174	1.0000	46.70
0.799622	0.787791	0.034026	0.010174	1.0000	23.81
0.858188	0.787662	0.062452	0.010431	1.0000	7/8-14UNF
0.323251	0.768895	0.049149	0.011628	1.0000	SM12TC
0.413989	0.768895	0.026465	0.011628	1.0000	З/4"
0.478261	0.768895	0.026465	0.011628	1.0000	З/4"
0.538752	0.768895	0.035917	0.011628	1.0000	19.05
0.604915	0.768895	0.034026	0.011628	1.0000	19.05
0.669187	0.768895	0.035917	0.011628	1.0000	15.75
0.733459	0.768895	0.035917	0.011628	1.0000	55.55
0.799622	0.768895	0.034026	0.011628	1.0000	33.34
0.848685	0.768540	0.079567	0.012338	1.0000	1 1/4-18UNEF
0.298677	0.655485	0.291115	0.013146	1.0000	Tube Butt Weld (TBW) Bulkhead Connector
0.402647	0.633721	0.034026	0.010174	1.0000	Head
0.457467	0.635086	0.071834	0.011786	1.0000	Tube OD (D)
0.758034	0.633721	0.020794	0.010174	1.0000	F1
0.809074	0.633721	0.018904	0.010174	1.0000	F2
0.323176	0.626225	0.051191	0.010632	1.0000	Part No.
0.610586	0.627907	0.018904	0.010174	1.0000	B1
0.659735	0.626453	0.018904	0.011628	1.0000	B2
0.714556	0.627907	0.009452	0.010174	1.0000	L
0.877127	0.626453	0.015123	0.011628	1.0000	M
0.394390	0.615940	0.101485	0.016600	1.0000	Size (in) Size (in)
0.500945	0.619186	0.032136	0.010174	1.0000	Size
0.754253	0.622093	0.028355	0.008721	1.0000	HEХ.
0.803403	0.620640	0.030246	0.010174	1.0000	HEX.
0.319471	0.600291	0.056711	0.010174	1.0000	SM4TBHC
0.406427	0.598837	0.026465	0.013081	1.0000	1/¼"
0.455577	0.600291	0.026465	0.011628	1.0000	1/4"
0.504726	0.600291	0.028355	0.011628	1.0000	6.35
0.555766	0.598837	0.026465	0.011628	1.0000	4.35
0.601134	0.600291	0.034026	0.010174	1.0000	19.05
0.652174	0.600291	0.034026	0.010174	1.0000	33.00
0.701323	0.600291	0.034026	0.010174	1.0000	59.85
0.750473	0.600291	0.035917	0.010174	1.0000	19.05
0.801512	0.600291	0.034026	0.010174	1.0000	19.05
0.850662	0.600291	0.069943	0.010174	1.0000	9/16-18UNF
0.321235	0.582434	0.055072	0.011004	1.0000	SM8TBHC
0.406427	0.581395	0.026465	0.011628	1.0000	1/2"
0.457467	0.584302	0.024575	0.010174	1.0000	1/2"
0.500945	0.581395	0.035917	0.011628	1.0000	12.70
0.551985	0.581395	0.034026	0.011628	1.0000	10.22
0.601134	0.582849	0.035917	0.010174	1.0000	19.05
0.652174	0.581395	0.034026	0.011628	1.0000	37.60
0.701323	0.581395	0.034026	0.011628	1.0000	65.25
0.750473	0.581395	0.035917	0.011628	1.0000	26.90
0.801512	0.581395	0.034026	0.011628	1.0000	26.90
0.856307	0.582758	0.060543	0.010357	1.0000	7/8-14UNF
0.317516	0.563755	0.060619	0.012025	1.0000	SM12TBHC
0.406427	0.563953	0.026465	0.011628	1.0000	3/4"
0.455577	0.563953	0.026465	0.011628	1.0000	З/4"
0.500945	0.563953	0.035917	0.011628	1.0000	19.05
0.551985	0.563953	0.034026	0.011628	1.0000	15.75
0.601134	0.563953	0.035917	0.011628	1.0000	19.05
0.652174	0.563953	0.034026	0.011628	1.0000	43.25
0.701323	0.563953	0.034026	0.011628	1.0000	71.30
0.752363	0.563953	0.034026	0.011628	1.0000	38.10
0.801512	0.563953	0.034026	0.011628	1.0000	38.10
0.843100	0.565277	0.081285	0.010426	1.0000	1 1/4-18UNEF
0.300393	0.448675	0.062730	0.015440	1.0000	Coupling
0.400623	0.428309	0.058867	0.011115	1.0000	Head Size
0.497164	0.430233	0.009452	0.008721	1.0000	F
0.722117	0.428779	0.058601	0.010174	1.0000	Head Size
0.816635	0.428779	0.011342	0.010174	1.0000	F
0.322991	0.421817	0.051709	0.010615	1.0000	Part No.
0.567108	0.422965	0.011342	0.010174	1.0000	L
0.644170	0.421335	0.050275	0.011206	1.0000	Part No.
0.888469	0.422965	0.009452	0.010174	1.0000	L
0.417769	0.414244	0.024575	0.013081	1.0000	(in)
0.487713	0.415698	0.028355	0.010174	1.0000	HEХ.
0.737240	0.414244	0.026465	0.011628	1.0000	(in)
0.805293	0.414244	0.030246	0.011628	1.0000	HEX.
0.327032	0.393895	0.041588	0.011628	1.0000	SM2CG
0.417769	0.393895	0.024575	0.011628	1.0000	1/8"
0.485822	0.395349	0.032136	0.010174	1.0000	11.11
0.557656	0.393895	0.028355	0.011628	1.0000	16.8
0.644612	0.393895	0.047259	0.011628	1.0000	SM12CG
0.737240	0.393895	0.026465	0.011628	1.0000	З/4"
0.803403	0.393895	0.035917	0.011628	1.0000	38.10
0.879017	0.393895	0.026465	0.011628	1.0000	42.7
0.327032	0.376453	0.041588	0.011628	1.0000	SM4CG
0.417769	0.376453	0.024575	0.011628	1.0000	1/4"
0.485822	0.377907	0.032136	0.008721	1.0000	19.05
0.559546	0.376453	0.026465	0.011628	1.0000	30.2
0.644612	0.376453	0.049149	0.011628	1.0000	SM16CG
0.742911	0.377907	0.017013	0.010174	1.0000	1"
0.803403	0.377907	0.034026	0.010174	1.0000	44.45
0.880907	0.377907	0.024575	0.010174	1.0000	51.8
0.327032	0.359012	0.041588	0.011628	1.0000	SM8CG
0.417769	0.359012	0.024575	0.011628	1.0000	1/2"
0.483932	0.359012	0.034026	0.011628	1.0000	26.98
0.557656	0.359012	0.028355	0.011628	1.0000	33.3
0.300567	0.244186	0.211720	0.014653	1.0000	Double Female Reducing Union
0.408318	0.222384	0.060491	0.011628	1.0000	Head Size
0.497132	0.222284	0.060556	0.011828	1.0000	Head Size
0.701323	0.223837	0.011342	0.010174	1.0000	F
0.323149	0.216260	0.051244	0.010795	1.0000	Part No.
0.788280	0.215116	0.013233	0.011628	1.0000	A
0.879017	0.216570	0.011342	0.011628	1.0000	L
0.419660	0.209302	0.032136	0.011628	1.0000	(in)
0.516068	0.209302	0.024575	0.011628	1.0000	(in)
0.689981	0.209302	0.032136	0.013081	1.0000	HEХ.
0.317470	0.190005	0.060713	0.010979	1.0000	SM8X4FRU
0.419660	0.188953	0.035917	0.013081	1.0000	1/2"
0.514178	0.188953	0.028355	0.013081	1.0000	1/4"
0.604915	0.188953	0.022684	0.011628	1.0000	6.4
0.688091	0.188953	0.035917	0.013081	1.0000	26.98
0.782609	0.188953	0.022684	0.011628	1.0000	8.9
0.869565	0.188953	0.028355	0.013081	1.0000	35.8
0.068053	0.053779	0.034026	0.007267	1.0000	NOTE:
0.069943	0.042151	0.432892	0.010174	1.0000	•Dimensions and Drawings are for reference only and are subject to change without prior notice.
0.041588	0.027616	0.020794	0.011628	1.0000	14
0.068053	0.031977	0.275992	0.008821	1.0000	•Unless otherwise specified, all dimensions are in millimeters.
0.697543	0.020349	0.217391	0.021802	1.0000	SUPERLOKUSA
#FILE	tmp/pdfs/fitting_dimension_audit/superlok_uhp_ocr/ocr-13.png
0.780557	0.946062	0.174252	0.015846	1.0000	Weld & Metal Seal Fittings
0.300099	0.876281	0.123730	0.017215	1.0000	Reducing Adapter
0.404537	0.857558	0.058601	0.010174	1.0000	Head Size
0.480102	0.857390	0.058699	0.010510	1.0000	Head Size
0.655955	0.857558	0.011342	0.010174	1.0000	F
0.323251	0.850291	0.051040	0.010174	1.0000	Part No.
0.807183	0.848837	0.013233	0.013081	1.0000	L
0.882798	0.848837	0.015123	0.011628	1.0000	M
0.419660	0.843023	0.026465	0.011628	1.0000	(in)
0.497164	0.843023	0.024575	0.011628	1.0000	(in)
0.644612	0.841570	0.034026	0.013081	1.0000	HEX.
0.319471	0.822674	0.056711	0.011628	1.0000	SM2X4RA
0.419660	0.822674	0.026465	0.011628	1.0000	1/8"
0.497164	0.822674	0.024575	0.011628	1.0000	1/4"
0.570888	0.822674	0.024575	0.011628	1.0000	2.3
0.644612	0.822674	0.034026	0.011628	1.0000	19.05
0.724008	0.822674	0.028355	0.011628	1.0000	17.5
0.799622	0.822674	0.028355	0.011628	1.0000	30.2
0.856333	0.822674	0.068053	0.011628	1.0000	5/16-24UNF
0.321361	0.806686	0.054820	0.008721	1.0000	SM4X8RA
0.419660	0.805233	0.026465	0.011628	1.0000	1/4"
0.497164	0.805233	0.024575	0.011628	1.0000	1/2"
0.570888	0.805233	0.024575	0.011628	1.0000	4.6
0.644612	0.805233	0.034026	0.011628	1.0000	26.98
0.724008	0.805233	0.028355	0.011628	1.0000	21.6
0.799622	0.805233	0.028355	0.011628	1.0000	35.8
0.856333	0.805233	0.068053	0.011628	1.0000	9/16-18UNF
0.300133	0.678548	0.121890	0.017387	1.0000	Reducing Bushing
0.402572	0.656745	0.060640	0.012091	1.0000	Head Size
0.480122	0.658331	0.058659	0.010373	1.0000	Head Size
0.322874	0.651460	0.051978	0.012249	1.0000	Part No.
0.882798	0.651163	0.015123	0.011628	1.0000	M
0.419660	0.645349	0.026465	0.011628	1.0000	(in)
0.495274	0.645349	0.026465	0.010174	1.0000	(in)
0.644612	0.643895	0.032136	0.013081	1.0000	HEX.
0.321339	0.626371	0.054864	0.008885	1.0000	SM4X2RB
0.419660	0.625000	0.026465	0.010174	1.0000	1/4"
0.497164	0.626453	0.024575	0.010174	1.0000	1/8"
0.570888	0.625000	0.024575	0.010174	1.0000	3.3
0.644576	0.624928	0.034099	0.010318	1.0000	19.05
0.722117	0.625000	0.028355	0.010174	1.0000	19.3
0.801512	0.626453	0.026465	0.008721	1.0000	26.9
0.858223	0.626453	0.066163	0.008721	1.0000	9/16-18UNF
0.319471	0.607558	0.056711	0.010174	1.0000	SM8X4RB
0.419660	0.607558	0.026465	0.011628	1.0000	1/2"
0.495274	0.607558	0.026465	0.011628	1.0000	1/4"
0.570888	0.607558	0.024575	0.010174	1.0000	6.4
0.644612	0.607558	0.034026	0.011628	1.0000	23.81
0.722117	0.607558	0.028355	0.010174	1.0000	23.1
0.799622	0.607558	0.028355	0.011628	1.0000	35.8
0.858182	0.607426	0.062465	0.011893	1.0000	7/8-14UNF
0.300567	0.482558	0.122873	0.013081	1.0000	Male Elbow (NPT)
0.402599	0.459156	0.060586	0.011920	1.0000	Head Size
0.809074	0.460756	0.011342	0.010174	1.0000	F
0.323046	0.453969	0.051599	0.010265	1.0000	Part No.
0.650284	0.453488	0.020794	0.010174	1.0000	A1
0.729679	0.454942	0.018904	0.008721	1.0000	A2
0.882798	0.453488	0.015123	0.010174	1.0000	M
0.419660	0.446221	0.024575	0.011628	1.0000	(in)
0.489603	0.446221	0.035917	0.011628	1.0000	(NPT)
0.797708	0.444731	0.034074	0.013155	1.0000	Body
0.325074	0.427129	0.049286	0.010568	1.0000	SM4MEN
0.419660	0.425872	0.026465	0.011628	1.0000	1/4"
0.495274	0.427326	0.026465	0.010174	1.0000	1/4"
0.570888	0.425872	0.028355	0.011628	1.0000	4.35
0.644612	0.425872	0.034026	0.011628	1.0000	27.18
0.720199	0.425823	0.034083	0.011725	1.0000	27.18
0.799622	0.425872	0.028355	0.011628	1.0000	15.9
0.858223	0.428779	0.066163	0.008721	1.0000	9/16-18UNF
0.322952	0.408402	0.051588	0.011088	1.0000	SM8MEN
0.419660	0.408430	0.024575	0.011628	1.0000	1/2"
0.497164	0.409884	0.024575	0.010174	1.0000	1/2"
0.567108	0.408430	0.035917	0.011628	1.0000	10.22
0.644612	0.408430	0.034026	0.011628	1.0000	36.83
0.720189	0.408365	0.034102	0.011759	1.0000	36.83
0.799622	0.408430	0.028355	0.011628	1.0000	23.8
0.861968	0.409761	0.058673	0.010420	1.0000	7/8-14UNF
0.319447	0.390918	0.058648	0.011768	1.0000	SM12MEN
0.419660	0.390988	0.026465	0.011628	1.0000	3/4"
0.495274	0.390988	0.026465	0.011628	1.0000	З/4"
0.567108	0.390988	0.034026	0.011628	1.0000	15.75
0.644612	0.390988	0.034026	0.011628	1.0000	48.80
0.720227	0.390988	0.034026	0.011628	1.0000	43.50
0.799622	0.390988	0.028355	0.010174	1.0000	33.3
0.850633	0.390872	0.079453	0.011861	1.0000	1 1/4-18UNEF
0.300567	0.265988	0.111531	0.013250	1.0000	Male Elbow (PT)
0.402570	0.242522	0.060644	0.013503	1.0000	Head Size
0.504726	0.245640	0.009452	0.010174	1.0000	T
0.322917	0.237401	0.051906	0.011946	1.0000	Part No.
0.652174	0.236919	0.018904	0.011628	1.0000	A1
0.727788	0.236919	0.020794	0.011628	1.0000	A2
0.882798	0.236919	0.017013	0.013081	1.0000	M
0.419660	0.229651	0.026465	0.013081	1.0000	(in)
0.495274	0.231105	0.026465	0.011628	1.0000	(PT)
0.796633	0.228949	0.036054	0.014374	1.0000	Body
0.323223	0.210671	0.051097	0.010344	1.0000	SM4MER
0.419660	0.209302	0.026465	0.013081	1.0000	1/4"
0.495274	0.210756	0.026465	0.010174	1.0000	1/4"
0.570888	0.209302	0.028355	0.013081	1.0000	4.35
0.644612	0.209302	0.034026	0.011628	1.0000	27.18
0.720227	0.209302	0.034026	0.011628	1.0000	27.18
0.799622	0.209302	0.028355	0.013081	1.0000	15.9
0.856317	0.210702	0.068084	0.011736	1.0000	9/16-18UNF
0.325142	0.194767	0.049149	0.008721	1.0000	SM8MER
0.419660	0.191860	0.024575	0.013081	1.0000	1/2"
0.495274	0.191860	0.026465	0.011628	1.0000	1/2"
0.567108	0.191860	0.035917	0.011628	1.0000	10.22
0.642722	0.191860	0.035917	0.013081	1.0000	36.83
0.720227	0.191860	0.034026	0.013081	1.0000	36.83
0.799622	0.193314	0.028355	0.010174	1.0000	23.8
0.858127	0.192331	0.062719	0.012036	1.0000	7/8-14UNF
0.319471	0.175872	0.056711	0.010174	1.0000	SM12MER
0.419660	0.174419	0.026465	0.013081	1.0000	З/4"
0.495274	0.174419	0.028355	0.013081	1.0000	З/4"
0.567108	0.174419	0.035917	0.011628	1.0000	15.75
0.644612	0.174419	0.034026	0.011628	1.0000	48.80
0.720227	0.174419	0.035917	0.013081	1.0000	43.50
0.799622	0.174419	0.028355	0.011628	1.0000	33.3
0.850662	0.174419	0.079395	0.011628	1.0000	1 1/4-18UNEF
0.068039	0.053741	0.034054	0.007344	1.0000	NOTE:
0.071834	0.042151	0.429112	0.008721	1.0000	Dimensions and Drawings are for reference only and are subject to change without prior notice.
0.069943	0.031977	0.275992	0.008821	1.0000	•Unless otherwise specified, all dimensions are in millimeters.
0.697543	0.020349	0.217391	0.020349	1.0000	SUPERLOKUSA
0.939509	0.026163	0.020794	0.013081	1.0000	15
#FILE	tmp/pdfs/fitting_dimension_audit/superlok_uhp_ocr/ocr-14.png
0.043315	0.946060	0.174253	0.015664	1.0000	Weld & Metal Seal Fittings
0.300473	0.877562	0.089034	0.015224	1.0000	Union Elbow
0.417769	0.856105	0.060491	0.011628	1.0000	Head Size
0.761815	0.857558	0.013233	0.010174	1.0000	F
0.321066	0.847925	0.055603	0.014655	1.0000	Part No.
0.865784	0.848837	0.017013	0.013081	1.0000	M
0.434783	0.841570	0.026465	0.013081	1.0000	(in)
0.750473	0.841570	0.034026	0.013081	1.0000	Body
0.327032	0.822674	0.041588	0.011628	1.0000	SM4UE
0.434783	0.822674	0.026465	0.011628	1.0000	1/4"
0.540643	0.822674	0.028355	0.011628	1.0000	4.35
0.644612	0.822674	0.035917	0.013081	1.0000	27.18
0.754253	0.822674	0.028355	0.011628	1.0000	15.9
0.839299	0.822610	0.069984	0.013210	1.0000	9/16-18UNF
0.325083	0.805102	0.043596	0.011889	1.0000	SM8UE
0.434783	0.805233	0.026465	0.011628	1.0000	1/2"
0.536862	0.805233	0.035917	0.011628	1.0000	10.22
0.644612	0.803779	0.035917	0.014535	1.0000	36.83
0.754253	0.805233	0.028355	0.011628	1.0000	23.8
0.843049	0.805087	0.062485	0.013373	1.0000	7/8-14UNF
0.323174	0.786142	0.049304	0.012018	1.0000	SM12UE
0.434783	0.786337	0.026465	0.013081	1.0000	З/4"
0.536862	0.786337	0.035917	0.013081	1.0000	15.75
0.644612	0.786337	0.035917	0.014535	1.0000	48.77
0.754253	0.786337	0.028355	0.013081	1.0000	33.3
0.835361	0.785668	0.079751	0.014419	1.0000	1 1/4-18UNEF
0.323251	0.768895	0.049149	0.013081	1.0000	SM16UE
0.440454	0.768895	0.017013	0.013081	1.0000	1"
0.536862	0.768895	0.035917	0.013081	1.0000	22.10
0.642722	0.768895	0.037807	0.014535	1.0000	50.80
0.754253	0.768895	0.028355	0.013081	1.0000	42.2
0.843030	0.768689	0.064413	0.013494	1.0000	1 1/2-2OUN
0.302457	0.611919	0.068053	0.010174	1.0000	Union Tee
0.410181	0.587119	0.058654	0.010356	1.0000	Head Size
0.790170	0.588663	0.009452	0.008721	1.0000	F
0.323157	0.581109	0.051229	0.010748	1.0000	Part No.
0.701323	0.579942	0.011342	0.011628	1.0000	L
0.875236	0.579942	0.017013	0.011628	1.0000	M
0.421550	0.574128	0.034026	0.010174	1.0000	(in)
0.778828	0.572674	0.034026	0.011628	1.0000	Body
0.326983	0.553660	0.041686	0.010412	1.0000	SM4UT
0.425331	0.553779	0.030246	0.011628	1.0000	1/4"
0.514178	0.552326	0.028355	0.011628	1.0000	4.35
0.599244	0.552326	0.034026	0.011628	1.0000	27.18
0.689946	0.552265	0.034097	0.011750	1.0000	54.36
0.780718	0.552326	0.028355	0.011628	1.0000	15.9
0.848706	0.552097	0.068184	0.012086	1.0000	9/16-18UNF
0.327032	0.536337	0.041588	0.010174	1.0000	SM8UT
0.421550	0.537791	0.034026	0.010174	1.0000	1/2"
0.510397	0.536337	0.034026	0.010174	1.0000	10.22
0.601134	0.536337	0.034026	0.010174	1.0000	36.83
0.688091	0.534884	0.035917	0.011628	1.0000	73.66
0.780718	0.534884	0.028355	0.011628	1.0000	23.8
0.852515	0.536203	0.062455	0.010442	1.0000	7/8-14UNF
0.325142	0.518895	0.047259	0.010174	1.0000	SM12UT
0.421550	0.518895	0.034026	0.010174	1.0000	3/4"
0.510397	0.517442	0.034026	0.011628	1.0000	15.75
0.601134	0.518895	0.032136	0.008721	1.0000	48.77
0.688091	0.517442	0.035917	0.011628	1.0000	97.54
0.780718	0.517442	0.028355	0.011628	1.0000	33.3
0.846722	0.518149	0.075932	0.011667	1.0000	1 1/4-18UNEF
0.323251	0.500000	0.049149	0.011628	1.0000	SM16UT
0.510357	0.499930	0.034107	0.011768	1.0000	22.10
0.599244	0.500000	0.035917	0.011628	1.0000	50.80
0.684310	0.500000	0.041588	0.011628	1.0000	101.60
0.780718	0.500000	0.028355	0.011628	1.0000	42.2
0.850550	0.499614	0.066386	0.012399	1.0000	1 1/2-2OUN
0.300552	0.340058	0.083207	0.013198	1.0000	Union Cross
0.408318	0.316860	0.060491	0.011789	1.0000	Head Size
0.790170	0.318314	0.011342	0.011628	1.0000	F
0.322983	0.311600	0.049775	0.010519	1.0000	Part No.
0.610586	0.309593	0.013233	0.013081	1.0000	A
0.701323	0.311047	0.011342	0.011628	1.0000	L
0.875236	0.309593	0.017013	0.013081	1.0000	M
0.419660	0.303779	0.032136	0.011628	1.0000	(in)
0.778828	0.302326	0.034026	0.013081	1.0000	Body
0.325142	0.284884	0.043478	0.010174	1.0000	SM4UC
0.421550	0.283430	0.034026	0.011628	1.0000	1/4"
0.514178	0.283430	0.028355	0.011628	1.0000	4.35
0.599220	0.281940	0.034074	0.013155	1.0000	27.18
0.688091	0.283430	0.035917	0.011628	1.0000	54.36
0.780718	0.281977	0.028355	0.013081	1.0000	15.9
0.848637	0.282934	0.070212	0.012619	1.0000	9/16-18UNF
0.325142	0.267442	0.043478	0.010174	1.0000	SM8UC
0.419660	0.265988	0.035917	0.011628	1.0000	1/2"
0.510397	0.265988	0.035917	0.011628	1.0000	10.22
0.599244	0.264535	0.035917	0.013081	1.0000	36.83
0.688091	0.264535	0.035917	0.013081	1.0000	73.66
0.780718	0.264535	0.028355	0.013081	1.0000	23.8
0.852448	0.265652	0.062589	0.012301	1.0000	7/8-14UNF
0.323251	0.250000	0.047259	0.008721	1.0000	SM12UC
0.419660	0.247093	0.035917	0.013081	1.0000	3/4"
0.510397	0.247093	0.035917	0.013081	1.0000	15.75
0.599244	0.247093	0.034026	0.013081	1.0000	48.77
0.687933	0.246834	0.036232	0.013599	1.0000	97.54
0.780718	0.247093	0.028355	0.013081	1.0000	33.3
0.844902	0.246777	0.077682	0.013714	1.0000	11/4-18UNEF
0.325044	0.232236	0.047454	0.009365	1.0000	SM16UC
0.431002	0.231105	0.017013	0.011628	1.0000	1"
0.510397	0.229651	0.035917	0.013081	1.0000	22.10
0.599222	0.229616	0.035960	0.013152	1.0000	50.80
0.684310	0.229651	0.043478	0.013081	1.0000	101.60
0.780718	0.229651	0.028355	0.013081	1.0000	42.2
0.850630	0.229556	0.066226	0.013272	1.0000	11/2-2OUN
0.068053	0.053779	0.034026	0.008721	1.0000	NOTE:
0.069943	0.042151	0.431002	0.010174	1.0000	•Dimensions and Drawings are for reference only and are subject to change without prior notice.
0.041335	0.028780	0.302863	0.017554	1.0000	16 Unless otherwise specified, all dimensions are in millimeters.
0.699433	0.020349	0.215501	0.020349	1.0000	SUPERLOKUSA
#FILE	tmp/pdfs/fitting_dimension_audit/superlok_uhp_ocr/ocr-15.png
0.782422	0.946060	0.172370	0.014660	1.0000	Weld & Metal Seal Fittings
0.298502	0.877047	0.230954	0.016637	1.0000	SUPERLOK Tube Fitting Connector
0.402647	0.856105	0.034026	0.011628	1.0000	Head
0.457467	0.857558	0.030246	0.008721	1.0000	Tube
0.671078	0.857558	0.011342	0.010174	1.0000	F
0.722117	0.857558	0.011342	0.010174	1.0000	G
0.824197	0.857558	0.009452	0.010174	1.0000	T
0.323251	0.850291	0.051040	0.010174	1.0000	Part No.
0.517958	0.851744	0.011342	0.008721	1.0000	C
0.773157	0.850291	0.011342	0.011628	1.0000	L
0.882798	0.848837	0.017013	0.013081	1.0000	M
0.395085	0.843023	0.100189	0.011628	1.0000	Size (in) Size (in)
0.659735	0.843023	0.030246	0.011628	1.0000	HEX.
0.708885	0.843023	0.032136	0.011628	1.0000	HEX.
0.816635	0.843023	0.022684	0.011628	1.0000	(in)
0.327032	0.822674	0.041588	0.011628	1.0000	SM4SC
0.406427	0.822674	0.026465	0.011628	1.0000	1/4"
0.459357	0.824128	0.024575	0.010174	1.0000	1/4"
0.506616	0.824128	0.032136	0.010174	1.0000	17.80
0.555766	0.822674	0.034026	0.011628	1.0000	15.20
0.612476	0.824128	0.026465	0.010174	1.0000	4.35
0.659735	0.824128	0.032136	0.010174	1.0000	15.90
0.710775	0.824128	0.032136	0.008721	1.0000	14.29
0.763705	0.824128	0.026465	0.010174	1.0000	41.1
0.814745	0.822674	0.026465	0.011628	1.0000	1/4"
0.858223	0.824128	0.066163	0.008721	1.0000	9/16-18UNF
0.326864	0.804869	0.041924	0.012355	1.0000	SM8SC
0.408318	0.805233	0.026465	0.011628	1.0000	1/2"
0.459357	0.805233	0.024575	0.011628	1.0000	1/2"
0.504726	0.805233	0.034026	0.011628	1.0000	21.80
0.555766	0.805233	0.034026	0.011628	1.0000	22.90
0.608696	0.806686	0.032136	0.010174	1.0000	10.22
0.657845	0.805233	0.034026	0.011628	1.0000	23.81
0.708885	0.805233	0.034026	0.011628	1.0000	22.23
0.765595	0.806686	0.024575	0.010174	1.0000	49.5
0.816635	0.806686	0.026465	0.010174	1.0000	1/2"
0.860091	0.805160	0.062427	0.011772	1.0000	7/8-14UNF
0.298677	0.661337	0.296786	0.014547	1.0000	SUPERLOK Tube Fitting Bulkhead Connector
0.398866	0.639535	0.035917	0.011628	1.0000	Head
0.448015	0.642442	0.032136	0.008721	1.0000	Tube
0.640832	0.640988	0.018904	0.010174	1.0000	F1
0.686200	0.639535	0.018904	0.011628	1.0000	F2
0.737240	0.642442	0.011342	0.008721	1.0000	G
0.831758	0.642442	0.009452	0.008721	1.0000	T
0.322956	0.633891	0.051806	0.011347	1.0000	Part No.
0.550095	0.633721	0.013233	0.011628	1.0000	D
0.784499	0.635174	0.011342	0.010174	1.0000	L
0.886578	0.633721	0.017013	0.013081	1.0000	M
0.392912	0.625881	0.095063	0.013727	1.0000	Size (in) Size (in)
0.635161	0.629360	0.028355	0.008721	1.0000	HEХ.
0.682331	0.629188	0.028533	0.009066	1.0000	HEХ.
0.727788	0.629360	0.028355	0.008721	1.0000	HEX.
0.824197	0.627907	0.022684	0.010174	1.0000	(in)
0.319313	0.605634	0.057027	0.012570	1.0000	SM4BHSC
0.404537	0.604651	0.026465	0.013081	1.0000	1/¼"
0.451796	0.606105	0.024575	0.011628	1.0000	1/4"
0.495274	0.606105	0.028355	0.011628	1.0000	33.5
0.542533	0.606105	0.028355	0.011628	1.0000	15.2
0.593573	0.606105	0.020794	0.011628	1.0000	4.6
0.631380	0.606105	0.035917	0.011628	1.0000	15.87
0.678639	0.606105	0.034026	0.011628	1.0000	15.87
0.725898	0.606105	0.034026	0.011628	1.0000	14.28
0.775047	0.606105	0.028355	0.011628	1.0000	57.2
0.822306	0.606105	0.024575	0.011628	1.0000	1/4"
0.861979	0.607464	0.066211	0.010363	1.0000	9/16-18UNF
0.319471	0.588663	0.056711	0.011628	1.0000	SM8BHSC
0.404537	0.588663	0.026465	0.013081	1.0000	1/2"
0.453686	0.590116	0.022684	0.010174	1.0000	1/2"
0.497164	0.588663	0.026465	0.011628	1.0000	41.9
0.542533	0.588663	0.028355	0.011628	1.0000	22.9
0.586011	0.588663	0.034026	0.011628	1.0000	10.22
0.631380	0.588663	0.035917	0.011628	1.0000	23.81
0.678639	0.588663	0.034026	0.011628	1.0000	23.81
0.725898	0.588663	0.034026	0.011628	1.0000	22.22
0.775047	0.588663	0.028355	0.011628	1.0000	69.5
0.822306	0.588663	0.024575	0.011628	1.0000	1/2"
0.863894	0.588663	0.060491	0.011628	1.0000	7/8-14UNF
0.300427	0.446154	0.215786	0.015059	1.0000	Bulkhead Male Connector (NPT)
0.398866	0.424419	0.035917	0.010174	1.0000	Head
0.688091	0.425872	0.017013	0.008721	1.0000	F1
0.733459	0.424419	0.018904	0.010174	1.0000	F2
0.323157	0.418318	0.051229	0.010748	1.0000	Part No.
0.502836	0.420058	0.017013	0.008721	1.0000	B1
0.546314	0.417151	0.020794	0.011628	1.0000	B2
0.595463	0.418605	0.017013	0.010174	1.0000	E1
0.640832	0.418605	0.018904	0.010174	1.0000	E2
0.831758	0.418605	0.009452	0.010174	1.0000	L
0.886578	0.417151	0.015123	0.011628	1.0000	M
0.393162	0.409754	0.088911	0.013341	1.0000	Size (in) (NPT)
0.682387	0.412729	0.028420	0.008845	1.0000	HEХ.
0.727788	0.412791	0.028355	0.008721	1.0000	HEХ,
0.313739	0.390774	0.068175	0.012056	1.0000	SM4BHMCN
0.404537	0.390988	0.026465	0.011628	1.0000	1/4"
0.451796	0.390988	0.024575	0.011628	1.0000	1/4"
0.495274	0.390988	0.028355	0.011628	1.0000	15.7
0.544423	0.392442	0.026465	0.008721	1.0000	14.2
0.589792	0.390988	0.026465	0.011628	1.0000	4.60
0.638941	0.390988	0.020794	0.011628	1.0000	7.1
0.678574	0.390875	0.034157	0.011854	1.0000	20.63
0.725872	0.390944	0.034078	0.011717	1.0000	20.63
0.775047	0.390988	0.026465	0.011628	1.0000	31.5
0.822306	0.390988	0.026465	0.011628	1.0000	56.1
0.862004	0.392442	0.066163	0.010174	1.0000	9/16-18UNF
0.302457	0.250000	0.136106	0.011628	1.0000	Male Connector (PT)
0.402609	0.225173	0.060567	0.011863	1.0000	Head Size
0.504726	0.228198	0.009452	0.008721	1.0000	T
0.809074	0.226744	0.011342	0.010174	1.0000	F
0.322932	0.219575	0.051832	0.011010	1.0000	Part No.
0.657845	0.219477	0.009452	0.011628	1.0000	B
0.733459	0.219477	0.011342	0.011628	1.0000	L
0.882798	0.219477	0.015123	0.011628	1.0000	M
0.419660	0.212209	0.026465	0.011628	1.0000	(in)
0.493384	0.212209	0.028355	0.011628	1.0000	(PT)
0.797732	0.212209	0.030246	0.011628	1.0000	HEХ.
0.323100	0.191455	0.051344	0.012438	1.0000	SM2MCR
0.419660	0.191860	0.026465	0.011628	1.0000	1/8"
0.497164	0.191860	0.024575	0.011628	1.0000	1/8"
0.570888	0.191860	0.028355	0.013081	1.0000	2.30
0.648393	0.191860	0.026465	0.011628	1.0000	9.60
0.720201	0.191813	0.035969	0.011724	1.0000	27.20
0.797707	0.193267	0.032186	0.010267	1.0000	11.11
0.856201	0.191388	0.068317	0.012573	1.0000	5/16-24UNF
0.325125	0.175825	0.049182	0.010268	1.0000	SM4MCR
0.419660	0.174419	0.026465	0.011628	1.0000	1/4"
0.495274	0.174419	0.026465	0.011628	1.0000	1/4"
0.570888	0.174419	0.028355	0.011628	1.0000	4.35
0.644612	0.174419	0.034026	0.011628	1.0000	14.22
0.720227	0.174419	0.035917	0.011628	1.0000	37.84
0.795841	0.174419	0.035917	0.011628	1.0000	15.90
0.856319	0.174373	0.068079	0.011719	1.0000	9/16-18UNF
0.325098	0.158283	0.049237	0.009016	1.0000	SM8MCR
0.419660	0.156977	0.026465	0.011628	1.0000	1/2"
0.495274	0.156977	0.026465	0.010174	1.0000	1/2"
0.567108	0.156977	0.035917	0.011628	1.0000	10.22
0.642722	0.156977	0.035917	0.011628	1.0000	19.05
0.720206	0.156938	0.035959	0.011706	1.0000	46.74
0.795841	0.156977	0.035917	0.011628	1.0000	23.80
0.856316	0.156922	0.064306	0.011737	1.0000	7/8-14UNF
0.321278	0.140657	0.056878	0.009383	1.0000	SM12MCR
0.419660	0.138081	0.026465	0.013081	1.0000	З/4"
0.495274	0.139535	0.026465	0.010174	1.0000	3/4"
0.567108	0.138081	0.035917	0.013081	1.0000	15.75
0.642722	0.139535	0.035917	0.011628	1.0000	19.05
0.718336	0.139535	0.035917	0.011628	1.0000	55.63
0.795841	0.138081	0.035917	0.011628	1.0000	33.30
0.848771	0.139535	0.081285	0.011628	1.0000	1 1/4-18UNEF
0.321361	0.122093	0.056711	0.010174	1.0000	SM16MCR
0.419660	0.120640	0.022684	0.013081	1.0000	1"
0.500945	0.122093	0.017013	0.011628	1.0000	1"
0.567108	0.120640	0.035917	0.013081	1.0000	22.10
0.644612	0.120640	0.034026	0.013081	1.0000	23.88
0.720227	0.120640	0.034026	0.013081	1.0000	62.74
0.795691	0.120361	0.036218	0.012186	1.0000	42.20
0.858068	0.120113	0.064582	0.012681	1.0000	11/2-20UN
0.068039	0.053741	0.034054	0.007344	1.0000	NOTE:
0.069943	0.042151	0.432892	0.008721	1.0000	•Dimensions and Drawings are for reference only and are subject to change without prior notice.
0.069943	0.031977	0.275992	0.008821	1.0000	•Unless otherwise specified, all dimensions are in millimeters.
0.699433	0.020349	0.215501	0.020349	1.0000	SUPERLOKUSA
0.939509	0.027616	0.020794	0.011628	1.0000	17
#FILE	tmp/pdfs/fitting_dimension_audit/superlok_uhp_ocr/ocr-16.png
0.043317	0.946062	0.174241	0.015154	1.0000	Weld & Metal Seal Fittings
0.300362	0.877828	0.149795	0.015929	1.0000	Male Connector (NPT)
0.402647	0.856105	0.060491	0.011628	1.0000	Head Size
0.809074	0.857558	0.011342	0.010174	1.0000	F
0.322650	0.848515	0.052440	0.013555	1.0000	Part No.
0.657845	0.850291	0.009452	0.011628	1.0000	B
0.731569	0.850291	0.013233	0.011628	1.0000	L
0.882798	0.848837	0.015123	0.011628	1.0000	M
0.419660	0.843023	0.026465	0.011628	1.0000	(in)
0.489603	0.843023	0.035917	0.011628	1.0000	(NPT)
0.797732	0.843023	0.030246	0.011628	1.0000	HEX.
0.321323	0.822572	0.053006	0.011833	1.0000	SM2MCN
0.419660	0.822674	0.026465	0.011628	1.0000	1/8"
0.497164	0.822674	0.024575	0.011628	1.0000	1/8"
0.570888	0.822674	0.028355	0.011628	1.0000	2.30
0.648393	0.822674	0.028355	0.011628	1.0000	9.60
0.720227	0.822674	0.035917	0.011628	1.0000	27.20
0.799508	0.823875	0.032364	0.009227	1.0000	11.11
0.856333	0.822674	0.068053	0.011628	1.0000	5/16-24UNF
0.323251	0.806686	0.051040	0.008721	1.0000	SM4MCN
0.419660	0.805233	0.026465	0.011628	1.0000	1/4"
0.497164	0.806686	0.024575	0.010174	1.0000	1/4"
0.570888	0.803779	0.028355	0.013081	1.0000	4.35
0.644612	0.805233	0.034026	0.010174	1.0000	14.22
0.720227	0.805233	0.035917	0.011628	1.0000	37.84
0.797732	0.806686	0.034026	0.008721	1.0000	15.90
0.856120	0.804450	0.068479	0.013194	1.0000	9/16-18UNF
0.321302	0.787606	0.053049	0.010544	1.0000	SM8MCN
0.419660	0.787791	0.026465	0.011628	1.0000	1/2"
0.497164	0.789244	0.024575	0.008721	1.0000	1/2"
0.567108	0.787791	0.035917	0.010174	1.0000	10.22
0.644612	0.786337	0.034026	0.011628	1.0000	19.05
0.720227	0.787791	0.034026	0.010174	1.0000	46.74
0.795841	0.787791	0.035917	0.010174	1.0000	23.80
0.859986	0.785981	0.060747	0.013794	1.0000	7/8-14UNF
0.319437	0.768794	0.058669	0.011831	1.0000	SM12MCN
0.419660	0.768895	0.026465	0.011628	1.0000	З/4"
0.495274	0.768895	0.026465	0.011628	1.0000	З/4"
0.567108	0.768895	0.035917	0.011628	1.0000	15.75
0.644612	0.768895	0.034026	0.011628	1.0000	19.05
0.720227	0.768895	0.034026	0.011628	1.0000	55.63
0.795841	0.768895	0.035917	0.011628	1.0000	33.30
0.850633	0.768778	0.079453	0.011863	1.0000	1 1/4-18UNEF
0.319392	0.751216	0.058758	0.012102	1.0000	SM16MCN
0.419660	0.751453	0.022684	0.013081	1.0000	1"
0.500945	0.751453	0.017013	0.013081	1.0000	1"
0.567108	0.751453	0.035917	0.011628	1.0000	22.10
0.644612	0.751453	0.034026	0.011628	1.0000	23.88
0.720227	0.751453	0.034026	0.011628	1.0000	62.74
0.795841	0.751453	0.035917	0.011628	1.0000	42.20
0.858223	0.751453	0.066163	0.011628	1.0000	11/2-2OUN
0.300567	0.591568	0.149338	0.013146	1.0000	Male Connector (SAE)
0.402647	0.568314	0.060491	0.011628	1.0000	Head Size
0.809074	0.569767	0.011342	0.010174	1.0000	F
0.322411	0.560534	0.052968	0.014749	1.0000	Part No.
0.882798	0.562500	0.015123	0.010174	1.0000	M
0.419660	0.555233	0.026465	0.011628	1.0000	(in)
0.489603	0.555233	0.035917	0.011628	1.0000	(SAE)
0.797732	0.555233	0.030246	0.011628	1.0000	HEХ.
0.088847	0.536337	0.034026	0.007267	1.0000	O-RING
0.315636	0.534706	0.064380	0.011984	1.0000	SM4X6MCU
0.419660	0.534884	0.026465	0.013081	1.0000	1/¼"
0.474480	0.536337	0.068053	0.010174	1.0000	9/16-18UNF
0.570888	0.534884	0.028355	0.011628	1.0000	4.35
0.650284	0.534884	0.020794	0.011628	1.0000	9.9
0.724008	0.534884	0.028355	0.011628	1.0000	33.8
0.795841	0.534884	0.035917	0.011628	1.0000	19.05
0.856333	0.536337	0.068053	0.010174	1.0000	9/16-18UNF
0.313726	0.518587	0.070091	0.010791	1.0000	SM8X10MCU
0.419660	0.517442	0.026465	0.011628	1.0000	1/2"
0.479896	0.518177	0.059060	0.010536	1.0000	7/8-14UNF
0.567108	0.517442	0.035917	0.011628	1.0000	10.22
0.648393	0.517442	0.026465	0.011628	1.0000	12.7
0.724008	0.517442	0.028355	0.011628	1.0000	42.2
0.799622	0.517442	0.028355	0.011628	1.0000	25.4
0.862004	0.518895	0.058601	0.010174	1.0000	7/8-14UNF
0.317580	0.501453	0.064272	0.008721	1.0000	SM8X6MCU
0.419660	0.500000	0.026465	0.011628	1.0000	1/2"
0.476371	0.501453	0.066163	0.008721	1.0000	9/16-18UNF
0.568998	0.501453	0.034026	0.008721	1.0000	10.22
0.650284	0.500000	0.020794	0.010174	1.0000	9.9
0.725898	0.501453	0.024575	0.010174	1.0000	37.6
0.801512	0.501453	0.026465	0.008721	1.0000	23.8
0.861932	0.501204	0.058745	0.010674	1.0000	7/8-14UNF
0.310019	0.484012	0.077505	0.008721	1.0000	SM12X14MCU
0.419660	0.481105	0.026465	0.013081	1.0000	З/4"
0.470699	0.482558	0.077505	0.010189	1.0000	1 3/16-12UNF
0.567108	0.481105	0.035917	0.011628	1.0000	15.75
0.652174	0.481105	0.018904	0.011628	1.0000	15
0.724008	0.482558	0.026465	0.010174	1.0000	51.5
0.799622	0.482558	0.028355	0.010174	1.0000	34.9
0.854442	0.484012	0.073724	0.008735	1.0000	1 1/4-18UNEF
0.298677	0.321221	0.156900	0.014681	1.0000	Female Connector (PT)
0.408233	0.297701	0.060661	0.012157	1.0000	Head Size
0.523629	0.300872	0.009452	0.010174	1.0000	T
0.322923	0.292652	0.051893	0.011910	1.0000	Part No.
0.701323	0.292151	0.011342	0.013081	1.0000	L
0.875236	0.292151	0.017013	0.011628	1.0000	M
0.419660	0.284884	0.032136	0.013081	1.0000	(in)
0.514178	0.284884	0.026465	0.013081	1.0000	(PT)
0.778771	0.286250	0.030359	0.011803	1.0000	HEХ.
0.323251	0.265988	0.049149	0.010174	1.0000	SM2FCR
0.425331	0.264535	0.030246	0.013081	1.0000	1/8"
0.516068	0.264535	0.024575	0.011628	1.0000	1/8"
0.606805	0.264535	0.020794	0.011628	1.0000	2.3
0.691871	0.264535	0.028355	0.013081	1.0000	30.2
0.776938	0.264535	0.035917	0.011628	1.0000	14.28
0.850642	0.264474	0.068093	0.013204	1.0000	5/16-24UNF
0.325114	0.249910	0.047315	0.008900	1.0000	SM4FCR
0.423440	0.247093	0.032136	0.013081	1.0000	1/4"
0.513159	0.246029	0.029194	0.014783	1.0000	1/4"
0.603025	0.247093	0.028355	0.011628	1.0000	4.35
0.691871	0.247093	0.026465	0.011628	1.0000	39.1
0.776938	0.247093	0.035917	0.013081	1.0000	19.05
0.848394	0.245935	0.070798	0.014528	1.0000	9/16-18UNF
0.323056	0.229145	0.049541	0.012641	1.0000	SM8FCR
0.419660	0.229651	0.035917	0.013081	1.0000	1/2"
0.514178	0.229651	0.026465	0.011628	1.0000	1/2"
0.599244	0.229651	0.035917	0.011628	1.0000	10.22
0.691871	0.229651	0.028355	0.011628	1.0000	50.5
0.776938	0.229651	0.035917	0.011628	1.0000	26.98
0.852485	0.229437	0.062515	0.012057	1.0000	7/8-14UNF
0.323212	0.213521	0.053008	0.009005	1.0000	SM12FCR
0.423440	0.212209	0.032136	0.013081	1.0000	3/4"
0.516068	0.212209	0.024575	0.011628	1.0000	З/4"
0.599244	0.212209	0.034026	0.011628	1.0000	15.75
0.691871	0.212209	0.028355	0.011628	1.0000	59.9
0.776938	0.212209	0.035917	0.011628	1.0000	33.33
0.844921	0.211929	0.077645	0.012189	1.0000	1 1/4-18UNEF
0.323251	0.196221	0.052930	0.008721	1.0000	SM16FCR
0.431002	0.194767	0.017013	0.013081	1.0000	1"
0.519849	0.194767	0.017013	0.011628	1.0000	1"
0.603025	0.193314	0.028355	0.013081	1.0000	22.1
0.691871	0.194767	0.028355	0.011628	1.0000	63.8
0.776938	0.193314	0.035917	0.013081	1.0000	41.27
0.850571	0.193040	0.066343	0.013630	1.0000	11/2-20UN
0.068039	0.053741	0.034054	0.007344	1.0000	NOTE:
0.071834	0.042151	0.429112	0.010174	1.0000	Dimensions and Drawings are for reference only and are subject to change without prior notice.
0.041588	0.027616	0.020794	0.011628	1.0000	18
0.068053	0.031977	0.275992	0.008821	1.0000	•Unless otherwise specified, all dimensions are in millimeters.
0.699433	0.020349	0.215501	0.020349	1.0000	SUPERLOKUSA
#FILE	tmp/pdfs/fitting_dimension_audit/superlok_uhp_ocr/ocr-17.png
0.782609	0.946056	0.172023	0.016319	1.0000	Weld & Metal Seal Fittings
0.300567	0.877907	0.164461	0.014659	1.0000	Female Connector (NPT)
0.408318	0.856105	0.060491	0.011628	1.0000	Head Size
0.519849	0.856105	0.015123	0.011628	1.0000	T
0.323251	0.850291	0.051040	0.010174	1.0000	Part No.
0.701323	0.848837	0.011342	0.013081	1.0000	L
0.875236	0.848837	0.017013	0.013081	1.0000	M
0.421550	0.841570	0.032136	0.013081	1.0000	(in)
0.510397	0.843023	0.035917	0.011628	1.0000	(NPT)
0.778828	0.843023	0.030246	0.011628	1.0000	HEХ.
0.323196	0.822535	0.049260	0.011907	1.0000	SM2FCN
0.425331	0.822674	0.030246	0.011628	1.0000	1/8"
0.516068	0.822674	0.024575	0.011628	1.0000	1/8"
0.606805	0.822674	0.020794	0.011628	1.0000	2.3
0.691871	0.822674	0.028355	0.011628	1.0000	30.2
0.776938	0.822674	0.035917	0.011628	1.0000	14.28
0.848516	0.821694	0.070453	0.013589	1.0000	5/16-24UNF
0.325101	0.806554	0.047341	0.008985	1.0000	SM4FCN
0.423440	0.805233	0.032136	0.011628	1.0000	1/4"
0.514178	0.805233	0.026465	0.011628	1.0000	1/4"
0.603025	0.803779	0.028355	0.013081	1.0000	4.35
0.691871	0.803779	0.026465	0.013081	1.0000	39.1
0.776938	0.803779	0.035917	0.013081	1.0000	19.05
0.848517	0.802926	0.070453	0.014788	1.0000	9/16-18UNF
0.325114	0.789154	0.047315	0.008900	1.0000	SM8FCN
0.421550	0.789244	0.034026	0.010174	1.0000	1/2"
0.516068	0.789244	0.024575	0.010174	1.0000	1/2"
0.599244	0.786337	0.035917	0.013081	1.0000	10.22
0.691871	0.786337	0.028355	0.013081	1.0000	50.5
0.776904	0.786282	0.035985	0.013192	1.0000	26.98
0.850481	0.785796	0.064633	0.014165	1.0000	7/8-14UNF
0.321343	0.770290	0.054857	0.010291	1.0000	SM12FCN
0.423440	0.768895	0.032136	0.011628	1.0000	3/4"
0.514178	0.768895	0.028355	0.011628	1.0000	З/4"
0.599244	0.768895	0.035917	0.011628	1.0000	15.75
0.691871	0.768895	0.028355	0.011628	1.0000	59.9
0.776938	0.768895	0.035917	0.011628	1.0000	33.33
0.844970	0.768813	0.077547	0.011793	1.0000	1 1/4-18UNEF
0.319372	0.751165	0.056907	0.012205	1.0000	SM16FCN
0.431002	0.751453	0.017013	0.013081	1.0000	1"
0.519849	0.752907	0.017013	0.010174	1.0000	1"
0.603025	0.751453	0.028355	0.011628	1.0000	22.1
0.691871	0.751453	0.028355	0.011628	1.0000	63.8
0.776938	0.751453	0.035917	0.011628	1.0000	41.27
0.850517	0.751010	0.066451	0.013968	1.0000	11/2-2OUN
0.069685	0.585016	0.089363	0.020376	1.0000	Gaskets
0.300567	0.530372	0.175803	0.014686	1.0000	Gasket Retainer Assembly
0.430906	0.507001	0.060684	0.013615	1.0000	Head Size
0.323176	0.501225	0.051191	0.010632	1.0000	Part No.
0.587902	0.500000	0.015123	0.014535	1.0000	T
0.718336	0.500000	0.020794	0.013081	1.0000	D1
0.850662	0.500000	0.024575	0.013081	1.0000	D2
0.448015	0.494186	0.028355	0.014535	1.0000	(in)
0.327032	0.473837	0.041588	0.011628	1.0000	SM4GR
0.448015	0.473837	0.026465	0.013081	1.0000	1/¼"
0.580340	0.473837	0.030246	0.014535	1.0000	0.80
0.714556	0.473837	0.030246	0.014535	1.0000	5.60
0.843100	0.473837	0.035917	0.013081	1.0000	11.85
0.327013	0.456354	0.043516	0.011711	1.0000	SM8GR
0.448015	0.456395	0.026465	0.013081	1.0000	1/2"
0.580340	0.454942	0.028355	0.014535	1.0000	0.80
0.710775	0.456395	0.035917	0.013081	1.0000	11.20
0.843100	0.456395	0.035917	0.013081	1.0000	19.27
0.323251	0.438953	0.049149	0.011628	1.0000	SM12GR
0.448015	0.437500	0.026465	0.014535	1.0000	З/4"
0.578450	0.437500	0.030246	0.014535	1.0000	0.80
0.710775	0.438953	0.035917	0.011628	1.0000	16.70
0.843100	0.437500	0.037807	0.014535	1.0000	27.90
0.323251	0.420058	0.049149	0.013081	1.0000	SM16GR
0.580340	0.420058	0.030246	0.015988	1.0000	0.80
0.710775	0.421512	0.037807	0.013081	1.0000	22.60
0.844991	0.420058	0.035917	0.015988	1.0000	34.20
0.298643	0.278996	0.052998	0.014682	1.0000	Gasket
0.430949	0.254239	0.062487	0.016232	1.0000	Head Size
0.320763	0.248154	0.056076	0.014856	1.0000	Part No.
0.586011	0.248547	0.018904	0.015988	1.0000	T
0.718336	0.248547	0.020794	0.013081	1.0000	D1
0.852552	0.248547	0.020794	0.013081	1.0000	D2
0.448015	0.241279	0.028355	0.014535	1.0000	(in)
0.327032	0.222384	0.041588	0.013081	1.0000	SM2GT
0.448015	0.222384	0.026465	0.011628	1.0000	1/8"
0.580340	0.220930	0.030246	0.015988	1.0000	0.80
0.714556	0.220930	0.030246	0.014535	1.0000	2.30
0.848771	0.220930	0.030246	0.014535	1.0000	6.60
0.327032	0.203488	0.041588	0.013081	1.0000	SM4GT
0.448015	0.204942	0.026465	0.011628	1.0000	1/4"
0.580340	0.203488	0.028355	0.013081	1.0000	0.80
0.714556	0.203488	0.028355	0.013081	1.0000	5.60
0.844991	0.203488	0.035917	0.014535	1.0000	12.70
0.325142	0.186047	0.043478	0.013081	1.0000	SM8GT
0.448015	0.186047	0.028355	0.013081	1.0000	1/2"
0.580340	0.186047	0.028355	0.013081	1.0000	0.80
0.710775	0.186047	0.035917	0.013081	1.0000	11.20
0.843100	0.186047	0.035917	0.013081	1.0000	19.80
0.323251	0.168605	0.049149	0.013081	1.0000	SM12GT
0.448015	0.168605	0.026465	0.013081	1.0000	З/4"
0.580340	0.168605	0.028355	0.013081	1.0000	0.80
0.710775	0.168605	0.035917	0.013081	1.0000	16.70
0.843100	0.168605	0.037807	0.014535	1.0000	29.00
0.325142	0.151163	0.047259	0.013081	1.0000	SM16GT
0.580340	0.151163	0.028355	0.013081	1.0000	0.80
0.710775	0.151163	0.035917	0.013081	1.0000	22.60
0.844991	0.151163	0.034026	0.013081	1.0000	35.80
0.066163	0.050872	0.035917	0.011628	1.0000	NOTE:
0.069943	0.039244	0.431002	0.013081	1.0000	•Dimensions and Drawings are for reference only and are subject to change without prior notice.
0.071834	0.031977	0.274102	0.010181	1.0000	Unless otherwise specified, all dimensions are in millimeters.
0.697543	0.020349	0.217391	0.021802	1.0000	*SUPERLOKUSA
0.939509	0.026163	0.020794	0.014535	1.0000	19
#FILE	tmp/pdfs/fitting_dimension_audit/superlok_uhp_ocr/ocr-18.png
0.043478	0.946056	0.175803	0.017679	1.0000	Weld & Metal Seal Fittings
0.298655	0.877840	0.090781	0.017577	1.0000	Blind Gasket
0.453686	0.854488	0.062382	0.016319	1.0000	Head Size
0.321110	0.846807	0.055322	0.015689	1.0000	Part No.
0.655955	0.850291	0.011342	0.011628	1.0000	T
0.835539	0.850291	0.009452	0.011628	1.0000	D
0.468809	0.841570	0.030246	0.015988	1.0000	(in)
0.319471	0.822674	0.052930	0.013081	1.0000	SM4BGT
0.470699	0.822674	0.028355	0.014535	1.0000	1/¼"
0.648393	0.822674	0.026465	0.011628	1.0000	0.80
0.822306	0.821221	0.034026	0.013081	1.0000	11.90
0.319471	0.805233	0.052930	0.011628	1.0000	SM8BGT
0.468809	0.803779	0.028355	0.014535	1.0000	1/2"
0.646503	0.803779	0.030246	0.013081	1.0000	0.80
0.820416	0.803779	0.035917	0.013081	1.0000	19.80
0.321361	0.786337	0.054820	0.013081	1.0000	SM12BGT
0.468809	0.786337	0.028355	0.014535	1.0000	З/4"
0.644612	0.786337	0.032136	0.013081	1.0000	0.80
0.820416	0.786337	0.035917	0.013081	1.0000	28.90
0.319471	0.768895	0.056711	0.013081	1.0000	SM16BGT
0.474480	0.770349	0.017013	0.011628	1.0000	1"
0.646312	0.768649	0.028737	0.013574	1.0000	0.80
0.822306	0.768895	0.034026	0.013081	1.0000	35.50
0.067921	0.647628	0.230887	0.030325	1.0000	Nuts, Caps and Plugs
0.300567	0.603198	0.081285	0.011628	1.0000	Female Nut
0.419643	0.579885	0.058634	0.010287	1.0000	Head Size
0.761815	0.579942	0.013233	0.011628	1.0000	F
0.322739	0.572411	0.052212	0.013207	1.0000	Part No.
0.550095	0.574128	0.011342	0.010174	1.0000	L
0.867675	0.572674	0.015123	0.011628	1.0000	M
0.434783	0.565407	0.026465	0.013081	1.0000	(in)
0.753243	0.566467	0.030422	0.011354	1.0000	Hex.
0.328922	0.547965	0.039698	0.008721	1.0000	SM2FN
0.434783	0.546512	0.026465	0.011628	1.0000	1/8"
0.542533	0.547965	0.026465	0.008721	1.0000	13.5
0.652174	0.545058	0.018904	0.013081	1.0000	5.3
0.750473	0.546512	0.034026	0.010174	1.0000	11.11
0.841144	0.544826	0.068185	0.012093	1.0000	5/16-24UNF
0.066163	0.530372	0.092628	0.009066	1.0000	LEAK TEST PORTS
0.328922	0.530523	0.039698	0.008721	1.0000	SM4FN
0.434783	0.529070	0.026465	0.010174	1.0000	1/4"
0.540643	0.527616	0.028355	0.011628	1.0000	20.5
0.650284	0.529070	0.020794	0.010174	1.0000	9.1
0.750473	0.527616	0.034026	0.011628	1.0000	19.05
0.841016	0.526908	0.068440	0.013044	1.0000	9/16-18UNF
0.327003	0.510114	0.041645	0.011749	1.0000	SM8FN
0.434783	0.510174	0.026465	0.011628	1.0000	1/2"
0.540643	0.510174	0.028355	0.011628	1.0000	22.3
0.646503	0.510174	0.028355	0.011628	1.0000	15.5
0.750473	0.510174	0.034026	0.011628	1.0000	26.99
0.844991	0.510174	0.060491	0.011628	1.0000	7/8-14UNF
0.325119	0.494112	0.047305	0.008869	1.0000	SM12FN
0.434783	0.492733	0.026465	0.011628	1.0000	З/4"
0.540643	0.492733	0.028355	0.011628	1.0000	28.4
0.648393	0.492733	0.026465	0.010174	1.0000	22.6
0.754253	0.492733	0.026465	0.010174	1.0000	38.1
0.835479	0.492488	0.079514	0.012116	1.0000	1 1/4-18UNEF
0.323219	0.475197	0.049215	0.010361	1.0000	SM16FN
0.442344	0.476744	0.015123	0.010174	1.0000	1"
0.540643	0.475291	0.028355	0.010174	1.0000	34.0
0.648393	0.475291	0.026465	0.010174	1.0000	30.5
0.750473	0.475291	0.035917	0.011628	1.0000	44.45
0.843054	0.473685	0.064365	0.011933	1.0000	11/2-20UN
0.300546	0.369114	0.066205	0.011771	1.0000	Male Nut
0.410208	0.347235	0.058601	0.009066	1.0000	Head Size
0.790170	0.347384	0.011342	0.010174	1.0000	F
0.321361	0.337209	0.052930	0.013199	1.0000	Part No.
0.519849	0.338663	0.015123	0.011628	1.0000	L
0.610586	0.338663	0.013233	0.011628	1.0000	B
0.875236	0.338663	0.017013	0.011628	1.0000	M
0.419660	0.331395	0.032136	0.013081	1.0000	(in)
0.778828	0.331395	0.030246	0.011628	1.0000	Hex.
0.325142	0.312500	0.043478	0.011628	1.0000	SM2MN
0.423440	0.311047	0.032136	0.013081	1.0000	1/8"
0.510397	0.311047	0.034026	0.013081	1.0000	12.70
0.603025	0.311047	0.028355	0.013081	1.0000	8.20
0.691871	0.311047	0.028355	0.013081	1.0000	5.30
0.780718	0.311047	0.028355	0.011628	1.0000	9.52
0.850622	0.310926	0.068131	0.013323	1.0000	5/16-24UNF
0.325142	0.295058	0.043478	0.011628	1.0000	SM4MN
0.423440	0.293605	0.032136	0.013081	1.0000	1/4"
0.510397	0.293605	0.035917	0.013081	1.0000	18.00
0.599244	0.293605	0.035917	0.013081	1.0000	11.00
0.691871	0.293605	0.028355	0.011628	1.0000	9.10
0.776938	0.293605	0.035917	0.011628	1.0000	15.88
0.848729	0.293469	0.070029	0.013352	1.0000	9/16-18UNF
0.319471	0.277616	0.056711	0.011628	1.0000	SM4MNS*
0.423440	0.276163	0.032136	0.013081	1.0000	1/4"
0.510397	0.276163	0.035917	0.013081	1.0000	13.70
0.599244	0.276163	0.035917	0.011628	1.0000	11.00
0.689981	0.276163	0.030246	0.011628	1.0000	9.10
0.776938	0.276163	0.035917	0.011628	1.0000	15.88
0.848771	0.276163	0.069943	0.013081	1.0000	9/16-18UNF
0.325142	0.258721	0.045369	0.011628	1.0000	SM8MN
0.425331	0.258721	0.030246	0.013081	1.0000	1/2"
0.510397	0.257267	0.035917	0.013081	1.0000	20.50
0.597353	0.257267	0.037807	0.013081	1.0000	12.70
0.688091	0.257267	0.035917	0.013081	1.0000	15.50
0.776938	0.258721	0.035917	0.011628	1.0000	23.81
0.850638	0.257200	0.064319	0.013217	1.0000	7/8-14UNF
0.323223	0.242653	0.049205	0.010334	1.0000	SM12MN
0.425331	0.239826	0.030246	0.013081	1.0000	З/4"
0.510397	0.239826	0.034026	0.013081	1.0000	25.40
0.599244	0.239826	0.035917	0.013081	1.0000	16.00
0.688091	0.241279	0.035917	0.011628	1.0000	22.60
0.776938	0.239826	0.035917	0.013081	1.0000	33.34
0.844893	0.239477	0.077700	0.013778	1.0000	1 1/4-18UNEF
0.321361	0.223837	0.051040	0.010174	1.0000	SM16MN
0.431002	0.223837	0.017013	0.011628	1.0000	1"
0.510397	0.222384	0.035917	0.013081	1.0000	30.20
0.599244	0.222384	0.035917	0.013081	1.0000	20.00
0.688091	0.222384	0.035917	0.013081	1.0000	30.50
0.776894	0.222312	0.036005	0.013224	1.0000	41.28
0.850639	0.222316	0.066208	0.013217	1.0000	11/2-20UN
0.302457	0.204896	0.164461	0.011786	1.0000	*SM4MNS : Short Male nut 1/4" only
0.122688	0.117562	0.110006	0.010316	1.0000	Short Male nut 1/4" only
0.068053	0.053779	0.034026	0.008721	1.0000	NOTE:
0.069943	0.042151	0.431002	0.010174	1.0000	•Dimensions and Drawings are for reference only and are subject to change without prior notice.
0.068053	0.033430	0.275992	0.008728	1.0000	• Unless otherwise specified, all dimensions are in millimeters.
0.039698	0.027616	0.020794	0.011628	1.0000	20
0.699433	0.020349	0.215501	0.021802	1.0000	SUPERLOKUSA
#FILE	tmp/pdfs/fitting_dimension_audit/superlok_uhp_ocr/ocr-19.png
0.780557	0.946062	0.174265	0.016625	1.0000	Weld & Metal Seal Fittings
0.300567	0.877907	0.032136	0.013081	1.0000	Plug
0.431002	0.854488	0.060491	0.013245	1.0000	Head Size
0.322650	0.848520	0.052335	0.013551	1.0000	Part No.
0.587902	0.847384	0.013233	0.014535	1.0000	L
0.854442	0.848837	0.015123	0.013081	1.0000	M
0.448015	0.841570	0.026465	0.013081	1.0000	(in)
0.712665	0.841570	0.032136	0.013081	1.0000	HEX.
0.326935	0.822467	0.041782	0.012043	1.0000	SM2PG
0.448015	0.822674	0.026465	0.013081	1.0000	1/8"
0.580340	0.822674	0.028355	0.013081	1.0000	17.3
0.710775	0.822674	0.032136	0.011628	1.0000	9.52
0.827897	0.821011	0.070104	0.016408	1.0000	5/16-24UNF
0.328922	0.806686	0.039698	0.008721	1.0000	SM4PG
0.448015	0.805233	0.026465	0.011628	1.0000	1/4"
0.576560	0.803779	0.035917	0.013081	1.0000	23.37
0.710775	0.803779	0.034026	0.013081	1.0000	15.88
0.825969	0.803397	0.070180	0.013846	1.0000	9/16-18UNF
0.328922	0.789244	0.039698	0.008721	1.0000	SM8PG
0.448015	0.787791	0.026465	0.011628	1.0000	1/2"
0.576560	0.786337	0.035917	0.013081	1.0000	27.43
0.710775	0.786337	0.034026	0.013081	1.0000	23.81
0.829799	0.786136	0.064409	0.013483	1.0000	7/8-14UNF
0.325142	0.770349	0.047259	0.010174	1.0000	SM12PG
0.448015	0.768895	0.026465	0.011628	1.0000	З/4"
0.576481	0.768752	0.036074	0.011916	1.0000	36.32
0.710775	0.768895	0.035917	0.011628	1.0000	33.34
0.822122	0.768201	0.079764	0.014470	1.0000	1 1/4-18UNEF
0.323184	0.751284	0.049284	0.011967	1.0000	SM16PG
0.576530	0.751408	0.034086	0.013173	1.0000	38.61
0.710775	0.751453	0.035917	0.013081	1.0000	41.28
0.827932	0.751313	0.068144	0.013363	1.0000	11/2-2OUN
0.300567	0.687500	0.028355	0.013081	1.0000	Cap
0.417722	0.664113	0.060587	0.013344	1.0000	Head Size
0.761815	0.665698	0.013233	0.011628	1.0000	F
0.321268	0.656751	0.053117	0.013532	1.0000	Part No.
0.548204	0.656977	0.013233	0.014535	1.0000	L
0.655955	0.658430	0.011342	0.013081	1.0000	B
0.865784	0.658430	0.018904	0.013081	1.0000	M
0.434783	0.651163	0.026465	0.013081	1.0000	(in)
0.752363	0.651163	0.032136	0.013081	1.0000	Hex.
0.326885	0.633289	0.041882	0.009585	1.0000	SM2CP
0.434783	0.633721	0.024575	0.008721	1.0000	1/8"
0.536862	0.632267	0.035917	0.010174	1.0000	16.00
0.648393	0.630814	0.026465	0.013081	1.0000	7.60
0.750473	0.630814	0.034026	0.013081	1.0000	11.11
0.840990	0.630228	0.070384	0.017161	1.0000	5/16-24UNF
0.069943	0.621940	0.092628	0.007420	1.0000	LEAK TEST PORTS
0.328922	0.616279	0.039698	0.008721	1.0000	SM4CP
0.432892	0.614826	0.028355	0.010174	1.0000	1/4"
0.536862	0.614826	0.035917	0.010174	1.0000	24.20
0.644612	0.613372	0.034026	0.013081	1.0000	11.18
0.750473	0.613372	0.035917	0.013081	1.0000	19.05
0.839256	0.613169	0.070070	0.013487	1.0000	9/16-18UNF
0.327007	0.595878	0.041638	0.011733	1.0000	SM8CP
0.432892	0.595930	0.028355	0.011628	1.0000	1/2"
0.536862	0.595930	0.035917	0.011628	1.0000	25.50
0.642722	0.595930	0.035917	0.011628	1.0000	11.43
0.750473	0.594477	0.035917	0.013081	1.0000	26.99
0.841187	0.595865	0.064317	0.013212	1.0000	7/8-14UNF
0.325142	0.581395	0.045369	0.008721	1.0000	SM12CP
0.432892	0.578488	0.028355	0.011628	1.0000	3/4"
0.538752	0.579942	0.032136	0.008721	1.0000	32.77
0.644612	0.577035	0.034026	0.013081	1.0000	13.72
0.750473	0.577035	0.035917	0.013081	1.0000	38.10
0.835246	0.575895	0.079981	0.015362	1.0000	1 1/4-18UNEF
0.323251	0.561047	0.049149	0.011628	1.0000	SM16CP
0.440454	0.561047	0.017013	0.011628	1.0000	1"
0.536840	0.561000	0.035962	0.010268	1.0000	39.12
0.642722	0.559593	0.035917	0.013081	1.0000	16.00
0.750473	0.559593	0.035917	0.013081	1.0000	44.45
0.840974	0.558851	0.066635	0.014565	1.0000	11/2-2OUN
0.298677	0.497093	0.119093	0.013081	1.0000	Plug (Cable Type)
0.430957	0.475133	0.060580	0.010490	1.0000	Head Size
0.843100	0.472384	0.037807	0.013081	1.0000	Cable
0.322916	0.466989	0.051893	0.012007	1.0000	Part No.
0.722117	0.465116	0.013233	0.014535	1.0000	L
0.448015	0.460756	0.024575	0.010174	1.0000	(in)
0.576560	0.459302	0.034026	0.013081	1.0000	HEХ.
0.837429	0.457849	0.047259	0.014535	1.0000	Length
0.325087	0.441683	0.047368	0.009076	1.0000	SM4PGC
0.448015	0.440407	0.026465	0.011628	1.0000	1/4"
0.572779	0.438953	0.039698	0.013081	1.0000	15.88
0.710775	0.438953	0.035917	0.013081	1.0000	23.37
0.848771	0.438953	0.030246	0.013081	1.0000	260
0.325041	0.424085	0.047461	0.009388	1.0000	SM8PGC
0.448015	0.422965	0.028355	0.011628	1.0000	1/2"
0.570888	0.421512	0.041588	0.013081	1.0000	23.81
0.710775	0.421512	0.035917	0.013081	1.0000	27.43
0.848771	0.421512	0.030246	0.013081	1.0000	260
0.069943	0.283318	0.368620	0.024932	1.0000	High - Flow Connection - "H" Type
0.300346	0.229366	0.149790	0.016141	1.0000	High Flow Female Nut
0.417728	0.207719	0.060575	0.011887	1.0000	Head Size
0.761815	0.209302	0.013233	0.011628	1.0000	F
0.322411	0.200069	0.052968	0.014749	1.0000	Part No.
0.550095	0.200581	0.011342	0.013081	1.0000	L
0.655955	0.202035	0.011342	0.011628	1.0000	D
0.865784	0.200581	0.017013	0.013081	1.0000	M
0.429112	0.194767	0.032136	0.011628	1.0000	(in)
0.752363	0.194767	0.030246	0.011628	1.0000	HEX.
0.323124	0.174093	0.049404	0.012279	1.0000	SM4HFN
0.434783	0.174419	0.026465	0.013081	1.0000	1/¼"
0.536862	0.174419	0.037807	0.014535	1.0000	20.57
0.650284	0.174419	0.022684	0.014535	1.0000	9.9
0.750473	0.174419	0.035917	0.013081	1.0000	19.05
0.839220	0.174099	0.070142	0.013720	1.0000	9/16-18UNF
0.069943	0.161337	0.092628	0.008721	1.0000	LEAK TEST PORTS
0.068039	0.053741	0.034054	0.007344	1.0000	NOTE:
0.069943	0.042151	0.431002	0.010174	1.0000	•Dimensions and Drawings are for reference only and are subject to change without prior notice.
0.069943	0.031977	0.275992	0.008821	1.0000	•Unless otherwise specified, all dimensions are in millimeters.
0.939509	0.026163	0.022684	0.015988	1.0000	21
0.695652	0.017226	0.219282	0.024932	1.0000	% SUPERLOKUSA
#FILE	tmp/pdfs/fitting_dimension_audit/superlok_uhp_ocr/ocr-20.png
0.043317	0.946062	0.174241	0.015154	1.0000	Weld & Metal Seal Fittings
0.300567	0.877907	0.136106	0.014659	1.0000	High Flow Male Nut
0.408318	0.856105	0.060491	0.011628	1.0000	Head Size
0.322941	0.849387	0.051858	0.011813	1.0000	Part No.
0.610586	0.850291	0.011342	0.011628	1.0000	L
0.701323	0.850291	0.011342	0.011628	1.0000	D
0.875236	0.848837	0.017013	0.013081	1.0000	M
0.423440	0.843023	0.032136	0.011628	1.0000	(in)
0.778828	0.843023	0.030246	0.011628	1.0000	HEХ.
0.321361	0.822674	0.052930	0.011628	1.0000	SM4HMN
0.425331	0.822674	0.030246	0.011628	1.0000	1/4"
0.514178	0.822674	0.028355	0.011628	1.0000	11.0
0.599244	0.822674	0.035917	0.011628	1.0000	18.03
0.693762	0.822674	0.022684	0.011628	1.0000	9.9
0.776938	0.822674	0.035917	0.011628	1.0000	15.88
0.848771	0.822674	0.068053	0.011628	1.0000	9/16-18UNF
0.300567	0.668605	0.147448	0.014535	1.0000	High Flow Long Gland
0.413949	0.646727	0.037886	0.011779	1.0000	Head
0.510397	0.648232	0.073724	0.013146	1.0000	Tube OD (D)
0.323031	0.641406	0.051634	0.010371	1.0000	Part No.
0.733459	0.642442	0.009452	0.010174	1.0000	L
0.805293	0.642442	0.018904	0.008721	1.0000	E1
0.880907	0.640988	0.018904	0.010174	1.0000	E2
0.408318	0.635086	0.049149	0.010426	1.0000	Size (in)
0.483932	0.632267	0.049149	0.010174	1.0000	Size (in)
0.570888	0.632267	0.028355	0.011628	1.0000	Size
0.317529	0.614643	0.060594	0.010540	1.0000	SM4X6HLG
0.419660	0.614826	0.026465	0.010174	1.0000	1/4"
0.495274	0.614826	0.026465	0.011628	1.0000	3/8"
0.570888	0.613372	0.028355	0.011628	1.0000	9.53
0.646503	0.614826	0.028355	0.010174	1.0000	28.4
0.724008	0.614826	0.026465	0.010174	1.0000	33.2
0.803403	0.614826	0.020794	0.010174	1.0000	7.5
0.877127	0.614826	0.026465	0.010174	1.0000	6.28
0.300567	0.460562	0.293006	0.013275	1.0000	High Flow Tube Butt Weld (TBW) Connector
0.404537	0.440407	0.032136	0.008721	1.0000	Head
0.463038	0.441438	0.070144	0.011019	1.0000	Tube OD (D)
0.824197	0.440407	0.011342	0.008721	1.0000	F
0.322934	0.432222	0.051862	0.011848	1.0000	Part No.
0.565217	0.433140	0.017013	0.010174	1.0000	E1
0.614367	0.431686	0.018904	0.011628	1.0000	E2
0.665406	0.431686	0.018904	0.011628	1.0000	B1
0.716446	0.431686	0.018904	0.011628	1.0000	B2
0.773157	0.433140	0.009452	0.010174	1.0000	L
0.882798	0.431686	0.017013	0.011628	1.0000	M
0.394751	0.423820	0.100979	0.013061	1.0000	Size (in) Size (in)
0.510397	0.424419	0.026465	0.010174	1.0000	Size
0.812854	0.425872	0.030246	0.010174	1.0000	HEX.
0.319441	0.406859	0.058660	0.008957	1.0000	SM4X6HTC
0.406427	0.405523	0.026465	0.011628	1.0000	1/4"
0.457467	0.405523	0.024575	0.010174	1.0000	3/8"
0.508507	0.405523	0.028355	0.010174	1.0000	9.53
0.563327	0.405523	0.020794	0.010174	1.0000	7.5
0.610586	0.405523	0.028355	0.010174	1.0000	6.35
0.657845	0.405523	0.034026	0.010174	1.0000	19.05
0.712665	0.405523	0.026465	0.010174	1.0000	15.8
0.759924	0.405523	0.034026	0.010174	1.0000	42.75
0.810964	0.405523	0.034026	0.010174	1.0000	15.88
0.858223	0.406977	0.066163	0.008721	1.0000	9/16-18UNF
0.300475	0.250283	0.359359	0.016160	1.0000	High Flow Tube Butt Weld (TBW) Bulkhead Connector
0.400756	0.229651	0.034026	0.010174	1.0000	Head
0.430921	0.229305	0.092790	0.013774	1.0000	Tube OD (D)
0.780718	0.229651	0.017013	0.010174	1.0000	F1
0.826087	0.229651	0.018904	0.011628	1.0000	F2
0.322931	0.222911	0.051868	0.011867	1.0000	Part No.
0.548204	0.223837	0.018904	0.010174	1.0000	B1
0.591682	0.222384	0.022684	0.011628	1.0000	B2
0.638941	0.222384	0.020794	0.011628	1.0000	E1
0.686200	0.222384	0.018904	0.011628	1.0000	E2
0.737240	0.223837	0.011342	0.010174	1.0000	L
0.884688	0.222384	0.017013	0.013081	1.0000	M
0.392708	0.211624	0.133189	0.017389	1.0000	Size (in) Size (in) Size
0.773157	0.215116	0.032136	0.013081	1.0000	HEX.
0.818526	0.215116	0.032136	0.013081	1.0000	HEХ.
0.311795	0.195790	0.072062	0.012490	1.0000	SM4X6HBHC
0.404537	0.196221	0.026465	0.011628	1.0000	1/4"
0.442344	0.196221	0.035917	0.011628	1.0000	3/8"
0.485822	0.196221	0.037807	0.011628	1.0000	9.53
0.538731	0.196182	0.035959	0.011706	1.0000	19.05
0.591682	0.196221	0.020794	0.011628	1.0000	33
0.638941	0.196221	0.020794	0.011628	1.0000	7.5
0.682420	0.196221	0.028355	0.011628	1.0000	6.35
0.724008	0.196221	0.035917	0.011628	1.0000	59.85
0.771267	0.196221	0.035917	0.011628	1.0000	19.05
0.816635	0.196221	0.111531	0.011848	1.0000	19.05 9/16-18UNF
0.067985	0.053588	0.034162	0.007649	1.0000	NOTE:
0.069943	0.042151	0.432892	0.010174	1.0000	•Dimensions and Drawings are for reference only and are subject to change without prior notice.
0.043106	0.027468	0.302976	0.018702	1.0000	22 Unless otherwise specified, all dimensions are in millimeters.
0.699433	0.020349	0.215501	0.020349	1.0000	SUPERLOKUSA
#FILE	tmp/pdfs/fitting_dimension_audit/superlok_uhp_ocr/ocr-21.png
0.780555	0.946060	0.174256	0.015862	1.0000	Weld & Metal Seal Fittings
0.069365	0.887732	0.199789	0.026197	1.0000	Welded Assembly
0.300567	0.835756	0.194707	0.013292	1.0000	Welded Male Connector (PT)
0.404524	0.813909	0.058627	0.010263	1.0000	Head Size
0.504726	0.815407	0.009452	0.008721	1.0000	T
0.805293	0.812500	0.015123	0.013081	1.0000	F
0.322920	0.807178	0.051899	0.011927	1.0000	Part No.
0.652174	0.806686	0.018904	0.011628	1.0000	L1
0.727788	0.806686	0.018904	0.013081	1.0000	L2
0.415879	0.799419	0.032136	0.011628	1.0000	(in)
0.491493	0.800872	0.034026	0.011628	1.0000	(PT)
0.797732	0.800872	0.030246	0.011628	1.0000	HEX.
0.875236	0.800872	0.030246	0.011628	1.0000	HEX.
0.317484	0.780174	0.060685	0.010873	1.0000	SM4WMCR
0.419660	0.779070	0.026465	0.013081	1.0000	1/4"
0.495274	0.780523	0.026465	0.011628	1.0000	1/4"
0.570888	0.779070	0.028355	0.013081	1.0000	4.35
0.646503	0.779070	0.028355	0.013081	1.0000	45.5
0.724008	0.779070	0.028355	0.011628	1.0000	23.4
0.795841	0.779070	0.035917	0.013081	1.0000	14.29
0.873346	0.779070	0.034026	0.011628	1.0000	19.05
0.317580	0.763081	0.062382	0.010174	1.0000	SM8WMCR
0.419660	0.761628	0.026465	0.011628	1.0000	1/2"
0.495274	0.761628	0.026465	0.011628	1.0000	1/2"
0.567108	0.761628	0.035917	0.013081	1.0000	10.22
0.646503	0.761628	0.028355	0.013081	1.0000	53.1
0.724008	0.761628	0.028355	0.013081	1.0000	25.6
0.795841	0.761628	0.035917	0.013081	1.0000	22.23
0.873346	0.761628	0.035917	0.013081	1.0000	26.66
0.300567	0.569767	0.204159	0.013188	1.0000	Welded Male Connector (NPT)
0.404446	0.547647	0.058784	0.010811	1.0000	Head Size
0.504726	0.547965	0.009452	0.010174	1.0000	T
0.323055	0.541173	0.051607	0.010738	1.0000	Part No.
0.652174	0.540698	0.018904	0.011628	1.0000	L1
0.727788	0.540698	0.018904	0.011628	1.0000	L2
0.415879	0.533430	0.034026	0.011628	1.0000	(in)
0.489603	0.536337	0.039698	0.008721	1.0000	(NPT)
0.797732	0.534884	0.030246	0.010174	1.0000	HEX.
0.875236	0.536337	0.030246	0.008721	1.0000	HEX.
0.317580	0.515988	0.062382	0.008721	1.0000	SM4WMCN
0.419660	0.514535	0.026465	0.010174	1.0000	1/4"
0.497164	0.515988	0.024575	0.008721	1.0000	1/4"
0.570888	0.514535	0.028355	0.010174	1.0000	4.35
0.648393	0.514535	0.026465	0.010174	1.0000	45.5
0.725898	0.515988	0.026465	0.008721	1.0000	23.4
0.797732	0.515988	0.034026	0.008721	1.0000	14.29
0.875236	0.515988	0.032136	0.008721	1.0000	19.05
0.315656	0.496964	0.064341	0.010433	1.0000	SM8WMCN
0.419660	0.497093	0.026465	0.010174	1.0000	1/2"
0.495274	0.497093	0.026465	0.010174	1.0000	1/2"
0.567108	0.497093	0.035917	0.010174	1.0000	10.22
0.648393	0.497093	0.026465	0.010174	1.0000	53.1
0.724008	0.495640	0.028355	0.011628	1.0000	25.6
0.797732	0.498547	0.034026	0.008721	1.0000	22.23
0.875236	0.498547	0.032136	0.008721	1.0000	26.66
0.300438	0.303695	0.208224	0.015353	1.0000	Welded Female Connector (PT)
0.402592	0.280354	0.060601	0.011967	1.0000	Head Size
0.502836	0.281977	0.011342	0.010174	1.0000	T
0.809074	0.281977	0.011342	0.010174	1.0000	F
0.884688	0.280523	0.011342	0.011628	1.0000	G
0.323032	0.275131	0.051632	0.010364	1.0000	Part No.
0.650284	0.273256	0.020794	0.013081	1.0000	L1
0.727788	0.274709	0.018904	0.011628	1.0000	L2
0.415879	0.267442	0.032136	0.011797	1.0000	(in )
0.491493	0.267442	0.034026	0.011628	1.0000	(PT)
0.797732	0.267442	0.032136	0.013081	1.0000	HEX.
0.873346	0.267442	0.032136	0.013081	1.0000	HEХ.
0.317554	0.248454	0.060544	0.010359	1.0000	SM4WFCR
0.419660	0.247093	0.026465	0.013081	1.0000	1/4"
0.495274	0.248547	0.026465	0.011628	1.0000	1/4"
0.570888	0.247093	0.028355	0.013081	1.0000	4.35
0.648393	0.247093	0.026465	0.011628	1.0000	45.0
0.724008	0.247093	0.028355	0.013081	1.0000	23.4
0.795841	0.247093	0.035917	0.011628	1.0000	19.05
0.873346	0.247093	0.034026	0.013081	1.0000	19.05
0.317555	0.229573	0.060542	0.011785	1.0000	SM8WFCR
0.419660	0.229651	0.026465	0.013081	1.0000	1/2"
0.495274	0.229651	0.026465	0.013081	1.0000	1/2"
0.567108	0.229651	0.035917	0.013081	1.0000	10.22
0.646503	0.229651	0.030246	0.013081	1.0000	55.4
0.724008	0.229651	0.028355	0.013081	1.0000	26.4
0.795841	0.229651	0.035917	0.011628	1.0000	26.99
0.873346	0.229651	0.034026	0.011628	1.0000	26.99
0.068053	0.052326	0.034026	0.010174	1.0000	NOTE:
0.071834	0.042151	0.429112	0.008721	1.0000	Dimensions and Drawings are for reference only and are subject to change without prior notice.
0.069943	0.031977	0.275992	0.008821	1.0000	•Unless otherwise specified, all dimensions are in millimeters.
0.697543	0.020349	0.217391	0.021802	1.0000	SUPERLOKUSA
0.939509	0.026163	0.020794	0.013081	1.0000	23
#FILE	tmp/pdfs/fitting_dimension_audit/superlok_uhp_ocr/ocr-22.png
0.043338	0.946060	0.174229	0.015664	1.0000	Weld & Metal Seal Fittings
0.300567	0.877907	0.219282	0.014659	1.0000	Welded Female Connector (NPT)
0.402647	0.856105	0.060491	0.011628	1.0000	Head Size
0.500945	0.854651	0.015123	0.013081	1.0000	T
0.321361	0.847235	0.052930	0.013230	1.0000	Part No.
0.652174	0.848837	0.018904	0.013081	1.0000	L1
0.727788	0.848837	0.018904	0.013081	1.0000	L2
0.415879	0.841570	0.035917	0.013081	1.0000	(in)
0.487713	0.843023	0.043478	0.011628	1.0000	(NPT)
0.797732	0.843023	0.032136	0.011628	1.0000	HEX.
0.873346	0.843023	0.032136	0.011628	1.0000	HEХ.
0.317508	0.822449	0.060636	0.012079	1.0000	SM4WFCN
0.419660	0.822674	0.026465	0.011628	1.0000	1/4"
0.495274	0.822674	0.026465	0.011628	1.0000	1/4"
0.570888	0.822674	0.028355	0.011628	1.0000	4.35
0.648393	0.822674	0.026465	0.011628	1.0000	45.0
0.724008	0.822674	0.028355	0.011628	1.0000	23.4
0.795841	0.822674	0.035917	0.011628	1.0000	19.05
0.873346	0.822674	0.034026	0.011628	1.0000	19.05
0.317489	0.804947	0.060674	0.012199	1.0000	SM8WFCN
0.419660	0.805233	0.026465	0.011628	1.0000	1/2"
0.495274	0.805233	0.026465	0.011628	1.0000	1/2"
0.567108	0.805233	0.035917	0.011628	1.0000	10.22
0.646503	0.805233	0.030246	0.011628	1.0000	55.4
0.724008	0.805233	0.028355	0.011628	1.0000	26.4
0.795841	0.805233	0.035917	0.011628	1.0000	26.99
0.873346	0.805233	0.034026	0.011628	1.0000	26.99
0.300567	0.598821	0.155009	0.013146	1.0000	Welded Lok Connector
0.406427	0.575581	0.034026	0.011628	1.0000	Head
0.465964	0.574860	0.034189	0.012941	1.0000	Tube
0.775047	0.577035	0.011342	0.010174	1.0000	F
0.829868	0.575581	0.018904	0.011628	1.0000	G1
0.888469	0.575581	0.020794	0.011628	1.0000	G2
0.323251	0.571170	0.051040	0.008772	1.0000	Part No.
0.536862	0.569767	0.013233	0.010174	1.0000	C
0.595463	0.569767	0.013233	0.010174	1.0000	D
0.657845	0.571221	0.009452	0.010174	1.0000	E
0.716446	0.569767	0.011342	0.011628	1.0000	L
0.396975	0.562500	0.113422	0.011843	1.0000	Size (in) Size (in)
0.763705	0.562500	0.030246	0.011628	1.0000	HEX.
0.822306	0.562500	0.032136	0.011628	1.0000	HEX.
0.884688	0.565407	0.026465	0.008721	1.0000	HEXХ
0.321303	0.541995	0.053045	0.011940	1.0000	SM4WSC
0.410208	0.542151	0.026465	0.011628	1.0000	1/4"
0.470699	0.542151	0.026465	0.011628	1.0000	1/4"
0.525520	0.542151	0.034026	0.011628	1.0000	17.78
0.584121	0.542151	0.035917	0.011628	1.0000	15.24
0.648393	0.542151	0.026465	0.011628	1.0000	4.35
0.703214	0.542151	0.034026	0.011628	1.0000	49.28
0.763705	0.543605	0.034026	0.010174	1.0000	12.70
0.822306	0.542151	0.034026	0.011628	1.0000	19.00
0.880048	0.541604	0.037679	0.013167	1.0000	17.00
0.321303	0.524553	0.053045	0.011940	1.0000	SM8WSC
0.410208	0.524709	0.026465	0.011628	1.0000	1/2"
0.470699	0.524709	0.026465	0.011628	1.0000	1/2"
0.525520	0.524709	0.034026	0.011628	1.0000	21.84
0.586011	0.527616	0.034026	0.008721	1.0000	22.86
0.646503	0.526163	0.032136	0.010174	1.0000	10.22
0.703214	0.524709	0.035917	0.011628	1.0000	56.64
0.761815	0.526163	0.035917	0.010174	1.0000	20.64
0.822306	0.524709	0.034026	0.011628	1.0000	26.00
0.882798	0.527616	0.034026	0.008721	1.0000	19.00
0.300567	0.318223	0.155009	0.014626	1.0000	Welded Female Union
0.453558	0.293285	0.060748	0.015175	1.0000	Head Size
0.322842	0.289344	0.051922	0.011012	1.0000	Part No.
0.654064	0.287791	0.015123	0.013081	1.0000	L
0.470699	0.281977	0.028355	0.014535	1.0000	(in)
0.824197	0.281977	0.030246	0.013081	1.0000	HEХ.
0.321322	0.262960	0.053009	0.010418	1.0000	SM4WFU
0.470699	0.261628	0.026465	0.013081	1.0000	1/4"
0.646503	0.261628	0.032136	0.014535	1.0000	43.4
0.820416	0.261628	0.035917	0.013081	1.0000	19.05
0.321245	0.245274	0.053161	0.010906	1.0000	SM8WFU
0.470699	0.244186	0.026465	0.013081	1.0000	1/2"
0.646503	0.244186	0.030246	0.014535	1.0000	46.7
0.822306	0.244186	0.034026	0.013081	1.0000	26.99
0.068039	0.053741	0.034054	0.007344	1.0000	NOTE:
0.069882	0.040411	0.431167	0.015394	1.0000	•Dimensions and Drawings are for reference only and are subject to change without prior notice.
0.041588	0.026163	0.020794	0.013081	1.0000	24
0.069943	0.031977	0.274102	0.008821	1.0000	•Unless otherwise specified, all dimensions are in millimeters.
0.695652	0.017442	0.219282	0.026163	1.0000	SUPERLOKUSA
#FILE	tmp/pdfs/fitting_dimension_audit/tk_ocr/ocr-05.png
0.634497	0.952035	0.293634	0.014632	1.0000	| WELD & METAL SEAL FITTINGS
0.958932	0.845930	0.018481	0.139535	1.0000	WELD & METAL SEAL FITTINGS
0.090349	0.873504	0.659138	0.024786	1.0000	TBW AND METAL FACE SEAL FITTINGS
0.094331	0.850342	0.564914	0.019558	1.0000	Components are ordered by product code as listed in this catalogue
0.094456	0.786325	0.332649	0.018908	1.0000	ORDERING INFORMATION
0.963039	0.687500	0.012320	0.125000	1.0000	UHP PRODUCTS / FITTING SERIES
0.178645	0.715116	0.024641	0.020349	1.0000	S
0.320329	0.718023	0.020534	0.015988	1.0000	4
0.607803	0.716570	0.020534	0.018895	1.0000	6
0.774127	0.718023	0.026694	0.017442	1.0000	P
0.164271	0.681686	0.053388	0.008721	1.0000	Material
0.320329	0.681686	0.026694	0.010174	1.0000	Size
0.451745	0.681686	0.049281	0.008721	1.0000	Product
0.574949	0.680233	0.088296	0.010366	1.0000	Sleeve Length
0.728953	0.681624	0.121150	0.008974	1.0000	Inner Surface Level
0.196934	0.650692	0.055824	0.012570	1.0000	Material
0.414784	0.654070	0.028747	0.008721	1.0000	Size
0.546201	0.649573	0.096509	0.013248	1.0000	Sleeve Length
0.733060	0.652564	0.125257	0.010256	1.0000	Inner Surface Level
0.106776	0.635043	0.143737	0.010306	1.0000	S : 316L Stainless Steel
0.409953	0.634498	0.046645	0.012726	1.0000	4 : 1/4"
0.560575	0.636628	0.073922	0.008721	1.0000	6 : 6.35mm
0.757677	0.633644	0.078075	0.011782	1.0000	BLANK: BA
0.106776	0.619186	0.205339	0.010301	1.0000	D : 316L Stainless Steel Remelted
0.410628	0.619080	0.043221	0.010387	1.0000	6 : 3/8"
0.560330	0.618599	0.068273	0.010310	1.0000	10 : 10mm
0.776181	0.619186	0.041068	0.010174	1.0000	P:EP
0.410385	0.601957	0.043852	0.010804	1.0000	8 : 1/2"
0.552361	0.601709	0.086242	0.010256	1.0000	19 : 19.05mm
0.402072	0.583484	0.054400	0.012789	1.0000	12 : 3/4"
0.408624	0.568314	0.041068	0.010319	1.0000	16 : 1"
0.472242	0.475171	0.055516	0.008960	1.0000	Product
0.188846	0.457723	0.039145	0.010427	1.0000	Elbow
0.521561	0.456395	0.032854	0.011628	1.0000	BLG
0.591344	0.457735	0.071932	0.010402	1.0000	Blind Gland
0.135524	0.441860	0.012320	0.008721	1.0000	T
0.185457	0.439448	0.029251	0.012326	1.0000	Tee
0.521561	0.438953	0.030801	0.011628	1.0000	MG
0.591376	0.440407	0.104723	0.010174	1.0000	Male Weld Gland
0.129363	0.422965	0.022587	0.010174	0.5000	CT
0.186858	0.422965	0.039014	0.010174	1.0000	Cross
0.527721	0.422965	0.022587	0.010174	1.0000	TA
0.589257	0.421266	0.086373	0.012119	1.0000	Tube Adapter
0.129363	0.405523	0.022587	0.011628	1.0000	TB
0.184805	0.405523	0.045175	0.011628	1.0000	Tribow
0.529774	0.408430	0.020534	0.008721	1.0000	ВH
0.589322	0.405523	0.100616	0.011628	1.0000	Bulkhead Union
0.135524	0.390988	0.012320	0.008721	1.0000	R
0.188867	0.390851	0.053477	0.008996	1.0000	Reducer
0.591376	0.390988	0.078029	0.008721	1.0000	Union Cross
0.129363	0.372093	0.022587	0.010174	1.0000	FN
0.186858	0.373504	0.073922	0.010256	1.0000	Female Nut
0.525667	0.373547	0.026694	0.010174	1.0000	MC
0.591376	0.373504	0.098563	0.008974	1.0000	Male Connector
0.127310	0.356105	0.026694	0.010174	1.0000	MN
0.188793	0.357167	0.055678	0.009503	1.0000	Male Nut
0.523614	0.357558	0.026694	0.008721	1.0000	FC
0.591376	0.355983	0.114990	0.010296	1.0000	Female Connector
0.129363	0.338663	0.022587	0.011628	1.0000	CP
0.184805	0.337209	0.030801	0.013081	1.0000	Cap
0.521561	0.338663	0.030801	0.011628	1.0000	ME
0.589212	0.338304	0.074142	0.012346	1.0000	Male Elbow
0.131417	0.322674	0.022587	0.010174	1.0000	PG
0.182840	0.318739	0.036310	0.015362	1.0000	Plug
0.521561	0.321221	0.030801	0.011628	1.0000	UT
0.589186	0.320825	0.065981	0.012421	1.0000	Union Tee
0.129363	0.305233	0.022587	0.011628	1.0000	GT
0.184735	0.305083	0.049422	0.011927	1.0000	Gasket
0.523614	0.306686	0.028747	0.008721	1.0000	MU
0.591376	0.306686	0.117043	0.008721	1.0000	Double Male Union
0.129363	0.287791	0.022587	0.011628	1.0000	GB
0.184719	0.287479	0.082308	0.012250	1.0000	Blind Gasket
0.523614	0.289244	0.026694	0.010174	1.0000	FU
0.591376	0.289244	0.133470	0.010328	1.0000	Double Female Union
0.129363	0.271802	0.024641	0.010174	1.0000	GR
0.184805	0.270349	0.162218	0.011702	1.0000	Gasket Retainer Assembly
0.521561	0.271802	0.028747	0.010174	1.0000	UE
0.591376	0.273077	0.078029	0.008974	1.0000	Union Elbow
0.129363	0.254360	0.022587	0.011628	1.0000	SG
0.184805	0.254274	0.090349	0.011715	1.0000	Female Gland
0.521561	0.254360	0.034908	0.011628	1.0000	MCK
0.589322	0.252907	0.139630	0.013081	1.0000	Tube Fitting Connector
0.123203	0.236919	0.034908	0.011628	1.0000	ASG
0.186858	0.238372	0.149897	0.010346	1.0000	Automatic Female Gland
0.517454	0.236919	0.043121	0.011628	1.0000	ВHСК
0.589322	0.235465	0.199179	0.013253	1.0000	Tube Fitting Bulkhead Connector
0.117043	0.220930	0.047228	0.011628	1.0000	SWSG
0.184805	0.220930	0.154004	0.011628	1.0000	Socket Weld Short Gland
0.521524	0.220868	0.034980	0.010299	1.0000	ВHС
0.591376	0.222222	0.158111	0.008974	1.0000	Male Bulkhead Connector
0.129363	0.203488	0.022587	0.011628	1.0000	LG
0.184635	0.202926	0.074261	0.012753	1.0000	Male Gland
0.523614	0.204942	0.028747	0.010174	1.0000	CG
0.588951	0.202389	0.058395	0.013360	1.0000	Coupling
0.125257	0.187500	0.030801	0.010174	1.0000	ALG
0.184805	0.187500	0.135524	0.011645	1.0000	Automatic Male Gland
0.521561	0.187500	0.030801	0.010174	1.0000	RA
0.591376	0.185897	0.110883	0.011966	1.0000	Reducing Adapter
0.118981	0.169842	0.043351	0.012060	1.0000	SWLG
0.184805	0.168605	0.151951	0.013081	1.0000	Socket Weld Long Gland
0.523614	0.171512	0.026694	0.010174	1.0000	RB
0.589002	0.167697	0.113557	0.014170	1.0000	Reducing Bushing
0.121150	0.154070	0.028747	0.010174	1.0000	HLG
0.186858	0.155523	0.119097	0.008721	1.0000	H-MFS Male Gland
0.523614	0.155523	0.032854	0.008721	1.0000	HBY
0.591115	0.152493	0.109386	0.013018	1.0000	H-MFS Tbw Body
0.117043	0.136628	0.034908	0.011628	1.0000	HFN
0.186858	0.138034	0.121150	0.010256	1.0000	H-MFS Female Nut
0.519507	0.138081	0.041068	0.010174	1.0000	HABY
0.591376	0.136628	0.108830	0.010381	1.0000	H-MFS Abw Body
0.117043	0.120640	0.034908	0.010174	1.0000	HMN
0.186858	0.120513	0.104723	0.010301	1.0000	H-MFS Male Nut
0.517454	0.120640	0.043121	0.010174	1.0000	HBHY
0.589322	0.119186	0.172485	0.011628	1.0000	H-MFS Bulkhead Connector
0.665298	0.043590	0.262834	0.008736	1.0000	• Dimensions are for reference only and are subject to change.
0.767967	0.020349	0.160164	0.011702	1.0000	TK-FUJIKIN Total Products 013
#FILE	tmp/pdfs/fitting_dimension_audit/tk_ocr/ocr-06.png
0.069815	0.952035	0.291581	0.014632	1.0000	WELD & METAL SEAL FITTINGS |
0.022587	0.847384	0.012320	0.139535	1.0000	WELD & METAL SEAL FITTINGS
0.096509	0.867521	0.402464	0.038034	1.0000	WELD FITTINGS
0.094456	0.838462	0.519507	0.016239	1.0000	MICRO WELD FITTINGS / FORGED WELD FITTINGS
0.024641	0.687500	0.012320	0.125000	1.0000	UHP PRODUCTS / FITTING SERIES
0.092319	0.521493	0.094624	0.013699	1.0000	FEATURES
0.094456	0.504274	0.086242	0.008974	1.0000	• 316L Material
0.665298	0.492733	0.024641	0.010174	1.0000	TKF
0.094379	0.486560	0.425194	0.013553	1.0000	• Permanently Heat code marked; traceable to original mill certificate of test.
0.094456	0.473837	0.472279	0.010351	1.0000	• Electropolished components permanently marked with designator on cube(P or PX)
0.092402	0.459302	0.439425	0.010356	1.0000	• Critical surfaces are 100% visually inspected using magnification and lighting.
0.094248	0.396017	0.105138	0.016105	1.0000	MATERIALS
0.094456	0.379360	0.361396	0.008721	1.0000	Stainless Steel standards are in comliance with the below codes.
0.094456	0.364826	0.256674	0.008721	1.0000	JIS G4303 / G3214 / G5121 / G3459 / G3463
0.094456	0.350291	0.266940	0.008721	1.0000	ASTM A479 / A276 / A182 / A351 / A312 / A269
0.094373	0.334035	0.429308	0.013207	1.0000	"Stainless Steel Remelted" is made of VAR(Vacuum Arc Remelting) material.
0.092402	0.271802	0.147844	0.014535	1.0000	SPECIFICATIONS
0.094456	0.252907	0.347023	0.010341	1.0000	Pressure Ratings will be governed by the tubing selected for a
0.521561	0.252907	0.351129	0.010341	1.0000	• Dimensions are for reference only and are subject to change.
0.094352	0.236961	0.369813	0.014073	1.0000	particular application. Working Pressures are calculated below for
0.521473	0.238289	0.318464	0.013143	1.0000	• Internal Surface Finishes: Standard finish Micro Fittings
0.094456	0.223837	0.363450	0.010351	1.0000	tubing using maximum allowable stress levels in accordance with
0.523562	0.222448	0.351244	0.013117	1.0000	have an internal Surface Roughness of 3.0um Ry / 10uin Ra.
0.094456	0.210684	0.248460	0.010256	1.0000	ASME/ANSI B31.3, at ambient temperature.
0.521561	0.210684	0.314168	0.010256	1.0000	• Electropolished Micro Fittings have an internal Surface
0.527721	0.196154	0.199179	0.010256	1.0000	Roughness of 0.7um Ry / 5uin Ra.
0.237930	0.172742	0.095068	0.011552	1.0000	Pressure Rating
0.658861	0.172377	0.109412	0.012096	1.0000	Surface Finish(Ry)
0.127310	0.170058	0.030801	0.008721	1.0000	Tube
0.392197	0.170058	0.071869	0.008721	1.0000	Normal Wall
0.786178	0.172431	0.109389	0.011778	1.0000	Surface Finish(Ra)
0.129363	0.161337	0.026694	0.007267	1.0000	O.D.
0.398357	0.161337	0.059548	0.007267	1.0000	Thickness
0.554035	0.163659	0.066265	0.010511	1.0000	Designator
0.223819	0.155523	0.028747	0.008721	1.0000	psig
0.309946	0.155248	0.047460	0.010724	1.0000	kgf/cm*
0.683694	0.156682	0.059716	0.009310	1.0000	Maximum
0.811088	0.156977	0.059548	0.008721	1.0000	Maximum
0.127310	0.139535	0.030801	0.008721	1.0000	1/4in.
0.223819	0.139535	0.028747	0.008721	1.0000	5100
0.322382	0.139535	0.022587	0.008721	1.0000	358
0.414784	0.140988	0.028747	0.007267	1.0000	1mm
0.577002	0.140988	0.020534	0.008721	1.0000	EP
0.696085	0.139508	0.034935	0.008776	1.0000	0.7pm
0.821355	0.139535	0.039014	0.008756	1.0000	5 uinch
0.127263	0.123464	0.030894	0.008887	1.0000	3/8in.
0.221766	0.122093	0.030801	0.010174	1.0000	3300
0.322382	0.123547	0.022587	0.008721	1.0000	232
0.414784	0.123547	0.028747	0.007267	1.0000	1mm
0.696099	0.122093	0.034908	0.010174	1.0000	3.0um
0.819163	0.122156	0.043572	0.009668	1.0000	10 pinch
0.127310	0.106105	0.030801	0.008721	1.0000	1/2in.
0.221766	0.104651	0.030801	0.010174	1.0000	3500
0.320329	0.104651	0.024641	0.010174	1.0000	246
0.406571	0.106105	0.045175	0.008721	1.0000	1.24mm
0.069815	0.042151	0.262834	0.010174	1.0000	• Dimensions are for reference only and are subject to change.
0.069815	0.020349	0.164271	0.013081	1.0000	014 TK-FUJIKIN Total Products
#FILE	tmp/pdfs/fitting_dimension_audit/tk_ocr/ocr-07.png
0.634497	0.952035	0.293634	0.014632	1.0000	| WELD & METAL SEAL FITTINGS
0.071869	0.906838	0.396304	0.024848	1.0000	MICRO WELD FITTINGS
0.958932	0.845930	0.018481	0.139535	1.0000	WELD & METAL SEAL FITTINGS
0.236140	0.852991	0.133470	0.011966	1.0000	MICRO REDUCER
0.251583	0.833609	0.028756	0.010644	1.0000	Size
0.308826	0.833609	0.028977	0.010487	1.0000	Size
0.381930	0.834302	0.051335	0.008721	1.0000	Ordering
0.254620	0.825581	0.024641	0.008721	1.0000	(OD)
0.308008	0.825581	0.032854	0.008721	1.0000	(OD1)
0.486653	0.828488	0.014374	0.010174	1.0000	D
0.552361	0.829942	0.018480	0.010174	1.0000	D1
0.622177	0.831395	0.012320	0.008721	1.0000	T
0.817248	0.828488	0.018480	0.011628	1.0000	В1
0.381556	0.824992	0.049849	0.008912	1.0000	Number
0.254620	0.808140	0.022587	0.008721	1.0000	3/8"
0.312115	0.808140	0.022587	0.008721	1.0000	1/4"
0.381930	0.808120	0.049281	0.008741	1.0000	•6 x 4R6
0.484600	0.808140	0.026694	0.008721	1.0000	9.53
0.550308	0.808140	0.026694	0.008721	1.0000	6.35
0.611910	0.806686	0.028747	0.010174	1.0000	1.00
0.681725	0.808140	0.024641	0.008721	1.0000	1.00
0.747433	0.808140	0.026694	0.008721	1.0000	6.35
0.813142	0.806686	0.026694	0.010174	1.0000	10.4
0.880903	0.808140	0.024641	0.008721	1.0000	19.1
0.254620	0.792151	0.022587	0.007267	1.0000	1/2"
0.312115	0.792151	0.022587	0.008721	1.0000	1/4"
0.381909	0.792079	0.049324	0.007412	1.0000	•8 x 4R6
0.478439	0.792151	0.032854	0.007267	1.0000	12.70
0.550308	0.790698	0.026694	0.010174	1.0000	6.35
0.616016	0.792151	0.024641	0.008721	1.0000	1.24
0.681725	0.792151	0.026694	0.007267	1.0000	1.00
0.747433	0.792151	0.026694	0.008721	1.0000	6.35
0.815195	0.792151	0.024641	0.007267	1.0000	10.4
0.880903	0.792151	0.024641	0.007267	1.0000	19.1
0.254620	0.774709	0.022587	0.008721	1.0000	1/2"
0.312115	0.774709	0.022587	0.008721	1.0000	3/8"
0.381880	0.774566	0.049382	0.009007	1.0000	08 x 6R6
0.478439	0.774709	0.032854	0.008721	1.0000	12.70
0.550308	0.774709	0.026694	0.008721	1.0000	9.53
0.616016	0.774709	0.024641	0.008721	1.0000	1.24
0.681725	0.774709	0.024641	0.008721	1.0000	1.00
0.747433	0.774709	0.026694	0.008721	1.0000	6.35
0.815195	0.774709	0.024641	0.008721	1.0000	10.4
0.880903	0.774709	0.024641	0.008721	1.0000	19.1
0.254620	0.758721	0.022587	0.007267	1.0000	3/4"
0.312115	0.758721	0.022587	0.008721	1.0000	1/4"
0.381761	0.756695	0.055780	0.009866	1.0000	•12 x 4R6
0.477333	0.756488	0.033088	0.012213	1.0000	19.05
0.550308	0.757267	0.026694	0.008721	1.0000	6.35
0.613963	0.755814	0.026694	0.010174	1.0000	1.65
0.681725	0.757267	0.024641	0.008721	1.0000	1.00
0.745380	0.757267	0.028747	0.010174	1.0000	6.35
0.815195	0.757267	0.024641	0.008721	1.0000	10.4
0.880903	0.758721	0.024641	0.008721	1.0000	19.1
0.963039	0.687500	0.012320	0.125000	1.0000	UHP PRODUCTS / FITTING SERIES
0.254620	0.741279	0.022587	0.008721	1.0000	3/4"
0.312115	0.741279	0.020534	0.008721	1.0000	3/8"
0.383884	0.740964	0.053588	0.009351	1.0000	•12 x 6R6
0.478439	0.741279	0.030801	0.008721	1.0000	19.05
0.550308	0.741279	0.026694	0.008721	1.0000	9.53
0.616016	0.741279	0.024641	0.008721	1.0000	1.65
0.681725	0.741279	0.024641	0.008721	1.0000	1.00
0.747433	0.741279	0.026694	0.008721	1.0000	6.35
0.815195	0.741279	0.024641	0.008721	1.0000	10.4
0.880903	0.741279	0.024641	0.008721	1.0000	19.1
0.254620	0.725291	0.022587	0.007267	1.0000	3/4"
0.312115	0.723837	0.022587	0.008721	1.0000	1/2"
0.381909	0.723770	0.055484	0.008855	1.0000	•12 x 8R6
0.478439	0.723837	0.032854	0.008721	1.0000	19.05
0.546201	0.723837	0.030801	0.008721	1.0000	12.70
0.616016	0.723837	0.024641	0.008721	1.0000	1.65
0.681725	0.723837	0.026694	0.008721	1.0000	1.24
0.747433	0.723837	0.026694	0.008721	1.0000	6.35
0.815195	0.723837	0.024641	0.008721	1.0000	10.4
0.880903	0.725291	0.024641	0.007267	1.0000	19.1
0.236140	0.691860	0.232033	0.013268	1.0000	MICRO REDUCING 90° ELBOW
0.251687	0.672487	0.028755	0.010139	1.0000	Size
0.310062	0.674419	0.026694	0.007267	1.0000	Size
0.386037	0.672965	0.051335	0.007267	1.0000	Ordering
0.607803	0.668605	0.010267	0.010174	1.0000	T
0.835729	0.672965	0.012320	0.008721	1.0000	F
0.492813	0.668605	0.012320	0.008721	1.0000	D
0.548255	0.668605	0.018480	0.008721	1.0000	D1
0.661191	0.667151	0.016427	0.010174	1.0000	T1
0.720739	0.668605	0.012320	0.008721	1.0000	A
0.776181	0.667151	0.014374	0.010174	1.0000	B
0.893224	0.668605	0.010267	0.008721	1.0000	L
0.250513	0.664244	0.028747	0.008721	1.0000	(OD)
0.308008	0.664244	0.032854	0.008721	1.0000	(OD1)
0.388090	0.665698	0.047228	0.005814	1.0000	Number
0.813142	0.664103	0.057495	0.008974	1.0000	Body Cube
0.254620	0.646802	0.022587	0.008721	1.0000	3/8"
0.312115	0.646802	0.022587	0.008721	1.0000	1/4"
0.387869	0.646162	0.047670	0.010001	1.0000	•6 x 4E6
0.486653	0.645349	0.028747	0.010174	1.0000	9.53
0.544148	0.645349	0.028747	0.010174	1.0000	6.35
0.597536	0.645349	0.028747	0.010174	1.0000	1.00
0.655031	0.645349	0.028747	0.010174	1.0000	1.00
0.710472	0.645349	0.032854	0.010174	1.0000	11.91
0.770021	0.645349	0.028747	0.010174	1.0000	6.35
0.827515	0.646802	0.028747	0.008721	1.0000	11.11
0.882957	0.646802	0.030801	0.008721	1.0000	17.46
0.254620	0.630814	0.022587	0.007267	1.0000	1/2"
0.312115	0.630814	0.022587	0.008721	1.0000	1/4"
0.387964	0.629007	0.047480	0.009428	1.0000	08 × 4E6
0.484600	0.630814	0.030801	0.007267	1.0000	12.70
0.546201	0.629360	0.026694	0.008721	1.0000	6.35
0.599589	0.629360	0.026694	0.008721	1.0000	1.24
0.657084	0.629360	0.026694	0.008721	1.0000	1.00
0.712526	0.629360	0.030801	0.008721	1.0000	13.50
0.770021	0.629360	0.026694	0.010174	1.0000	6.35
0.825462	0.629360	0.030801	0.008721	1.0000	14.29
0.882957	0.630814	0.030801	0.007267	1.0000	20.64
0.135524	0.613372	0.030801	0.008721	1.0000	TKF
0.254620	0.613372	0.022587	0.008721	1.0000	1/2"
0.312115	0.613372	0.022587	0.008721	1.0000	3/8"
0.388090	0.613248	0.047228	0.008974	1.0000	•8 х 6Е6
0.484600	0.613372	0.030801	0.008721	1.0000	12.70
0.546201	0.613372	0.026694	0.008721	1.0000	9.53
0.599589	0.613372	0.026694	0.008721	1.0000	1.24
0.657084	0.613372	0.026694	0.008721	1.0000	1.00
0.710472	0.611919	0.032854	0.010174	1.0000	13.50
0.772074	0.613372	0.024641	0.008721	1.0000	6.35
0.825462	0.613372	0.032854	0.008721	1.0000	14.29
0.882957	0.613372	0.032854	0.008721	1.0000	20.64
0.127310	0.598837	0.043121	0.004360	0.5000	0058
0.254620	0.595930	0.022587	0.008721	1.0000	3/4"
0.312115	0.595930	0.022587	0.010174	1.0000	1/4"
0.388050	0.595806	0.053469	0.008970	1.0000	•12 x 4E6
0.482546	0.595930	0.032854	0.008721	1.0000	19.05
0.546201	0.595930	0.026694	0.008721	1.0000	6.35
0.599589	0.595930	0.026694	0.008721	1.0000	1.65
0.657084	0.595930	0.026694	0.008721	1.0000	1.00
0.712526	0.595930	0.030801	0.008721	1.0000	16.68
0.772074	0.595930	0.024641	0.008721	1.0000	6.35
0.823409	0.594477	0.034908	0.010174	1.0000	20.65
0.880903	0.595930	0.032854	0.008721	1.0000	27.00
0.125157	0.589777	0.047428	0.007945	1.0000	010447-03
0.254620	0.579942	0.022587	0.008721	1.0000	3/4"
0.312115	0.579942	0.022587	0.008721	1.0000	3/8"
0.388067	0.579870	0.053435	0.008864	1.0000	•12 x 6E6
0.482546	0.579942	0.032854	0.008721	1.0000	19.05
0.546201	0.579942	0.026694	0.008721	1.0000	9.53
0.601643	0.579942	0.024641	0.008721	1.0000	1.65
0.657084	0.579942	0.026694	0.008721	1.0000	1.00
0.712526	0.579942	0.030801	0.008721	1.0000	16.68
0.772074	0.579942	0.024641	0.008721	1.0000	6.35
0.825462	0.579942	0.032854	0.008721	1.0000	20.65
0.882957	0.579942	0.030801	0.008721	1.0000	27.00
0.254620	0.562500	0.024641	0.008721	1.0000	3/4"
0.312115	0.562500	0.022587	0.008721	1.0000	1/2"
0.388039	0.562339	0.053492	0.009042	1.0000	•12 x 8E6
0.484600	0.562500	0.030801	0.008721	1.0000	19.05
0.542094	0.562500	0.030801	0.008721	1.0000	12.70
0.601643	0.562500	0.024641	0.008721	1.0000	1.65
0.657084	0.562500	0.026694	0.008721	1.0000	1.24
0.712526	0.562500	0.030801	0.008721	1.0000	16.68
0.772074	0.562500	0.024641	0.008721	1.0000	6.35
0.825462	0.562500	0.032854	0.008721	1.0000	20.65
0.882957	0.562500	0.030801	0.008721	1.0000	27.00
0.236140	0.513081	0.145791	0.013081	1.0000	MICRO 90° ELBOW
0.252567	0.495640	0.026694	0.008721	1.0000	Size
0.342867	0.494040	0.051433	0.009014	1.0000	Ordering
0.476386	0.489826	0.012320	0.010174	1.0000	D
0.558522	0.491279	0.010267	0.008721	1.0000	T
0.770021	0.484012	0.069815	0.018980	1.0000	Body Cube
0.880903	0.489826	0.012320	0.010174	1.0000	L
0.250513	0.485465	0.028747	0.008721	1.0000	(OD)
0.342744	0.484932	0.051677	0.009788	1.0000	Number
0.254620	0.469477	0.022587	0.007267	1.0000	1/4"
0.353183	0.468023	0.030801	0.008721	1.0000	D4E6
0.472279	0.468023	0.026694	0.008721	1.0000	6.35
0.548255	0.466570	0.028747	0.010174	1.0000	1.00
0.626283	0.466570	0.034908	0.010174	1.0000	10.32
0.710472	0.466570	0.028747	0.011628	1.0000	6.35
0.792608	0.466570	0.026694	0.010174	1.0000	7.94
0.868583	0.466570	0.034908	0.010174	1.0000	14.29
0.254620	0.452035	0.022587	0.008721	1.0000	3/8"
0.353183	0.452035	0.030801	0.008721	1.0000	•6Е6
0.472279	0.452035	0.026694	0.008721	1.0000	9.53
0.550308	0.452035	0.026694	0.008721	1.0000	1.00
0.628337	0.452035	0.030801	0.008721	1.0000	11.91
0.712526	0.452035	0.026694	0.008721	1.0000	6.35
0.792608	0.452035	0.028747	0.007267	1.0000	11.11
0.870637	0.452035	0.032854	0.008721	1.0000	17.46
0.254620	0.434593	0.022587	0.008721	1.0000	1/2"
0.353183	0.434593	0.030801	0.008721	1.0000	•8Е6
0.468172	0.434593	0.030801	0.008721	1.0000	12.70
0.550308	0.434593	0.026694	0.008721	1.0000	1.24
0.628337	0.434593	0.032854	0.008721	1.0000	13.50
0.712526	0.434593	0.026694	0.008721	1.0000	6.35
0.790554	0.434593	0.030801	0.008721	1.0000	14.29
0.870637	0.434593	0.032854	0.008721	1.0000	20.64
0.133470	0.430233	0.028747	0.008721	1.0000	TKF
0.125257	0.424419	0.041068	0.004360	1.0000	316LVPx
0.125257	0.415698	0.045175	0.007267	1.0000	DO58
0.254620	0.418605	0.022587	0.008721	1.0000	3/4"
0.353183	0.418605	0.036961	0.008721	1.0000	•12E6
0.466119	0.418605	0.032854	0.007267	1.0000	19.05
0.548255	0.415698	0.028747	0.011628	1.0000	1.65
0.626283	0.415698	0.034908	0.011628	1.0000	16.68
0.710472	0.415698	0.028747	0.011628	1.0000	6.35
0.790554	0.417151	0.030801	0.008721	1.0000	20.65
0.867339	0.414575	0.037173	0.013743	1.0000	27.00
0.125257	0.409884	0.043121	0.005814	1.0000	010447-03
0.236140	0.334188	0.266940	0.014649	1.0000	MICRO EXTENDED LEG 90° ELBOW
0.252567	0.316860	0.026694	0.008721	1.0000	Size
0.348103	0.314734	0.055398	0.013454	1.0000	Ordering
0.482546	0.312500	0.014374	0.007267	1.0000	D
0.552361	0.312500	0.012320	0.008721	1.0000	T
0.683778	0.309593	0.014374	0.010174	1.0000	A1
0.753593	0.311047	0.010267	0.010174	1.0000	B
0.819302	0.312500	0.014374	0.008721	1.0000	В1
0.254620	0.308140	0.022587	0.007267	1.0000	(OD
0.350906	0.307648	0.047702	0.008632	1.0000	Number
0.857900	0.305845	0.068594	0.019124	1.0000	Body Cube
0.254620	0.290698	0.022587	0.008721	1.0000	1/4"
0.353183	0.290698	0.043121	0.008721	1.0000	•4EX11
0.474333	0.289244	0.028747	0.010174	1.0000	6.35
0.542094	0.287791	0.028747	0.011628	1.0000	1.00
0.607803	0.287791	0.032854	0.011628	1.0000	12.30
0.675565	0.287791	0.030801	0.011628	1.0000	17.38
0.745380	0.287791	0.026694	0.011628	1.0000	6.35
0.809035	0.287791	0.032854	0.011628	1.0000	11.43
0.876797	0.289244	0.030801	0.010174	1.0000	11.11
0.236140	0.191860	0.145791	0.014550	1.0000	MICRO 45° ELBOW
0.252567	0.174419	0.026694	0.008721	1.0000	Size
0.340354	0.172603	0.054508	0.010896	1.0000	Ordering
0.474333	0.168605	0.020534	0.010174	1.0000	D
0.558522	0.168605	0.010267	0.010174	1.0000	T
0.800821	0.172965	0.010267	0.008721	1.0000	F
0.252567	0.164244	0.026694	0.008721	1.0000	(OD)
0.342916	0.165698	0.051335	0.007267	1.0000	Number
0.880903	0.168605	0.012320	0.008721	1.0000	L
0.772074	0.164103	0.065708	0.008974	1.0000	Body Cube
0.254620	0.148256	0.022587	0.008721	1.0000	1/4"
0.349076	0.148256	0.039014	0.007267	1.0000	•4HE6
0.472279	0.146802	0.026694	0.008721	1.0000	6.35
0.550308	0.146802	0.026694	0.008721	1.0000	1.00
0.628337	0.146802	0.032854	0.008721	1.0000	10.32
0.710472	0.145349	0.028747	0.010174	1.0000	6.35
0.794661	0.146802	0.024641	0.008721	1.0000	7.94
0.872690	0.146802	0.030801	0.008721	1.0000	11.96
0.254620	0.130814	0.022587	0.008721	1.0000	3/8"
0.349076	0.130814	0.039014	0.008721	1.0000	•6HE6
0.470226	0.129360	0.028747	0.010174	1.0000	9.53
0.552361	0.130814	0.024641	0.008721	1.0000	1.00
0.630390	0.130814	0.030801	0.007267	1.0000	11.91
0.710472	0.129360	0.028747	0.010174	1.0000	6.35
0.792608	0.130814	0.028747	0.007267	1.0000	11.11
0.870637	0.130814	0.032854	0.007267	1.0000	14.21
0.254620	0.114826	0.020534	0.007267	1.0000	1/2"
0.349076	0.113372	0.039014	0.008721	1.0000	•8HE6
0.466119	0.113372	0.032854	0.008721	1.0000	12.70
0.550308	0.113372	0.026694	0.008721	1.0000	1.24
0.626283	0.111919	0.034908	0.010174	1.0000	13.50
0.710472	0.111919	0.028747	0.010174	1.0000	6.35
0.788501	0.111919	0.032854	0.010174	1.0000	14.29
0.868583	0.111919	0.034908	0.010174	1.0000	16.46
0.254620	0.097384	0.022587	0.008721	1.0000	З/4"
0.349053	0.097313	0.045220	0.007409	1.0000	•12HE6
0.466119	0.094477	0.032854	0.011628	1.0000	19.05
0.548255	0.094477	0.028747	0.010174	1.0000	1.65
0.628337	0.095930	0.032854	0.008721	1.0000	16.68
0.710472	0.094477	0.028747	0.011628	1.0000	6.35
0.790554	0.095930	0.030801	0.008721	1.0000	20.65
0.868583	0.094477	0.034908	0.011628	1.0000	20.95
0.665298	0.043590	0.262834	0.008736	1.0000	• Dimensions are for reference only and are subject to change.
0.769792	0.018795	0.160592	0.014716	1.0000	TK-FUJIKIN Total Products 015
#FILE	tmp/pdfs/fitting_dimension_audit/tk_ocr/ocr-08.png
0.069815	0.952035	0.291581	0.014632	1.0000	WELD & METAL SEAL FITTINGS |
0.022587	0.847384	0.012320	0.139535	1.0000	WELD & METAL SEAL FITTINGS
0.236140	0.886628	0.086242	0.011663	1.0000	MICRO TEE
0.254620	0.869186	0.024641	0.008721	1.0000	Size
0.342402	0.867370	0.052460	0.010823	1.0000	Ordering
0.476386	0.864826	0.012320	0.007267	1.0000	D
0.558522	0.863372	0.010267	0.008721	1.0000	T
0.718686	0.864826	0.012320	0.007267	1.0000	B
0.770021	0.857558	0.069815	0.017442	1.0000	Body Cube
0.880903	0.863372	0.012320	0.008721	1.0000	L
0.252567	0.859012	0.026694	0.008721	1.0000	(OD)
0.344969	0.859012	0.049281	0.008721	1.0000	Number
0.254620	0.841570	0.024641	0.008721	1.0000	1/4"
0.353183	0.843023	0.030801	0.007267	1.0000	04T6
0.470226	0.840116	0.028747	0.010174	1.0000	6.35
0.550308	0.841570	0.024641	0.008721	1.0000	1.00
0.628337	0.841570	0.032854	0.008721	1.0000	10.32
0.710472	0.840116	0.028747	0.011628	1.0000	6.35
0.792608	0.841570	0.024641	0.010174	1.0000	7.94
0.870637	0.841570	0.032854	0.008721	1.0000	20.64
0.254620	0.825581	0.022587	0.008721	1.0000	3/8"
0.353183	0.825581	0.030801	0.008721	1.0000	•6T6
0.472279	0.825581	0.026694	0.008721	1.0000	9.53
0.550308	0.825581	0.026694	0.008721	1.0000	1.00
0.630390	0.825581	0.028747	0.008721	1.0000	11.91
0.710472	0.824128	0.028747	0.010174	1.0000	6.35
0.792608	0.825581	0.028747	0.008721	1.0000	11.11
0.870637	0.825581	0.032854	0.008721	1.0000	23.81
0.254620	0.808140	0.022587	0.008721	1.0000	1/2"
0.353183	0.808140	0.030801	0.008721	1.0000	•8T6
0.466119	0.808140	0.032854	0.008721	1.0000	12.70
0.550308	0.808140	0.026694	0.008721	1.0000	1.24
0.628337	0.808140	0.032854	0.008721	1.0000	13.50
0.710472	0.806686	0.028747	0.010174	1.0000	6.35
0.790554	0.808140	0.030801	0.008721	1.0000	14.29
0.870637	0.808140	0.032854	0.008721	1.0000	26.99
0.254620	0.792151	0.024641	0.007267	1.0000	3/4"
0.353183	0.792151	0.036961	0.007267	1.0000	•12T6
0.466119	0.792151	0.032854	0.008721	1.0000	19.05
0.552361	0.792151	0.024641	0.008721	1.0000	1.65
0.628337	0.790698	0.032854	0.008721	1.0000	16.68
0.710472	0.789244	0.028747	0.011628	1.0000	6.35
0.790554	0.792151	0.030801	0.007267	1.0000	20.65
0.870637	0.792151	0.032854	0.008721	1.0000	33.35
0.022587	0.687500	0.014374	0.125000	1.0000	UHP PRODUCTS / FITTING SERIES
0.236140	0.707692	0.172485	0.013248	1.0000	MICRO REDUCING TEE
0.253353	0.689691	0.027176	0.010152	1.0000	Size
0.310062	0.691860	0.026694	0.007267	1.0000	Size
0.385502	0.688572	0.052513	0.010933	1.0000	Ordering
0.492813	0.686047	0.012320	0.008721	1.0000	D
0.548255	0.686047	0.016427	0.008721	1.0000	D1
0.607803	0.686047	0.012320	0.008721	1.0000	T
0.661191	0.684593	0.016427	0.010174	0.5000	T1
0.893224	0.686047	0.010267	0.008721	1.0000	L
0.254620	0.681686	0.024641	0.007267	1.0000	(OD)
0.308008	0.681686	0.032854	0.007267	1.0000	(OD1)
0.385935	0.681323	0.049486	0.007993	1.0000	Number
0.813102	0.681553	0.057575	0.008987	1.0000	Body Cube
0.254620	0.664244	0.022587	0.007267	1.0000	3/8
0.312115	0.664244	0.022587	0.008721	1.0000	1/4"
0.387997	0.662531	0.047415	0.009241	1.0000	•6 ×4T6
0.488706	0.664244	0.026694	0.008721	1.0000	9.53
0.546201	0.664244	0.026694	0.008721	1.0000	6.35
0.601643	0.664244	0.024641	0.008721	1.0000	1.00
0.657084	0.664244	0.026694	0.008721	1.0000	1.00
0.712526	0.664244	0.030801	0.007267	1.0000	11.91
0.772074	0.664244	0.024641	0.007267	1.0000	6.35
0.827515	0.664244	0.028747	0.007267	1.0000	11.11
0.882957	0.664244	0.030801	0.007267	1.0000	23.81
0.254620	0.646802	0.022587	0.008721	1.0000	1/2"
0.312115	0.646802	0.022587	0.008721	1.0000	1/4"
0.388054	0.646703	0.047300	0.008919	1.0000	•8 x 4T6
0.484600	0.646802	0.030801	0.008721	1.0000	12.70
0.544148	0.645349	0.028747	0.010174	1.0000	6.35
0.599589	0.646802	0.026694	0.008721	1.0000	1.24
0.655031	0.645349	0.028747	0.010174	1.0000	1.00
0.710472	0.645349	0.032854	0.010174	1.0000	13.50
0.770021	0.645349	0.026694	0.010174	1.0000	6.35
0.823409	0.645349	0.032854	0.010174	1.0000	14.29
0.880903	0.645349	0.032854	0.010174	1.0000	26.99
0.254620	0.629360	0.022587	0.008721	1.0000	1/2"
0.311397	0.629786	0.023968	0.009558	1.0000	3/8"
0.388090	0.629360	0.047228	0.008721	1.0000	•8 × 6T6
0.482546	0.630814	0.032854	0.007267	1.0000	12.70
0.546201	0.629360	0.026694	0.008721	1.0000	9.53
0.599589	0.629360	0.026694	0.008721	1.0000	1.24
0.657084	0.630814	0.026694	0.007267	1.0000	1.00
0.712526	0.629360	0.030801	0.008721	1.0000	13.50
0.772074	0.630814	0.024641	0.008721	1.0000	6.35
0.825462	0.630814	0.032854	0.007267	1.0000	14.29
0.882957	0.630814	0.030801	0.007267	1.0000	26.99
0.256674	0.613372	0.020534	0.008721	1.0000	3/4"
0.314168	0.613372	0.020534	0.008721	1.0000	1/4"
0.387931	0.612858	0.053706	0.009749	1.0000	•12 x 4T6
0.482546	0.613372	0.032854	0.008721	1.0000	19.05
0.546201	0.613372	0.026694	0.008721	1.0000	6.35
0.599589	0.613372	0.026694	0.008721	1.0000	1.65
0.657084	0.613372	0.026694	0.008721	1.0000	1.00
0.712526	0.613372	0.030801	0.008721	1.0000	16.68
0.772074	0.613372	0.024641	0.008721	1.0000	6.35
0.823409	0.611919	0.034908	0.010174	1.0000	20.65
0.882957	0.613372	0.032854	0.008721	1.0000	33.35
0.254620	0.595930	0.022587	0.008721	1.0000	3/4"
0.312115	0.595930	0.022587	0.008721	1.0000	3/8"
0.388090	0.595726	0.053388	0.008974	1.0000	•12 x 6T6
0.482546	0.595930	0.032854	0.008721	1.0000	19.05
0.546201	0.595930	0.026694	0.008721	1.0000	9.53
0.599589	0.595930	0.026694	0.008721	1.0000	1.65
0.657084	0.595930	0.026694	0.008721	1.0000	1.00
0.712526	0.595930	0.030801	0.008721	1.0000	16.68
0.772074	0.595930	0.024641	0.008721	1.0000	6.35
0.823409	0.594477	0.034908	0.010174	1.0000	20.65
0.882957	0.595930	0.032854	0.008721	1.0000	33.35
0.254620	0.579942	0.024641	0.008721	1.0000	3/4"
0.312115	0.579942	0.022587	0.008721	1.0000	1/2"
0.388000	0.578358	0.053718	0.009679	1.0000	•12 x 8T6
0.484600	0.579942	0.030801	0.008721	1.0000	19.05
0.542094	0.579942	0.030801	0.008721	1.0000	12.70
0.601643	0.579942	0.024641	0.008721	1.0000	1.65
0.657084	0.579942	0.026694	0.008721	1.0000	1.24
0.710472	0.579942	0.032854	0.008721	1.0000	16.68
0.772074	0.579942	0.024641	0.008721	1.0000	6.35
0.823409	0.578488	0.034908	0.010174	1.0000	20.65
0.882957	0.579942	0.030801	0.008721	1.0000	33.35
0.236140	0.515812	0.110883	0.013258	1.0000	MICRO CROSS
0.252567	0.498547	0.026694	0.008721	1.0000	Size
0.342381	0.496639	0.054453	0.011006	1.0000	Ordering
0.476386	0.494186	0.012320	0.008721	1.0000	D
0.556468	0.494186	0.012320	0.008721	1.0000	T
0.800821	0.497093	0.010267	0.010174	1.0000	F
0.250513	0.489826	0.028747	0.007267	1.0000	(OD)
0.344969	0.489826	0.049281	0.008721	1.0000	Number
0.772074	0.489744	0.067762	0.008974	1.0000	Body Cube
0.880903	0.492733	0.012320	0.010174	1.0000	L
0.254620	0.472384	0.022587	0.007267	1.0000	1/4"
0.351129	0.472384	0.036961	0.008721	1.0000	•4CT6
0.472279	0.472384	0.026694	0.008721	1.0000	6.35
0.550308	0.472384	0.026694	0.008721	1.0000	1.00
0.626283	0.469477	0.034908	0.011628	1.0000	10.32
0.710472	0.470930	0.028747	0.010174	1.0000	6.35
0.794661	0.472384	0.026694	0.008721	1.0000	7.94
0.870637	0.472384	0.032854	0.008721	1.0000	20.64
0.254620	0.454942	0.022587	0.008721	1.0000	3/8"
0.351129	0.454942	0.036961	0.008721	1.0000	•6CT6
0.472279	0.454942	0.026694	0.008721	1.0000	9.53
0.550308	0.454942	0.026694	0.008721	1.0000	1.00
0.628337	0.454942	0.030801	0.008721	1.0000	11.91
0.712526	0.454942	0.026694	0.008721	1.0000	6.35
0.792608	0.454942	0.028747	0.008721	1.0000	11.11
0.870637	0.454942	0.030801	0.008721	1.0000	23.81
0.254620	0.437500	0.022587	0.008721	1.0000	1/2"
0.349076	0.438953	0.039014	0.007267	1.0000	•8CT6
0.468172	0.438953	0.030801	0.007267	1.0000	12.70
0.550308	0.437500	0.026694	0.008721	1.0000	1.24
0.628337	0.437500	0.032854	0.008721	1.0000	13.50
0.712526	0.437500	0.026694	0.010174	1.0000	6.35
0.790554	0.437500	0.030801	0.008721	1.0000	14.29
0.870637	0.437500	0.032854	0.008721	1.0000	26.99
0.254620	0.421512	0.022587	0.008721	1.0000	3/4"
0.349076	0.421512	0.045175	0.008721	1.0000	•12CT6
0.466119	0.421512	0.032854	0.008721	1.0000	19.05
0.550308	0.421512	0.026694	0.008721	1.0000	1.65
0.626283	0.420058	0.034908	0.010174	1.0000	16.68
0.710472	0.420058	0.028747	0.010174	1.0000	6.35
0.788501	0.420058	0.032854	0.010174	1.0000	20.65
0.870637	0.421512	0.032854	0.008721	1.0000	33.35
0.236140	0.354651	0.121150	0.013081	1.0000	MICRO TRIBOW
0.254620	0.337209	0.024641	0.008721	1.0000	Size
0.342402	0.335324	0.054411	0.010965	1.0000	Ordering
0.476386	0.331395	0.012320	0.008721	1.0000	D
0.554415	0.331395	0.014374	0.010174	1.0000	T
0.634497	0.329942	0.016427	0.011628	1.0000	A
0.718686	0.332849	0.012320	0.008721	1.0000	B
0.769833	0.325230	0.070191	0.019598	1.0000	Body Cube
0.880903	0.331395	0.012320	0.008721	1.0000	L
0.252567	0.327035	0.028747	0.008721	1.0000	(OD)
0.344969	0.327035	0.049281	0.008721	1.0000	Number
0.254620	0.309593	0.022587	0.008721	1.0000	1/4"
0.351129	0.311047	0.036961	0.007267	1.0000	04TB6
0.472279	0.311047	0.026694	0.007267	1.0000	6.35
0.550308	0.309593	0.024641	0.008721	1.0000	1.00
0.628337	0.309593	0.032854	0.008721	1.0000	10.32
0.712526	0.309593	0.026694	0.008721	1.0000	6.35
0.794661	0.309593	0.026694	0.008721	1.0000	7.94
0.872690	0.311047	0.028747	0.008721	1.0000	14.29
0.254620	0.293605	0.022587	0.008721	1.0000	3/8"
0.351129	0.293605	0.036961	0.008721	1.0000	•6TB6
0.472279	0.293605	0.026694	0.008721	1.0000	9.53
0.550308	0.293605	0.026694	0.008721	1.0000	1.00
0.628337	0.293605	0.030801	0.008721	1.0000	11.91
0.712526	0.293605	0.026694	0.008721	1.0000	6.35
0.792608	0.293605	0.028747	0.008721	1.0000	11.11
0.872690	0.293605	0.028747	0.008721	1.0000	17.46
0.254620	0.276163	0.022587	0.008721	1.0000	1/2"
0.351129	0.276163	0.036961	0.008721	1.0000	•8TB6
0.466119	0.276163	0.032854	0.008721	1.0000	12.70
0.550308	0.276163	0.026694	0.008721	1.0000	1.24
0.628337	0.276163	0.032854	0.008721	1.0000	13.50
0.712526	0.276163	0.026694	0.008721	1.0000	6.35
0.790554	0.276163	0.030801	0.008721	1.0000	14.29
0.870637	0.276163	0.030801	0.008721	1.0000	20.64
0.254620	0.260174	0.024641	0.008721	1.0000	3/4"
0.351129	0.260174	0.043121	0.008721	1.0000	•12TB6
0.468172	0.260174	0.030801	0.008721	1.0000	19.05
0.550308	0.260174	0.026694	0.008721	1.0000	1.65
0.628337	0.260174	0.030801	0.008721	1.0000	16.68
0.712526	0.260174	0.026694	0.008721	1.0000	6.35
0.790554	0.260174	0.030801	0.008721	1.0000	20.65
0.870637	0.260174	0.030801	0.008721	1.0000	27.00
0.236140	0.180233	0.209446	0.011648	1.0000	MICRO EXTENDED RUN TEE
0.252567	0.162791	0.026694	0.008721	1.0000	Size
0.336272	0.160703	0.054392	0.010375	1.0000	Ordering
0.457906	0.156977	0.010267	0.008721	1.0000	D
0.519507	0.156977	0.010267	0.008721	1.0000	T
0.581109	0.156977	0.010267	0.008721	1.0000	B
0.640657	0.155523	0.014374	0.010174	1.0000	A
0.704312	0.156977	0.010267	0.008721	1.0000	L
0.763860	0.156977	0.016427	0.008721	1.0000	В1
0.825462	0.156977	0.016427	0.008721	1.0000	A1
0.254620	0.152616	0.024641	0.007267	1.0000	(OD)
0.338809	0.152616	0.049281	0.007267	1.0000	Number
0.880903	0.155523	0.028747	0.008721	1.0000	Body
0.880903	0.149709	0.028747	0.007267	1.0000	Cube
0.254620	0.135174	0.022587	0.008721	1.0000	1/4"
0.340862	0.135174	0.045175	0.008721	1.0000	•ЕХT50
0.449692	0.135174	0.026694	0.008721	1.0000	6.35
0.511294	0.133721	0.026694	0.010174	1.0000	1.00
0.570842	0.135174	0.030801	0.008721	1.0000	21.05
0.630390	0.133721	0.032854	0.010174	1.0000	25.00
0.694045	0.135174	0.030801	0.008721	1.0000	50.00
0.759754	0.135174	0.024641	0.008721	1.0000	6.35
0.817248	0.135174	0.032854	0.008721	1.0000	10.32
0.882957	0.135174	0.024641	0.008721	1.0000	7.94
0.071869	0.043590	0.260780	0.007282	1.0000	• Dimensions are for reference only and are subject to change.
0.067762	0.020349	0.166324	0.011702	1.0000	016 TK-FUJIKIN Total Products
#FILE	tmp/pdfs/fitting_dimension_audit/tk_ocr/ocr-09.png
0.634497	0.952035	0.293634	0.014632	1.0000	| WELD & METAL SEAL FITTINGS
0.958932	0.845930	0.018481	0.139535	1.0000	WELD & METAL SEAL FITTINGS
0.236140	0.886628	0.277207	0.013081	1.0000	MICRO EXTENDED BRANCH LEG TEE
0.252567	0.869186	0.026694	0.008721	1.0000	Size
0.336221	0.867275	0.054560	0.011010	1.0000	Ordering
0.250513	0.859012	0.028747	0.008721	1.0000	(OD)
0.340259	0.858591	0.046340	0.010505	1.0000	Number
0.519507	0.863372	0.012320	0.008721	1.0000	T
0.704312	0.863372	0.010267	0.008721	1.0000	L
0.763860	0.864826	0.016427	0.007267	1.0000	B1
0.825462	0.863372	0.016427	0.008721	1.0000	A1
0.878850	0.863372	0.030801	0.008721	1.0000	Body
0.882957	0.857558	0.028747	0.007267	1.0000	Cube
0.256674	0.843023	0.022587	0.007267	1.0000	1/4"
0.340862	0.843023	0.045175	0.007267	1.0000	•EXT25
0.449692	0.841570	0.026694	0.008721	1.0000	6.35
0.509240	0.840116	0.028747	0.011628	1.0000	1.00
0.572895	0.840116	0.026694	0.011628	1.0000	6.35
0.630390	0.840116	0.034908	0.010174	1.0000	10.35
0.691992	0.840116	0.034908	0.010174	1.0000	20.70
0.753593	0.840116	0.034908	0.010174	1.0000	21.00
0.815195	0.840116	0.034908	0.010174	1.0000	25.00
0.880903	0.840116	0.026694	0.011628	1.0000	7.94
0.236140	0.758547	0.266940	0.014709	1.0000	MICRO EXTENDED LEG 90° ELBOW
0.252567	0.741279	0.026694	0.008721	1.0000	Size
0.963039	0.687500	0.012320	0.123547	1.0000	UHP PRODUCTS / FITTING SERIES
0.350892	0.740367	0.053966	0.009088	1.0000	Ordering
0.486653	0.736919	0.014374	0.007267	1.0000	DI
0.554415	0.736919	0.012320	0.008721	1.0000	T
0.751540	0.736919	0.016427	0.007267	1.0000	B1
0.254620	0.731105	0.024641	0.008721	1.0000	(OD)
0.353183	0.732558	0.049281	0.007267	1.0000	Number
0.815195	0.734012	0.018480	0.010174	0.5000	A1
0.858181	0.729407	0.068032	0.019383	1.0000	Body Cube
0.254620	0.715116	0.024641	0.007267	1.0000	1/4"
0.355236	0.715116	0.045175	0.007267	1.0000	•EXE29
0.480493	0.712209	0.026694	0.010174	1.0000	6.35
0.546201	0.712209	0.026694	0.011628	1.0000	1.00
0.609856	0.712209	0.032854	0.011628	1.0000	21.05
0.675565	0.712209	0.032854	0.011628	1.0000	25.00
0.745380	0.712209	0.026694	0.011628	1.0000	6.35
0.809035	0.712209	0.032854	0.010174	1.0000	10.32
0.878850	0.712209	0.026694	0.011628	1.0000	7.94
0.069815	0.646802	0.427105	0.026275	1.0000	FORGED WELD FITTINGS
0.234062	0.620555	0.092450	0.013251	1.0000	90° ELBOW
0.252567	0.603198	0.026694	0.007267	1.0000	Size
0.348103	0.599768	0.053169	0.013304	1.0000	Ordering
0.874743	0.603198	0.010267	0.008721	1.0000	F
0.254620	0.593023	0.024641	0.008721	1.0000	(OD)
0.349076	0.594477	0.049281	0.007267	1.0000	Number
0.490760	0.595930	0.014374	0.011628	1.0000	D
0.585216	0.597384	0.014374	0.010174	1.0000	T
0.845924	0.594189	0.067906	0.009297	1.0000	Body Cube
0.254620	0.577035	0.022587	0.007267	1.0000	1/4"
0.357290	0.577035	0.034908	0.007267	1.0000	04E19
0.488706	0.575581	0.026694	0.008721	1.0000	6.35
0.581109	0.575581	0.026694	0.008721	1.0000	1.00
0.675565	0.574128	0.026694	0.011628	1.0000	25.0
0.765914	0.574128	0.034908	0.011628	1.0000	19.05
0.866530	0.577035	0.024641	0.007267	1.0000	11.1
0.254620	0.559593	0.024641	0.008721	1.0000	3/8"
0.355236	0.559593	0.036961	0.008721	1.0000	•6E19
0.488706	0.559593	0.026694	0.008721	1.0000	9.53
0.583162	0.559593	0.024641	0.008721	1.0000	1.00
0.677618	0.559593	0.024641	0.008721	1.0000	25.0
0.765914	0.558140	0.034908	0.010174	1.0000	19.05
0.868583	0.559593	0.022587	0.008721	1.0000	11.1
0.254620	0.542151	0.022587	0.008721	1.0000	1/2"
0.355236	0.542151	0.036961	0.008721	1.0000	08E19
0.484600	0.542151	0.030801	0.008721	1.0000	12.70
0.583162	0.542151	0.024641	0.008721	1.0000	1.24
0.677618	0.542151	0.024641	0.008721	1.0000	29.0
0.767967	0.542151	0.032854	0.008721	1.0000	19.05
0.872690	0.542151	0.014374	0.008721	1.0000	17
0.254620	0.526163	0.022587	0.008721	1.0000	1/4"
0.355236	0.526163	0.036961	0.008721	1.0000	•4E10
0.488706	0.524709	0.026694	0.010174	1.0000	6.35
0.581109	0.523256	0.026694	0.011628	1.0000	1.00
0.675565	0.524709	0.026694	0.010174	1.0000	15.9
0.767967	0.524709	0.032854	0.010174	1.0000	10.00
0.868583	0.526163	0.022587	0.008721	1.0000	11.1
0.254620	0.508721	0.022587	0.008721	1.0000	3/8"
0.355236	0.508721	0.036961	0.008721	1.0000	•6E10
0.488706	0.508721	0.026694	0.008721	1.0000	9.53
0.583162	0.508721	0.024641	0.008721	1.0000	1.00
0.677618	0.508721	0.024641	0.008721	1.0000	15.9
0.767967	0.508721	0.032854	0.008721	1.0000	10.00
0.868583	0.508721	0.022587	0.008721	1.0000	11.1
0.254620	0.492733	0.022587	0.007267	1.0000	1/2"
0.355236	0.492733	0.036961	0.007267	1.0000	08E10
0.484600	0.492733	0.030801	0.007267	1.0000	12.70
0.583162	0.491279	0.024641	0.008721	1.0000	1.24
0.677618	0.491279	0.024641	0.008721	1.0000	19.9
0.767967	0.492733	0.032854	0.007267	1.0000	10.00
0.872690	0.492733	0.014374	0.007267	1.0000	17
0.254620	0.475291	0.024641	0.008721	1.0000	3/4"
0.355194	0.475186	0.043206	0.008931	1.0000	•12E10
0.484600	0.475291	0.030801	0.008721	1.0000	19.05
0.583162	0.475291	0.024641	0.008721	1.0000	1.65
0.677618	0.475291	0.024641	0.008721	1.0000	22.4
0.767967	0.475291	0.032854	0.008721	1.0000	10.00
0.866530	0.475291	0.026694	0.008721	1.0000	25.0
0.254620	0.459302	0.024641	0.008721	1.0000	3/4"
0.357290	0.459302	0.041068	0.007267	1.0000	•12E22
0.484600	0.459302	0.030801	0.007267	1.0000	19.05
0.583162	0.459302	0.024641	0.008721	1.0000	1.65
0.675565	0.457849	0.026694	0.010174	1.0000	33.5
0.770021	0.457849	0.026694	0.008721	1.0000	22.5
0.864476	0.456395	0.028747	0.010174	1.0000	25.0
0.260780	0.441860	0.012320	0.008721	1.0000	1"
0.355223	0.441828	0.043147	0.008786	1.0000	•16E23
0.486653	0.441860	0.024641	0.008721	1.0000	25.4
0.581109	0.440407	0.026694	0.010174	1.0000	1.65
0.677618	0.441860	0.024641	0.008721	1.0000	38.5
0.770021	0.440407	0.026694	0.010174	1.0000	23.3
0.864476	0.438953	0.028747	0.011628	1.0000	30.0
0.236140	0.411337	0.174538	0.013081	1.0000	REDUCING 90° ELBOW
0.253352	0.393180	0.027208	0.010331	1.0000	Size
0.310062	0.395349	0.026694	0.007267	1.0000	Size
0.397746	0.392156	0.052460	0.010823	1.0000	Ordering
0.252567	0.385174	0.026694	0.007267	1.0000	(OD)
0.308008	0.385174	0.032854	0.008721	1.0000	(OD1)
0.398314	0.385050	0.049369	0.008970	1.0000	Number
0.517454	0.388081	0.014374	0.010174	1.0000	D
0.579055	0.389535	0.016427	0.008721	1.0000	D1
0.644764	0.389535	0.010267	0.010174	1.0000	T
0.702259	0.389535	0.016427	0.008721	1.0000	T1
0.767967	0.389535	0.010267	0.008721	1.0000	B
0.829569	0.389535	0.010267	0.008721	1.0000	A
0.887064	0.389535	0.018480	0.007267	1.0000	3od
0.887064	0.382267	0.018480	0.007267	1.0000	Cub
0.254620	0.367733	0.022587	0.008721	1.0000	3/8"
0.312115	0.367733	0.022587	0.008721	1.0000	1/4"
0.396290	0.367690	0.053416	0.008805	1.0000	•6 x 4E19
0.515400	0.367733	0.026694	0.008721	1.0000	9.53
0.577002	0.367733	0.026694	0.008721	1.0000	6.35
0.636550	0.367733	0.024641	0.008721	1.0000	1.00
0.698152	0.367733	0.026694	0.008721	1.0000	1.00
0.757700	0.367733	0.030801	0.008721	1.0000	19.05
0.825462	0.367733	0.016427	0.008721	1.0000	25
0.885010	0.367733	0.022587	0.007267	1.0000	11.1
0.254620	0.350291	0.022587	0.008721	1.0000	1/2"
0.312115	0.350291	0.022587	0.010174	1.0000	1/4"
0.396277	0.350209	0.053441	0.008884	1.0000	08 × 4E19
0.509240	0.351744	0.032854	0.007267	1.0000	12.70
0.577002	0.350291	0.026694	0.008721	1.0000	6.35
0.636550	0.350291	0.024641	0.008721	1.0000	1.24
0.698152	0.350291	0.024641	0.008721	1.0000	1.00
0.757700	0.351744	0.030801	0.007267	1.0000	19.05
0.825462	0.350291	0.016427	0.008721	1.0000	29
0.887064	0.351744	0.016427	0.008721	1.0000	17
0.252567	0.332849	0.024641	0.010174	1.0000	1/2"
0.312115	0.334302	0.022587	0.008721	1.0000	3/8"
0.396304	0.332849	0.053388	0.008721	1.0000	08 х 6E19
0.509240	0.334302	0.032854	0.007267	1.0000	12.70
0.574949	0.332849	0.028747	0.010174	1.0000	9.53
0.636550	0.332849	0.024641	0.010174	1.0000	1.24
0.698152	0.334302	0.024641	0.007267	1.0000	1.00
0.757700	0.334302	0.030801	0.008721	1.0000	19.05
0.823409	0.331395	0.018480	0.011628	1.0000	29
0.887064	0.332849	0.018480	0.010174	1.0000	17
0.254620	0.316860	0.022587	0.008721	1.0000	З/4"
0.312115	0.316860	0.022587	0.008721	1.0000	1/4"
0.396182	0.316408	0.061846	0.009626	1.0000	•12 x 4E22
0.509240	0.316860	0.032854	0.008721	1.0000	19.05
0.577002	0.316860	0.026694	0.008721	1.0000	6.35
0.636550	0.316860	0.024641	0.008721	1.0000	1.65
0.698152	0.316860	0.026694	0.008721	1.0000	1.00
0.759754	0.316860	0.024641	0.008721	1.0000	22.5
0.825462	0.315407	0.016427	0.010174	1.0000	34
0.882957	0.316860	0.026694	0.008721	1.0000	25.0
0.260780	0.300872	0.012320	0.008721	1.0000	1"
0.312115	0.300872	0.022587	0.008721	1.0000	1/2"
0.396150	0.299203	0.059992	0.010056	1.0000	•16 x 8E23
0.511294	0.299419	0.026694	0.008721	1.0000	25.4
0.574949	0.300872	0.024641	0.008721	1.0000	12.7
0.636550	0.300872	0.024641	0.007267	1.0000	1.65
0.698152	0.299419	0.026694	0.008721	1.0000	1.24
0.757700	0.297965	0.028747	0.010174	1.0000	23.3
0.821355	0.300872	0.026694	0.007267	1.0000	38.3
0.882957	0.300872	0.026694	0.008721	1.0000	30.0
0.234086	0.244186	0.032854	0.011628	1.0000	TEE
0.251453	0.224302	0.028962	0.010901	1.0000	Size
0.342286	0.223451	0.052784	0.011519	1.0000	Ordering
0.800821	0.225291	0.010267	0.008721	1.0000	F
0.252567	0.216570	0.026694	0.008721	1.0000	(OD)
0.342894	0.216506	0.051378	0.008849	1.0000	Number
0.474333	0.219477	0.014374	0.010174	1.0000	D
0.558522	0.220930	0.010267	0.008721	1.0000	T
0.880903	0.220930	0.012320	0.008721	1.0000	L
0.772074	0.216570	0.065708	0.008721	1.0000	Body Cube
0.254620	0.199128	0.022587	0.008721	1.0000	1/4"
0.351129	0.199128	0.034908	0.008721	1.0000	04T19
0.472279	0.199128	0.026694	0.008721	1.0000	6.35
0.550308	0.199128	0.026694	0.008721	1.0000	1.00
0.632444	0.199128	0.024641	0.008721	1.0000	25.0
0.710472	0.199128	0.030801	0.008721	1.0000	19.05
0.794661	0.199128	0.022587	0.008721	1.0000	11.1
0.874743	0.199128	0.024641	0.008721	1.0000	50.0
0.254620	0.183140	0.022587	0.008721	1.0000	3/8"
0.351129	0.183140	0.034908	0.007267	1.0000	•6T19
0.472279	0.183140	0.026694	0.007267	1.0000	9.53
0.550308	0.181686	0.024641	0.008721	1.0000	1.00
0.632444	0.183140	0.024641	0.007267	1.0000	25.0
0.708419	0.181686	0.032854	0.008721	1.0000	19.05
0.794661	0.183140	0.022587	0.007267	1.0000	11.1
0.874743	0.183140	0.024641	0.007267	1.0000	50.0
0.254620	0.165698	0.022587	0.008721	1.0000	1/2"
0.351129	0.165698	0.034908	0.007267	1.0000	•8T19
0.466119	0.165698	0.032854	0.008721	1.0000	12.70
0.548255	0.164244	0.028747	0.010174	1.0000	1.24
0.632444	0.165698	0.024641	0.008721	1.0000	29.0
0.710472	0.164244	0.030801	0.010174	1.0000	19.05
0.798768	0.165698	0.014374	0.008721	1.0000	17
0.872690	0.164244	0.026694	0.010174	1.0000	58.0
0.254620	0.148256	0.022587	0.008721	1.0000	1/4"
0.351129	0.148256	0.034908	0.008721	1.0000	•4T10
0.472279	0.148256	0.026694	0.008721	1.0000	6.35
0.550308	0.148256	0.026694	0.008721	1.0000	1.00
0.632444	0.148256	0.024641	0.008721	1.0000	15.9
0.708419	0.146802	0.032854	0.010174	1.0000	10.00
0.794661	0.148256	0.022587	0.008721	1.0000	11.1
0.872690	0.146802	0.026694	0.010174	1.0000	31.8
0.254620	0.132267	0.022587	0.008721	1.0000	3/8"
0.351074	0.132124	0.037072	0.007554	1.0000	•6T10
0.472279	0.132267	0.026694	0.008721	1.0000	9.53
0.550308	0.132267	0.026694	0.007267	1.0000	1.00
0.632444	0.132267	0.024641	0.008721	1.0000	15.9
0.708419	0.132267	0.032854	0.008721	1.0000	10.00
0.794661	0.132267	0.022587	0.007267	1.0000	11.1
0.874743	0.132267	0.024641	0.008721	1.0000	31.8
0.254620	0.114826	0.022587	0.008721	1.0000	1/2"
0.351129	0.114826	0.034908	0.008721	1.0000	•8T10
0.468172	0.114826	0.030801	0.008721	1.0000	12.70
0.550308	0.114826	0.026694	0.008721	1.0000	1.24
0.632444	0.114826	0.024641	0.008721	1.0000	19.9
0.708419	0.114826	0.032854	0.008721	1.0000	10.00
0.798768	0.114826	0.014374	0.008721	1.0000	17
0.874743	0.114826	0.024641	0.008721	1.0000	39.8
0.254620	0.098837	0.022587	0.008721	1.0000	З/4"
0.351129	0.098837	0.041068	0.007267	1.0000	•12T10
0.466119	0.098837	0.032854	0.008721	1.0000	19.05
0.548255	0.097384	0.028747	0.008721	1.0000	1.65
0.632444	0.098837	0.024641	0.007267	1.0000	22.4
0.707692	0.096871	0.034493	0.011187	1.0000	10.00
0.790554	0.095930	0.028747	0.010174	1.0000	25.0
0.874743	0.098837	0.024641	0.007267	1.0000	44.8
0.254620	0.081395	0.022587	0.008721	1.0000	З/4"
0.351129	0.081395	0.041068	0.008721	1.0000	•12T22
0.466119	0.081395	0.032854	0.008721	1.0000	19.05
0.550308	0.081395	0.026694	0.008721	1.0000	1.65
0.632444	0.081395	0.024641	0.008721	1.0000	33.5
0.710472	0.079942	0.026694	0.010174	1.0000	22.5
0.790554	0.079942	0.028747	0.010174	1.0000	25.0
0.878850	0.081395	0.016427	0.008721	1.0000	67
0.260780	0.065407	0.012320	0.008721	1.0000	1"
0.351129	0.063953	0.041068	0.008721	1.0000	•16T23
0.470226	0.063953	0.024641	0.008721	1.0000	25.4
0.550308	0.063953	0.026694	0.008721	1.0000	1.65
0.632444	0.063953	0.024641	0.008721	1.0000	38.3
0.710472	0.062500	0.026694	0.010174	1.0000	23.3
0.792608	0.063953	0.026694	0.008721	1.0000	30.0
0.874743	0.063953	0.024641	0.008721	1.0000	76.6
0.665298	0.042151	0.262834	0.008721	1.0000	• Dimensions are for reference only and are subject to change.
0.770021	0.020349	0.158111	0.011702	1.0000	TK-FUJIKIN Total Products 017
#FILE	tmp/pdfs/fitting_dimension_audit/tk_ocr/ocr-10.png
0.069815	0.952035	0.291581	0.014632	1.0000	WELD & METAL SEAL FITTINGS |
0.018480	0.845930	0.016427	0.140988	1.0000	WELD & METAL SEAL FITTINGS
0.236140	0.886628	0.114990	0.011663	1.0000	REDUCING TEE
0.252567	0.869186	0.026694	0.008721	1.0000	Size
0.310062	0.869186	0.026694	0.008721	1.0000	Size
0.385388	0.867275	0.052620	0.010937	1.0000	Ordering
0.492813	0.864826	0.012320	0.007267	1.0000	D
0.548255	0.864826	0.016427	0.007267	1.0000	D1
0.661191	0.861919	0.016427	0.010174	1.0000	T1
0.720739	0.863372	0.012320	0.008721	1.0000	A
0.778234	0.864826	0.012320	0.007267	1.0000	B
0.810739	0.856996	0.060247	0.020019	1.0000	Body Cube
0.891170	0.863372	0.014374	0.008721	1.0000	L
0.254620	0.859012	0.024641	0.008721	1.0000	(OD)
0.308008	0.859012	0.032854	0.008721	1.0000	(OD1)
0.386009	0.858933	0.049337	0.008879	1.0000	Number
0.254620	0.841570	0.022587	0.008721	1.0000	3/8"
0.312115	0.843023	0.022587	0.008721	1.0000	1/4"
0.383761	0.840801	0.055886	0.010259	1.0000	• 6×4T19
0.486653	0.841570	0.024641	0.008721	1.0000	9.53
0.544148	0.841570	0.024641	0.008721	1.0000	6.35
0.601643	0.841570	0.022587	0.008721	1.0000	1.00
0.657084	0.841570	0.024641	0.008721	1.0000	1.00
0.714579	0.843023	0.024641	0.007267	1.0000	25.0
0.767967	0.843023	0.032854	0.007267	1.0000	19.05
0.829569	0.841570	0.024641	0.008721	1.0000	11.1
0.887064	0.843023	0.024641	0.007267	1.0000	50.0
0.254620	0.825581	0.022587	0.008721	1.0000	1/2"
0.312115	0.825581	0.020534	0.008721	1.0000	1/4"
0.383920	0.825377	0.055568	0.009131	1.0000	• 8 x 4T19
0.484600	0.825581	0.030801	0.008721	1.0000	12.70
0.542094	0.824128	0.026694	0.010174	1.0000	6.35
0.599589	0.825581	0.026694	0.008721	1.0000	1.24
0.657084	0.825581	0.026694	0.008721	1.0000	1.00
0.714579	0.825581	0.024641	0.008721	1.0000	29.0
0.765914	0.824128	0.034908	0.010174	1.0000	19.05
0.833676	0.825581	0.016427	0.008721	1.0000	17
0.887064	0.825581	0.024641	0.008721	1.0000	58.0
0.254620	0.808140	0.022587	0.008721	1.0000	1/2"
0.312115	0.808140	0.020534	0.008721	1.0000	3/8"
0.383984	0.808120	0.055441	0.008741	1.0000	• 8 x 6T19
0.484600	0.808140	0.030801	0.008721	1.0000	12.70
0.542094	0.808140	0.026694	0.008721	1.0000	9.53
0.599589	0.808140	0.026694	0.008721	1.0000	1.24
0.657084	0.808140	0.026694	0.008721	1.0000	1.00
0.714579	0.808140	0.024641	0.008721	1.0000	29.0
0.765914	0.806686	0.034908	0.010174	1.0000	19.05
0.833676	0.808140	0.016427	0.008721	1.0000	17
0.885010	0.808140	0.026694	0.008721	1.0000	58.0
0.254620	0.792151	0.022587	0.007267	1.0000	3/4"
0.312115	0.792151	0.022587	0.008721	1.0000	1/4"
0.383984	0.792151	0.057495	0.008721	1.0000	•12 x 4T22
0.482546	0.792151	0.032854	0.008721	1.0000	19.05
0.544148	0.790698	0.024641	0.008721	1.0000	6.35
0.601643	0.792151	0.024641	0.007267	1.0000	1.65
0.657084	0.792151	0.026694	0.007267	1.0000	1.00
0.714579	0.790698	0.026694	0.008721	1.0000	33.5
0.772074	0.792151	0.024641	0.007267	1.0000	22.5
0.833676	0.792151	0.016427	0.007267	1.0000	25
0.254620	0.774709	0.022587	0.008721	1.0000	3/4"
0.312115	0.774709	0.022587	0.008721	1.0000	3/8"
0.383984	0.774709	0.057495	0.008721	1.0000	•12 x 6T22
0.484600	0.774709	0.030801	0.008721	1.0000	19.05
0.542094	0.774709	0.026694	0.008721	1.0000	9.53
0.599589	0.774709	0.026694	0.008721	1.0000	1.65
0.657084	0.774709	0.026694	0.008721	1.0000	1.00
0.714579	0.774709	0.024641	0.008721	1.0000	33.5
0.772074	0.774709	0.024641	0.008721	1.0000	22.5
0.833676	0.774709	0.014374	0.008721	1.0000	25
0.891170	0.774709	0.014374	0.008721	1.0000	67
0.254620	0.757267	0.022587	0.008721	1.0000	3/4"
0.312115	0.757267	0.020534	0.008721	1.0000	1/2"
0.383962	0.757198	0.057537	0.008861	1.0000	•12 x 8T22
0.484600	0.757267	0.030801	0.010174	1.0000	19.05
0.544148	0.757267	0.024641	0.008721	1.0000	12.7
0.601643	0.757267	0.024641	0.008721	1.0000	1.65
0.657084	0.758721	0.026694	0.007267	1.0000	1.24
0.712526	0.755814	0.026694	0.010174	1.0000	33.5
0.772074	0.757267	0.024641	0.008721	1.0000	22.5
0.833676	0.757267	0.014374	0.008721	1.0000	25
0.889117	0.757267	0.016427	0.008721	0.5000	67
0.020534	0.687500	0.016427	0.123547	1.0000	UHP PRODUCTS / FITTING SERIES
0.260780	0.741279	0.012320	0.008721	1.0000	1"
0.312115	0.741279	0.022587	0.008721	1.0000	1/4"
0.383972	0.741241	0.057518	0.008798	1.0000	•16 x 4T23
0.484600	0.739826	0.026694	0.010174	1.0000	25.4
0.544148	0.741279	0.024641	0.008721	1.0000	6.35
0.601643	0.741279	0.024641	0.008721	1.0000	1.65
0.657084	0.741279	0.026694	0.008721	1.0000	1.00
0.714579	0.741279	0.024641	0.008721	1.0000	38.3
0.770021	0.741279	0.026694	0.008721	1.0000	23.3
0.831622	0.739826	0.018480	0.010174	1.0000	30
0.885010	0.741279	0.026694	0.008721	1.0000	76.6
0.260780	0.725291	0.012320	0.007267	1.0000	1"
0.312115	0.725291	0.022587	0.007267	1.0000	1/2"
0.383984	0.723837	0.059548	0.008721	1.0000	•16 x 8T23
0.486653	0.723837	0.024641	0.010174	1.0000	25.4
0.544148	0.725291	0.024641	0.007267	1.0000	12.7
0.601643	0.725291	0.024641	0.007267	1.0000	1.65
0.657084	0.725291	0.026694	0.007267	1.0000	1.24
0.714579	0.723837	0.024641	0.008721	1.0000	38.3
0.770021	0.725291	0.026694	0.007267	1.0000	23.3
0.833676	0.725291	0.016427	0.007267	1.0000	30
0.885010	0.725291	0.026694	0.007267	1.0000	76.6
0.254620	0.707849	0.022587	0.007267	1.0000	3/8
0.312115	0.707849	0.022587	0.008721	1.0000	1/4"
0.383961	0.706322	0.055488	0.008868	1.0000	• 6×4T10
0.486653	0.707849	0.024641	0.008721	1.0000	9.53
0.544148	0.707849	0.024641	0.008721	1.0000	6.35
0.601643	0.707849	0.024641	0.007267	1.0000	1.00
0.657084	0.707849	0.026694	0.007267	1.0000	1.00
0.714579	0.707849	0.024641	0.007267	1.0000	15.9
0.767967	0.707849	0.032854	0.007267	1.0000	10.00
0.829569	0.707849	0.022587	0.007267	1.0000	11.1
0.885010	0.707849	0.026694	0.007267	1.0000	31.8
0.254620	0.690407	0.022587	0.008721	1.0000	1/2"
0.312115	0.690407	0.022587	0.008721	1.0000	1/4"
0.383984	0.690407	0.055441	0.008738	1.0000	• 8x4T10
0.484600	0.690407	0.030801	0.008721	1.0000	12.70
0.544148	0.690407	0.024641	0.008721	1.0000	6.35
0.599589	0.690407	0.026694	0.008721	1.0000	1.24
0.657084	0.690407	0.026694	0.008721	1.0000	1.00
0.714579	0.690407	0.024641	0.008721	1.0000	19.9
0.767967	0.690407	0.032854	0.008721	1.0000	10.00
0.833676	0.690407	0.016427	0.008721	1.0000	17
0.885010	0.690407	0.026694	0.008721	1.0000	39.8
0.254620	0.674419	0.022587	0.007267	1.0000	1/2"
0.312115	0.674419	0.020534	0.008721	1.0000	3/8"
0.383709	0.672588	0.055934	0.010165	1.0000	• 8 x 6T10
0.484600	0.672965	0.030801	0.008721	1.0000	12.70
0.544148	0.672965	0.024641	0.008721	1.0000	9.53
0.599589	0.674419	0.026694	0.007267	1.0000	1.24
0.657084	0.674419	0.024641	0.008721	1.0000	1.00
0.714579	0.674419	0.024641	0.007267	1.0000	19.9
0.767967	0.674419	0.032854	0.007267	1.0000	10.00
0.833676	0.674419	0.016427	0.007267	1.0000	17
0.885010	0.674419	0.026694	0.008721	1.0000	39.8
0.254620	0.656977	0.022587	0.008721	1.0000	З/4"
0.312115	0.656977	0.022587	0.008721	1.0000	1/4"
0.383897	0.656672	0.059721	0.009329	1.0000	•12 x 4T10
0.482546	0.656977	0.032854	0.008721	1.0000	19.05
0.544148	0.656977	0.024641	0.008721	1.0000	6.35
0.601643	0.656977	0.024641	0.008721	1.0000	1.65
0.657084	0.656977	0.026694	0.008721	1.0000	1.00
0.714579	0.656977	0.024641	0.008721	1.0000	22.4
0.767967	0.656977	0.032854	0.008721	1.0000	10.00
0.827515	0.656977	0.026694	0.008721	1.0000	25.0
0.885010	0.656977	0.026694	0.008721	1.0000	44.8
0.254620	0.640988	0.024641	0.007267	1.0000	3/4"
0.312115	0.640988	0.022587	0.007267	1.0000	3/8"
0.383910	0.639278	0.059695	0.009235	1.0000	•12 × 6T10
0.482546	0.640988	0.032854	0.008721	1.0000	19.05
0.544148	0.640988	0.024641	0.007267	1.0000	9.53
0.601643	0.640988	0.024641	0.007267	1.0000	1.65
0.657084	0.640988	0.026694	0.007267	1.0000	1.00
0.714579	0.640988	0.026694	0.007267	1.0000	22.4
0.767967	0.640988	0.032854	0.007267	1.0000	10.00
0.829569	0.640988	0.024641	0.007267	1.0000	25.0
0.887064	0.640988	0.024641	0.007267	1.0000	44.8
0.236140	0.573932	0.086242	0.011966	1.0000	CROSS TEE
0.251453	0.554215	0.029249	0.010930	1.0000	Size
0.341987	0.553386	0.053479	0.013189	1.0000	Ordering
0.558522	0.550872	0.010267	0.010174	1.0000	T
0.769924	0.544870	0.067954	0.017818	1.0000	Body Cube
0.880903	0.550872	0.012320	0.008721	1.0000	L
0.252567	0.546512	0.026694	0.008721	1.0000	(OD)
0.344953	0.546469	0.047259	0.008806	1.0000	Number
0.256674	0.529070	0.020534	0.008721	1.0000	1/4"
0.347023	0.529070	0.043121	0.008721	1.0000	D4CT19
0.472279	0.529070	0.026694	0.008721	1.0000	6.35
0.550308	0.529070	0.026694	0.008721	1.0000	1.00
0.628337	0.527616	0.028747	0.010174	1.0000	25.0
0.708419	0.529070	0.032854	0.008721	1.0000	19.05
0.794661	0.529070	0.022587	0.008721	1.0000	11.1
0.872690	0.527616	0.026694	0.010174	1.0000	50.0
0.254620	0.513081	0.022587	0.007267	1.0000	3/8"
0.346991	0.512987	0.043185	0.007457	1.0000	•6CT19
0.472279	0.513081	0.026694	0.007267	1.0000	9.53
0.550308	0.513081	0.026694	0.007267	1.0000	1.00
0.632444	0.513081	0.024641	0.007267	1.0000	25.0
0.710472	0.513081	0.030801	0.008721	1.0000	19.05
0.794661	0.513081	0.022587	0.007267	1.0000	11.1
0.874743	0.513081	0.024641	0.007267	1.0000	50.0
0.254620	0.495640	0.022587	0.008721	1.0000	1/2"
0.346969	0.495506	0.043228	0.008987	1.0000	08CT19
0.468172	0.495640	0.030801	0.008721	1.0000	12.70
0.550308	0.495640	0.026694	0.008721	1.0000	1.24
0.632444	0.495640	0.024641	0.008721	1.0000	29.0
0.710472	0.495640	0.030801	0.008721	1.0000	19.05
0.798768	0.495640	0.016427	0.008721	1.0000	17
0.874743	0.495640	0.024641	0.008721	1.0000	58.0
0.254620	0.478198	0.024641	0.008721	1.0000	3/4"
0.346991	0.478109	0.049344	0.008899	1.0000	•12CT19
0.466119	0.478198	0.032854	0.008721	1.0000	19.05
0.550308	0.478198	0.026694	0.008721	1.0000	1.65
0.632444	0.478198	0.024641	0.008721	1.0000	31.5
0.708419	0.478198	0.032854	0.008721	1.0000	19.05
0.792608	0.478198	0.026694	0.008721	1.0000	25.0
0.874743	0.478198	0.024641	0.008721	1.0000	63.0
0.254620	0.462209	0.024641	0.008721	1.0000	1/4"
0.347023	0.462209	0.043121	0.007267	1.0000	•4CT10
0.470226	0.460756	0.028747	0.008721	1.0000	6.35
0.550308	0.460756	0.024641	0.008721	1.0000	1.00
0.630390	0.462209	0.026694	0.008721	1.0000	15.9
0.710472	0.460756	0.030801	0.008721	1.0000	10.00
0.794661	0.462209	0.022587	0.007267	1.0000	11.1
0.874743	0.462209	0.024641	0.007267	1.0000	31.8
0.254620	0.444767	0.022587	0.008721	1.0000	3/8"
0.346905	0.444469	0.043356	0.009318	1.0000	•6CT10
0.472279	0.444767	0.026694	0.008721	1.0000	9.53
0.550308	0.444767	0.026694	0.008721	1.0000	1.00
0.632444	0.444767	0.024641	0.008721	1.0000	15.9
0.708419	0.443314	0.032854	0.010174	1.0000	10.00
0.794661	0.444767	0.022587	0.008721	1.0000	11.1
0.872690	0.443314	0.026694	0.010174	1.0000	31.8
0.254620	0.428779	0.022587	0.008721	1.0000	1/2"
0.347023	0.428779	0.045175	0.007267	1.0000	•8CT10
0.468172	0.428779	0.030801	0.008721	1.0000	12.70
0.550308	0.428779	0.026694	0.007267	1.0000	1.24
0.632444	0.428779	0.024641	0.007267	1.0000	19.9
0.710472	0.428779	0.030801	0.007267	1.0000	10.00
0.798768	0.428779	0.016427	0.007267	1.0000	17
0.874743	0.428779	0.024641	0.008721	1.0000	39.8
0.254620	0.411337	0.024641	0.008721	1.0000	3/4"
0.347023	0.411337	0.049281	0.008721	1.0000	•12CT10
0.468172	0.411337	0.030801	0.008721	1.0000	19.05
0.550308	0.411337	0.026694	0.008721	1.0000	1.65
0.632444	0.411337	0.024641	0.008721	1.0000	22.4
0.710472	0.411337	0.030801	0.008721	1.0000	10.00
0.792608	0.411337	0.026694	0.008721	1.0000	25.0
0.874743	0.411337	0.024641	0.008721	1.0000	44.8
0.236140	0.344477	0.075975	0.013081	1.0000	REDUCER
0.252567	0.328488	0.026694	0.007267	1.0000	Size
0.309047	0.326163	0.028756	0.010644	1.0000	Size
0.399799	0.325295	0.052486	0.011186	1.0000	Ordering
0.597536	0.322674	0.018480	0.008721	1.0000	D1
0.671458	0.322674	0.010267	0.008721	1.0000	T
0.741273	0.322674	0.014374	0.008721	1.0000	T1
0.813142	0.322674	0.012320	0.008721	1.0000	B
0.885010	0.322674	0.010267	0.008721	1.0000	L
0.252567	0.318314	0.026694	0.007267	1.0000	(OD)
0.308008	0.316860	0.032854	0.008721	1.0000	(OD1)
0.400393	0.318250	0.051371	0.007396	1.0000	Number
0.254620	0.300872	0.022587	0.008721	1.0000	3/8"
0.312115	0.300872	0.022587	0.008721	1.0000	1/4"
0.398357	0.300855	0.055441	0.008738	1.0000	•6 x 4R19
0.523614	0.300872	0.026694	0.008721	1.0000	9.53
0.595483	0.300872	0.026694	0.008721	1.0000	6.35
0.665298	0.300872	0.024641	0.008721	1.0000	1.00
0.735113	0.300872	0.026694	0.008721	1.0000	1.00
0.804928	0.300872	0.030801	0.008721	1.0000	19.05
0.878850	0.300872	0.024641	0.008721	1.0000	38.1
0.254620	0.283430	0.022587	0.008721	1.0000	1/2"
0.312115	0.283430	0.022587	0.008721	1.0000	1/4"
0.398339	0.283373	0.055477	0.008835	1.0000	•8 x 4R19
0.519507	0.283430	0.030801	0.008721	1.0000	12.70
0.595483	0.283430	0.026694	0.008721	1.0000	6.35
0.665298	0.283430	0.024641	0.008721	1.0000	1.24
0.735113	0.283430	0.026694	0.008721	1.0000	1.00
0.804928	0.283430	0.030801	0.008721	1.0000	19.05
0.876797	0.281977	0.026694	0.010174	1.0000	38.1
0.254620	0.267442	0.022587	0.008721	1.0000	1/2"
0.312115	0.267442	0.020534	0.008721	1.0000	3/8"
0.398357	0.265812	0.055441	0.010351	1.0000	•8 x 6R19
0.519507	0.267442	0.030801	0.008721	1.0000	12.70
0.593429	0.265988	0.028747	0.010174	1.0000	9.53
0.665298	0.267442	0.024641	0.008721	1.0000	1.24
0.733060	0.265988	0.028747	0.010174	1.0000	1.00
0.802875	0.265988	0.032854	0.010174	1.0000	19.05
0.878850	0.267442	0.024641	0.008721	1.0000	38.1
0.254620	0.250000	0.022587	0.008721	1.0000	3/4"
0.312115	0.250000	0.022587	0.010174	1.0000	1/4"
0.398357	0.250000	0.061602	0.008721	1.0000	•12 x 4R19
0.519507	0.250000	0.030801	0.008721	1.0000	19.05
0.595483	0.250000	0.026694	0.008721	1.0000	6.35
0.665298	0.250000	0.024641	0.008721	1.0000	1.65
0.735113	0.250000	0.026694	0.008721	1.0000	1.00
0.804928	0.250000	0.030801	0.008721	1.0000	19.05
0.878850	0.250000	0.024641	0.008721	1.0000	42.9
0.254620	0.234012	0.024641	0.007267	1.0000	3/4"
0.312115	0.234012	0.022587	0.007267	1.0000	3/8"
0.398306	0.232374	0.061704	0.009090	1.0000	•12 x 6R19
0.519507	0.232558	0.030801	0.008721	1.0000	19.05
0.595483	0.232558	0.026694	0.008721	1.0000	9.53
0.665298	0.232558	0.024641	0.008721	1.0000	1.65
0.735113	0.234012	0.026694	0.007267	1.0000	1.00
0.802875	0.234012	0.032854	0.007267	1.0000	19.05
0.878850	0.234012	0.024641	0.007267	1.0000	42.9
0.254620	0.216570	0.024641	0.008721	1.0000	3/4"
0.312115	0.216570	0.022587	0.008721	1.0000	1/2"
0.398339	0.216505	0.061638	0.008850	1.0000	•12 x 8R19
0.519507	0.216570	0.030801	0.008721	1.0000	19.05
0.591376	0.216570	0.030801	0.008721	1.0000	12.70
0.665298	0.216570	0.024641	0.008721	1.0000	1.65
0.735113	0.216570	0.026694	0.008721	1.0000	1.24
0.804928	0.216570	0.030801	0.008721	1.0000	19.05
0.878850	0.216570	0.024641	0.008721	1.0000	42.9
0.254620	0.199128	0.022587	0.008721	1.0000	3/8"
0.312115	0.199128	0.022587	0.008721	1.0000	1/4"
0.398337	0.199063	0.055482	0.008851	1.0000	•6 x 4R10
0.523614	0.199128	0.026694	0.008721	1.0000	9.53
0.595483	0.199128	0.026694	0.008721	1.0000	6.35
0.665298	0.199128	0.024641	0.008721	1.0000	1.00
0.735113	0.199128	0.026694	0.008721	1.0000	1.00
0.804928	0.199128	0.030801	0.008721	1.0000	10.00
0.878850	0.199128	0.024641	0.008721	1.0000	20.0
0.254620	0.183140	0.022587	0.008721	1.0000	1/2"
0.312115	0.183140	0.022587	0.008721	1.0000	1/4"
0.398210	0.182646	0.055736	0.009708	1.0000	•8 x 4R10
0.519507	0.183140	0.030801	0.008721	1.0000	12.70
0.593429	0.181686	0.028747	0.010174	1.0000	6.35
0.665298	0.183140	0.024641	0.008721	1.0000	1.24
0.735113	0.183140	0.026694	0.008721	1.0000	1.00
0.804928	0.183140	0.030801	0.008721	1.0000	10.00
0.878850	0.183140	0.024641	0.008721	1.0000	20.0
0.254620	0.165698	0.022587	0.008721	1.0000	1/2"
0.312115	0.165698	0.022587	0.008721	1.0000	3/8"
0.398271	0.165415	0.055614	0.009286	1.0000	•8 x 6R10
0.519507	0.165698	0.030801	0.008721	1.0000	12.70
0.595483	0.165698	0.026694	0.008721	1.0000	9.53
0.665298	0.165698	0.024641	0.008721	1.0000	1.24
0.735113	0.165698	0.026694	0.008721	1.0000	1.00
0.804928	0.165698	0.030801	0.008721	1.0000	10.00
0.878850	0.165698	0.024641	0.008721	1.0000	20.0
0.254620	0.149709	0.022587	0.007267	1.0000	3/4"
0.312115	0.149709	0.022587	0.008721	1.0000	1/4"
0.398341	0.148198	0.061634	0.008836	1.0000	•12 x 4R10
0.519507	0.148256	0.030801	0.008721	1.0000	19.05
0.595483	0.149709	0.026694	0.007267	1.0000	6.35
0.665298	0.148256	0.024641	0.008721	1.0000	1.65
0.735113	0.149709	0.026694	0.007267	1.0000	1.00
0.804928	0.149709	0.030801	0.007267	1.0000	10.00
0.878850	0.149709	0.024641	0.007267	1.0000	20.0
0.254620	0.132267	0.022587	0.008721	1.0000	3/4"
0.312115	0.132267	0.022587	0.008721	1.0000	3/8"
0.398244	0.131851	0.061827	0.009554	1.0000	•12 × 6R10
0.519507	0.132267	0.030801	0.008721	1.0000	19.05
0.595483	0.132267	0.026694	0.008721	1.0000	9.53
0.665298	0.132267	0.024641	0.008721	1.0000	1.65
0.735113	0.132267	0.026694	0.008721	1.0000	1.00
0.804928	0.132267	0.030801	0.008721	1.0000	10.00
0.878850	0.132267	0.024641	0.008721	1.0000	20.0
0.254620	0.116279	0.022587	0.008721	1.0000	3/4"
0.310062	0.114826	0.024641	0.010174	1.0000	1/2"
0.398339	0.114769	0.061639	0.010287	1.0000	•12 x 8R10
0.519507	0.116279	0.030801	0.008721	1.0000	19.05
0.589322	0.114826	0.032854	0.010174	1.0000	12.70
0.665298	0.116279	0.024641	0.007267	1.0000	1.65
0.735113	0.114826	0.026694	0.010174	1.0000	1.24
0.804928	0.116279	0.030801	0.007267	1.0000	10.00
0.878850	0.116279	0.024641	0.008721	1.0000	20.0
0.071869	0.043590	0.260780	0.007282	1.0000	• Dimensions are for reference only and are subject to change.
0.067762	0.020349	0.166324	0.011702	1.0000	018 TK-FUJIKIN Total Products
#FILE	tmp/pdfs/fitting_dimension_audit/tk_ocr/ocr-11.png
0.634366	0.950529	0.293886	0.017144	1.0000	| WELD & METAL SEAL FITTINGS
0.958932	0.845930	0.018481	0.139535	1.0000	WELD & METAL SEAL FITTINGS
0.094456	0.876453	0.722793	0.039358	1.0000	METAL FACE SEAL FITTINGS
0.094432	0.842953	0.094503	0.016128	1.0000	GLANDS
0.094456	0.818314	0.229979	0.015988	1.0000	WELDED ASSEMBLIES
0.094431	0.794986	0.100666	0.017587	1.0000	GASKETS
0.094456	0.771802	0.059548	0.015988	1.0000	NUTS
0.094456	0.747009	0.188912	0.016239	1.0000	CAPS AND PLUGS
0.963039	0.687500	0.012320	0.123547	1.0000	UHP PRODUCTS / FITTING SERIES
0.094456	0.723837	0.400411	0.015988	1.0000	HIGH-FLOW CONNECTIONS -"H" TYPE
0.094456	0.680233	0.271047	0.010366	1.0000	High-Purity Nickel and Hastelloy C-22 glands
0.092402	0.665698	0.217659	0.010371	1.0000	for extremely corrosive applications.
0.094456	0.652564	0.229979	0.010256	1.0000	Non-Rotational Female Nut to prevent
0.094294	0.636761	0.232351	0.012508	1.0000	transmission of torque during make-up
0.094456	0.623504	0.254620	0.010256	1.0000	and therefore minimize twist of component
0.094456	0.610256	0.209446	0.008974	1.0000	which causes stress concentration.
0.094352	0.570839	0.104930	0.015299	1.0000	MATERIALS
0.521561	0.571221	0.217659	0.014677	1.0000	SOME CONFIGURATION
0.094376	0.544745	0.135683	0.018068	1.0000	GLANDS, BODIES
0.521405	0.548980	0.072179	0.013959	1.0000	GASKETS
0.244353	0.531977	0.045175	0.008721	1.0000	Ordering
0.671338	0.531657	0.045414	0.009360	1.0000	Ordering
0.143701	0.523162	0.045246	0.008908	1.0000	Material
0.244353	0.524709	0.043121	0.007267	1.0000	Number
0.316222	0.523077	0.139630	0.008974	1.0000	Applicable Specification
0.570757	0.523020	0.047399	0.009193	1.0000	Material
0.671458	0.524709	0.043121	0.007267	1.0000	Number
0.743326	0.521795	0.139630	0.010256	1.0000	Applicable Specification
0.239883	0.512755	0.053976	0.010011	1.0000	Designator
0.667351	0.513081	0.055441	0.008721	1.0000	Designator
0.098563	0.498547	0.102669	0.008721	1.0000	316L Stainless Steel
0.297741	0.495640	0.174538	0.008721	1.0000	JIS G4303/G3214/G5121/G3459/G3463
0.523614	0.498547	0.036961	0.008721	1.0000	Nickel
0.683778	0.498547	0.020534	0.008721	1.0000	UN
0.780287	0.498547	0.063655	0.008721	1.0000	ASTM B162
0.098563	0.481105	0.129363	0.008721	1.0000	316L Stainless Steel Remelted
0.295688	0.485465	0.180698	0.007270	1.0000	ASTM A479/A276/A182/A351/A312/A269
0.523614	0.481105	0.104723	0.008721	1.0000	316L Stainless Steel
0.683778	0.482558	0.020534	0.008721	1.0000	US
0.780192	0.480798	0.063846	0.010788	1.0000	ASTM A167
0.092402	0.440407	0.147844	0.014535	1.0000	SPECIFICATIONS
0.094456	0.421368	0.359343	0.010319	1.0000	• Pressure Ratings are based upon tests conducted using MFS
0.521483	0.421210	0.341020	0.011966	1.0000	• Testing products are rated to a Helium leak rate of 1 x 10-9
0.100616	0.409829	0.373717	0.010256	1.0000	assemblies. All ratings comply with calculations per ANSI Code for
0.529774	0.409829	0.069815	0.008974	1.0000	atm cc/sec.
0.102669	0.398256	0.131417	0.010291	1.0000	Pressure Piping B31.3.
0.521561	0.389535	0.340862	0.010174	1.0000	• Internal Surface Finishes: components are available with
0.092402	0.377778	0.361396	0.010304	1.0000	• Working Pressures are rated at ambient temperature and are
0.531828	0.377778	0.355236	0.010304	1.0000	controlled surface finishes and electropolished internal surfaces.
0.100616	0.366239	0.178645	0.010256	1.0000	based on a 4 to 1 design factor.
0.100616	0.354651	0.250513	0.008721	1.0000	To determine pressure ratings in accordance
0.521561	0.357558	0.334702	0.010174	1.0000	• Cleaning and Packaging: Ultra-High Purity cleaning and
0.100616	0.341453	0.297741	0.011745	1.0000	with ANSI B31.1 multiply Working Pressures by 0.94.
0.531828	0.345726	0.336756	0.010378	1.0000	packaging in a Class 10 Clean Room environment validated
0.531828	0.334188	0.347023	0.010289	1.0000	per Federal Standard 209E, is standard for all electropolished
0.094456	0.321221	0.135524	0.010174	1.0000	• Temperature Ratings
0.531828	0.322674	0.075975	0.008721	1.0000	components.
0.100616	0.308120	0.291581	0.011648	1.0000	Fittings : Stainless Steel 316, 316L 1000°F(537°C)
0.102669	0.296512	0.242300	0.010326	1.0000	Gaskets : High-Purity Nickel 600°F(315°C)
0.164271	0.284884	0.174538	0.010174	1.0000	Stainless Steel 1000°F(537°C)
0.655031	0.271795	0.110883	0.010256	1.0000	Surface Finish (Ry)
0.784394	0.271795	0.110883	0.010256	1.0000	Surface Finish (Ra)
0.092339	0.263018	0.355376	0.011673	1.0000	• Dimensions are for reference only and are subject to change
0.552320	0.262947	0.065791	0.010443	1.0000	Designator
0.681512	0.256394	0.059924	0.008169	1.0000	Maximum
0.810660	0.255575	0.058316	0.010048	1.0000	Maximum
0.092402	0.242733	0.221766	0.010259	1.0000	• Plating Female nuts are silver plated.
0.574949	0.238372	0.018480	0.010174	1.0000	EP
0.694045	0.238372	0.034908	0.010174	1.0000	0.7pm
0.820498	0.237111	0.040513	0.011707	1.0000	5 uinch
0.104723	0.231105	0.340862	0.010348	1.0000	Avoid chemical processes used for cleaning, electropolishing,
0.104723	0.219477	0.219713	0.010174	1.0000	and passivation that will remove plating.
0.574949	0.222384	0.020534	0.008721	1.0000	BA
0.694045	0.222384	0.034908	0.008721	1.0000	3.0um
0.817248	0.220930	0.045175	0.010266	1.0000	10 uinch
0.104723	0.207692	0.347023	0.010331	1.0000	If the plating is damage or removed, thread galling may occur,
0.104723	0.196154	0.330595	0.010256	1.0000	damaging fitting components and preventing a proper seal.
0.094456	0.158430	0.260780	0.014647	1.0000	TYPICAL FACE SEAL FITTINGS
0.160122	0.073973	0.074007	0.010485	1.0000	Female Nut
0.334640	0.074014	0.037086	0.010402	1.0000	Gland
0.478439	0.072674	0.047228	0.011628	1.0000	Gasket
0.632444	0.072674	0.041068	0.011628	1.0000	Gland
0.778184	0.073980	0.059649	0.010471	1.0000	Male Nut
0.665298	0.042151	0.262834	0.008721	1.0000	• Dimensions are for reference only and are subject to change.
0.767967	0.020349	0.160164	0.013081	1.0000	TK-FUJIKIN Total Products 0 19
#FILE	tmp/pdfs/fitting_dimension_audit/tk_ocr/ocr-12.png
0.069815	0.952035	0.291581	0.014632	1.0000	WELD & METAL SEAL FITTINGS I
0.018480	0.845930	0.016427	0.140988	1.0000	WELD & METAL SEAL FITTINGS
0.071482	0.889462	0.150690	0.027152	1.0000	GLANDS
0.236140	0.863248	0.123203	0.011752	1.0000	FEMALE GLAND
0.252567	0.845930	0.028747	0.007267	1.0000	Tube
0.332649	0.845930	0.032854	0.008721	1.0000	Head
0.449692	0.844477	0.053388	0.008721	1.0000	Ordering
0.874743	0.845930	0.028747	0.008721	1.0000	ANS
0.731006	0.840116	0.012320	0.008721	1.0000	B
0.806982	0.840116	0.012320	0.008721	1.0000	L
0.252232	0.836334	0.027665	0.008026	1.0000	Size
0.336756	0.835756	0.026694	0.008721	1.0000	Size
0.451745	0.835756	0.049281	0.008721	1.0000	Number
0.870637	0.835756	0.034908	0.008721	1.0000	(Inch)
0.254620	0.821221	0.022587	0.007267	1.0000	1/8"
0.338809	0.821221	0.020534	0.007267	1.0000	1/8"
0.455852	0.821221	0.045175	0.008721	1.0000	D2SG19
0.574949	0.821221	0.026694	0.007267	1.0000	3.18
0.648871	0.821221	0.024641	0.007267	1.0000	0.70
0.722793	0.821221	0.030801	0.007267	1.0000	19.05
0.796715	0.819767	0.030801	0.008721	1.0000	27.40
0.878850	0.821221	0.020534	0.007267	1.0000	1/8
0.254620	0.806686	0.022587	0.008721	1.0000	1/4"
0.338809	0.806686	0.022587	0.008721	1.0000	1/4"
0.455852	0.806686	0.039014	0.008721	1.0000	D4SG6
0.574949	0.806686	0.026694	0.008721	1.0000	6.35
0.646817	0.805233	0.026694	0.010174	1.0000	1.00
0.728953	0.806686	0.024641	0.008721	1.0000	6.35
0.796715	0.806686	0.032854	0.008721	1.0000	15.24
0.880903	0.806686	0.018480	0.008721	1.0000	1/4
0.254620	0.793605	0.022587	0.008721	1.0000	1/4"
0.338809	0.793605	0.022587	0.008721	1.0000	1/4"
0.455852	0.793605	0.045175	0.008721	1.0000	D4SG10
0.574815	0.793397	0.026961	0.009136	1.0000	6.35
0.648871	0.793605	0.024641	0.008721	1.0000	1.00
0.720739	0.793605	0.032854	0.008721	1.0000	10.00
0.796715	0.793605	0.030801	0.007267	1.0000	18.89
0.878850	0.793605	0.020534	0.008721	1.0000	1/4
0.254620	0.780523	0.022587	0.007267	1.0000	1/4"
0.338809	0.780523	0.022587	0.007267	1.0000	1/4"
0.455852	0.780523	0.045175	0.007267	1.0000	D4SG19
0.574949	0.779070	0.026694	0.008721	1.0000	6.35
0.648871	0.780523	0.024641	0.007267	1.0000	1.00
0.720739	0.779070	0.032854	0.008721	1.0000	19.05
0.796715	0.779070	0.030801	0.008721	1.0000	27.94
0.878850	0.780523	0.020534	0.007267	1.0000	1/4
0.254620	0.765988	0.022587	0.008721	1.0000	3/8"
0.338809	0.765988	0.022587	0.008721	1.0000	1/2"
0.455852	0.765988	0.039014	0.008721	1.0000	•6SG6
0.574949	0.765988	0.024641	0.008721	1.0000	9.53
0.646817	0.764535	0.026694	0.010174	1.0000	1.00
0.726899	0.765988	0.024641	0.008721	1.0000	6.35
0.796715	0.765988	0.032854	0.008721	1.0000	15.75
0.878850	0.765988	0.020534	0.008721	1.0000	1/2
0.254620	0.752907	0.022587	0.008721	1.0000	3/8"
0.338809	0.752907	0.022587	0.008721	1.0000	1/2"
0.455852	0.752907	0.045175	0.008721	1.0000	•6SG10
0.574949	0.752907	0.026694	0.008721	1.0000	9.53
0.648871	0.752907	0.024641	0.008721	1.0000	1.00
0.720739	0.752907	0.032854	0.008721	1.0000	10.00
0.796715	0.752907	0.032854	0.007267	1.0000	19.40
0.878850	0.752907	0.020534	0.008721	1.0000	1/2
0.020788	0.688864	0.016274	0.123723	1.0000	UHP PRODUCTS / FITTING SERIES
0.254620	0.739826	0.022587	0.008721	1.0000	3/8"
0.338809	0.739826	0.022587	0.008721	1.0000	1/2"
0.455836	0.739784	0.045206	0.008803	1.0000	D6SG19
0.574949	0.739826	0.026694	0.007267	1.0000	9.53
0.648871	0.739826	0.024641	0.007267	1.0000	1.00
0.720739	0.739826	0.032854	0.008721	1.0000	19.05
0.796715	0.739826	0.032854	0.007267	1.0000	28.45
0.878850	0.739826	0.020534	0.008721	1.0000	1/2
0.254620	0.726744	0.022587	0.008721	1.0000	1/2"
0.338809	0.726744	0.020534	0.008721	1.0000	1/2"
0.455852	0.726744	0.039014	0.007267	1.0000	•8SG6
0.568789	0.726744	0.032854	0.007267	1.0000	12.70
0.648871	0.726744	0.024641	0.007267	1.0000	1.24
0.726899	0.726744	0.026694	0.007267	1.0000	6.35
0.796715	0.726744	0.032854	0.007267	1.0000	15.75
0.878850	0.726744	0.020534	0.007267	1.0000	1/2
0.254620	0.712209	0.022587	0.008721	1.0000	1/2"
0.338809	0.713663	0.020534	0.007267	1.0000	1/2"
0.455852	0.712209	0.045175	0.008721	1.0000	D8SG10
0.570842	0.712209	0.030801	0.008721	1.0000	12.70
0.648871	0.713663	0.024641	0.007267	1.0000	1.24
0.720739	0.712209	0.032854	0.008721	1.0000	10.00
0.796715	0.712209	0.032854	0.008721	1.0000	19.40
0.878850	0.712209	0.020534	0.008721	1.0000	1/2
0.254620	0.699128	0.022587	0.008721	1.0000	1/2"
0.338809	0.699128	0.022587	0.008721	1.0000	1/2"
0.455852	0.699128	0.045175	0.008721	1.0000	D8SG19
0.570842	0.699128	0.030801	0.008721	1.0000	12.70
0.646817	0.697674	0.026694	0.010174	1.0000	1.24
0.720739	0.699128	0.032854	0.008721	1.0000	19.05
0.796715	0.699128	0.032854	0.008721	1.0000	28.45
0.878850	0.699128	0.020534	0.008721	1.0000	1/2
0.254620	0.686047	0.022587	0.007267	1.0000	3/4"
0.338809	0.686047	0.022587	0.008721	1.0000	З/4"
0.455852	0.684593	0.051335	0.008721	1.0000	D12SG19
0.568789	0.686047	0.032854	0.008721	1.0000	19.05
0.648871	0.686047	0.024641	0.007267	1.0000	1.65
0.720739	0.686047	0.032854	0.008721	1.0000	19.05
0.798768	0.686047	0.030801	0.007267	1.0000	34.50
0.880903	0.686047	0.018480	0.008721	1.0000	3/4
0.260780	0.672965	0.012320	0.007267	1.0000	1"
0.455852	0.672965	0.051335	0.007267	1.0000	•16SG19
0.568789	0.672965	0.032854	0.007267	1.0000	25.40
0.648871	0.672965	0.024641	0.007267	1.0000	1.65
0.720739	0.672965	0.032854	0.007267	1.0000	19.05
0.796715	0.672965	0.032854	0.007267	1.0000	38.60
0.254620	0.658430	0.022587	0.008721	1.0000	1/4"
0.338809	0.658430	0.022587	0.008721	1.0000	1/2"
0.455764	0.658142	0.055618	0.009298	1.0000	•8 x 4SG6
0.574949	0.658430	0.024641	0.008721	1.0000	6.35
0.648871	0.658430	0.024641	0.008721	1.0000	1.00
0.726899	0.658430	0.024641	0.008721	1.0000	6.35
0.796715	0.658430	0.032854	0.008721	1.0000	15.75
0.878850	0.658430	0.020534	0.008721	1.0000	1/2
0.256674	0.646802	0.020534	0.007267	1.0000	1/4"
0.338809	0.645349	0.020534	0.008721	1.0000	1/2"
0.455819	0.645230	0.061669	0.008959	1.0000	•8 x 4SG10
0.574949	0.645349	0.026694	0.008721	1.0000	6.35
0.646817	0.643895	0.026694	0.010174	1.0000	1.00
0.720739	0.645349	0.032854	0.008721	1.0000	10.00
0.796715	0.645349	0.030801	0.008721	1.0000	19.50
0.878850	0.645349	0.018480	0.008721	1.0000	1/2
0.254620	0.632267	0.022587	0.008721	1.0000	1/4"
0.338809	0.632267	0.022587	0.008721	1.0000	1/2"
0.455835	0.630754	0.061635	0.008841	1.0000	D8 x 4SG19
0.574949	0.632267	0.026694	0.007267	1.0000	6.35
0.648871	0.632267	0.024641	0.007267	1.0000	1.00
0.720739	0.632267	0.032854	0.007267	1.0000	19.05
0.796715	0.632267	0.032854	0.008721	1.0000	28.45
0.878850	0.632267	0.020534	0.008721	1.0000	1/2
0.236140	0.614826	0.135524	0.008721	1.0000	ANS: AVAILABLE NUT SIZE
0.236140	0.587179	0.106776	0.011658	1.0000	MALE GLAND
0.250513	0.571221	0.030801	0.008721	1.0000	Tube
0.332649	0.571221	0.032854	0.010174	1.0000	Head
0.449422	0.570173	0.053959	0.009798	1.0000	Ordering
0.874743	0.572674	0.028747	0.007267	1.0000	ANS
0.252567	0.562500	0.026694	0.008721	1.0000	Size
0.336756	0.562500	0.026694	0.008721	1.0000	Size
0.451728	0.562452	0.049315	0.008817	1.0000	Number
0.577002	0.565407	0.014374	0.010174	1.0000	D
0.655031	0.566860	0.010267	0.008721	1.0000	T
0.806982	0.566860	0.010267	0.008721	1.0000	L
0.870637	0.562500	0.034908	0.007267	1.0000	(Inch)
0.254620	0.547965	0.022587	0.007267	1.0000	1/8"
0.338809	0.547965	0.022587	0.007267	1.0000	1/8"
0.455852	0.546512	0.043121	0.008721	1.0000	D2LG19
0.574949	0.546512	0.026694	0.008721	1.0000	3.18
0.648871	0.546512	0.024641	0.008721	1.0000	0.70
0.720739	0.546512	0.032854	0.008721	1.0000	19.05
0.796715	0.546512	0.030801	0.008721	1.0000	36.00
0.878850	0.546512	0.020534	0.008721	1.0000	1/8
0.254620	0.533430	0.022587	0.008721	1.0000	1/4"
0.338809	0.533430	0.022587	0.008721	1.0000	1/4"
0.455852	0.533430	0.039014	0.007267	1.0000	D4LG6
0.574949	0.533430	0.026694	0.008721	1.0000	6.35
0.648871	0.533430	0.024641	0.007267	1.0000	1.00
0.726899	0.533430	0.026694	0.008721	1.0000	6.35
0.796715	0.533430	0.030801	0.007267	1.0000	30.48
0.878850	0.533430	0.020534	0.008721	1.0000	1/4
0.254620	0.520349	0.022587	0.008721	1.0000	1/4"
0.338809	0.520349	0.022587	0.007267	1.0000	1/4"
0.455852	0.520349	0.043121	0.007267	1.0000	D4LG10
0.574949	0.520349	0.026694	0.007267	1.0000	6.35
0.648871	0.520349	0.024641	0.007267	1.0000	1.00
0.720739	0.520349	0.030801	0.007267	1.0000	10.00
0.796715	0.520349	0.030801	0.007267	1.0000	34.13
0.878850	0.520349	0.020534	0.007267	1.0000	1/4
0.254620	0.507267	0.022587	0.007267	1.0000	1/4"
0.338809	0.507267	0.022587	0.007267	1.0000	1/4"
0.455852	0.505814	0.043121	0.008721	1.0000	D4LG19
0.574949	0.505814	0.026694	0.008721	1.0000	6.35
0.648871	0.505814	0.024641	0.008721	1.0000	1.00
0.720739	0.505814	0.032854	0.008721	1.0000	19.05
0.796715	0.505814	0.032854	0.008721	1.0000	43.18
0.878850	0.507267	0.020534	0.007267	1.0000	1/4
0.254620	0.492733	0.022587	0.008721	1.0000	3/8"
0.338809	0.492733	0.020534	0.008721	1.0000	1/2"
0.455852	0.492733	0.039014	0.008721	1.0000	•6LG6
0.574949	0.492733	0.026694	0.008721	1.0000	9.53
0.648871	0.492733	0.024641	0.008721	1.0000	1.00
0.726899	0.492733	0.024641	0.008721	1.0000	6.35
0.794661	0.491279	0.032854	0.010174	1.0000	32.77
0.878850	0.492733	0.020534	0.008721	1.0000	1/2
0.254620	0.479651	0.022587	0.008721	1.0000	3/8"
0.338809	0.479651	0.022587	0.008721	1.0000	1/2"
0.455852	0.479651	0.043121	0.007267	1.0000	•6LG10
0.574949	0.479651	0.026694	0.007267	1.0000	9.53
0.648871	0.479651	0.024641	0.007267	1.0000	1.00
0.720739	0.479651	0.032854	0.008721	1.0000	10.00
0.796715	0.479651	0.032854	0.007267	1.0000	36.42
0.878850	0.478198	0.020534	0.010174	1.0000	1/2
0.254620	0.466570	0.022587	0.007267	1.0000	3/8"
0.338809	0.466570	0.022587	0.007267	1.0000	1/2"
0.455852	0.466570	0.043121	0.007267	1.0000	D6LG19
0.574949	0.466570	0.026694	0.007267	1.0000	9.53
0.648871	0.466570	0.024641	0.007267	1.0000	1.00
0.720739	0.466570	0.032854	0.007267	1.0000	19.05
0.796715	0.466570	0.030801	0.007267	1.0000	45.47
0.878850	0.466570	0.020534	0.007267	1.0000	1/2
0.254620	0.452035	0.022587	0.008721	1.0000	1/2"
0.338809	0.452035	0.020534	0.008721	1.0000	1/2"
0.455852	0.452035	0.039014	0.008721	1.0000	D8LG6
0.570842	0.452035	0.030801	0.008721	1.0000	12.70
0.648871	0.452035	0.024641	0.008721	1.0000	1.24
0.726899	0.452035	0.026694	0.008721	1.0000	6.35
0.796715	0.452035	0.030801	0.008721	1.0000	32.77
0.878850	0.452035	0.020534	0.008721	1.0000	1/2
0.254620	0.438953	0.022587	0.008721	1.0000	1/2"
0.338809	0.438953	0.022587	0.008721	1.0000	1/2"
0.455852	0.438953	0.043121	0.008721	1.0000	D8LG10
0.568789	0.438953	0.032854	0.008721	1.0000	12.70
0.648871	0.438953	0.024641	0.008721	1.0000	1.24
0.720739	0.438953	0.032854	0.008721	1.0000	10.00
0.796715	0.438953	0.032854	0.008721	1.0000	36.42
0.878850	0.438953	0.020534	0.008721	1.0000	1/2
0.254620	0.425872	0.022587	0.007267	1.0000	1/2"
0.338809	0.425872	0.022587	0.008721	1.0000	1/2"
0.455783	0.425699	0.043259	0.009066	1.0000	D8LG19
0.570842	0.425872	0.030801	0.007267	1.0000	12.70
0.648871	0.425872	0.024641	0.007267	1.0000	1.24
0.720739	0.425872	0.032854	0.007267	1.0000	19.05
0.796715	0.425872	0.030801	0.007267	1.0000	45.47
0.878850	0.425872	0.020534	0.007267	1.0000	1/2
0.254620	0.412791	0.022587	0.007267	1.0000	3/4"
0.338809	0.412791	0.022587	0.007267	1.0000	3/4"
0.455835	0.412734	0.049315	0.007381	1.0000	•12LG19
0.570842	0.412791	0.030801	0.007267	1.0000	19.05
0.648871	0.412791	0.024641	0.007267	1.0000	1.65
0.720739	0.412791	0.032854	0.007267	1.0000	19.05
0.796715	0.411337	0.030801	0.008721	1.0000	51.56
0.878850	0.412791	0.020534	0.007267	1.0000	3/4
0.260780	0.398256	0.012320	0.008721	1.0000	1"
0.342916	0.399709	0.014374	0.007267	1.0000	1"
0.455796	0.398094	0.049394	0.009044	1.0000	•16LG19
0.568789	0.398256	0.032854	0.008721	1.0000	25.40
0.648871	0.398256	0.024641	0.008721	1.0000	1.65
0.720739	0.398256	0.032854	0.008721	1.0000	19.05
0.796715	0.398256	0.032854	0.008721	1.0000	58.93
0.254620	0.385174	0.024641	0.008721	1.0000	1/4"
0.338809	0.385174	0.022587	0.008721	1.0000	1/2"
0.455723	0.384744	0.055700	0.009582	1.0000	•8 x 4LG6
0.574949	0.385174	0.026694	0.008721	1.0000	6.35
0.646817	0.383721	0.026694	0.010174	1.0000	1.00
0.726899	0.385174	0.026694	0.008721	1.0000	6.35
0.796715	0.385174	0.030801	0.008721	1.0000	32.77
0.878850	0.385174	0.020534	0.008721	1.0000	1/2
0.254620	0.372093	0.022587	0.008721	1.0000	1/4"
0.338809	0.370640	0.022587	0.008721	1.0000	1/2"
0.455820	0.370525	0.061666	0.008951	1.0000	•8 x 4LG10
0.574949	0.372093	0.026694	0.007267	1.0000	6.35
0.648871	0.372093	0.024641	0.007267	1.0000	1.00
0.720739	0.372093	0.030801	0.007267	1.0000	10.00
0.796715	0.370640	0.030801	0.008721	1.0000	36.42
0.878850	0.370640	0.018480	0.008721	1.0000	1/2
0.256674	0.359012	0.020534	0.007267	1.0000	1/4"
0.338809	0.357558	0.020534	0.010174	1.0000	1/2"
0.455785	0.357315	0.061736	0.009207	1.0000	•8 x 4LG19
0.574949	0.357558	0.026694	0.008721	1.0000	6.35
0.648871	0.357558	0.024641	0.008721	1.0000	1.00
0.720739	0.357558	0.032854	0.008721	1.0000	19.05
0.796715	0.357558	0.030801	0.008721	1.0000	45.47
0.878850	0.357558	0.020534	0.008721	1.0000	1/2
0.236140	0.341453	0.133470	0.008974	1.0000	ANS : AVAILABLE NUT SIZE
0.236140	0.313953	0.213552	0.013081	1.0000	ATW FEMALE LONG GLAND
0.250513	0.296512	0.030801	0.008721	1.0000	Tube
0.332592	0.296396	0.035022	0.008952	1.0000	Head
0.449336	0.295470	0.054065	0.010296	1.0000	Ordering
0.655031	0.292151	0.012320	0.008721	1.0000	D
0.806982	0.290698	0.012320	0.008721	1.0000	L
0.878850	0.292151	0.018480	0.007267	1.0000	Tx
0.252567	0.287791	0.026694	0.007267	1.0000	Size
0.336756	0.286337	0.026694	0.008721	1.0000	Size
0.451745	0.286337	0.049281	0.008721	1.0000	Number
0.254620	0.271802	0.022587	0.008721	1.0000	1/4"
0.338809	0.271802	0.022587	0.008721	1.0000	1/4"
0.449692	0.271802	0.053388	0.008721	1.0000	D4ASG19
0.568789	0.271802	0.032854	0.008721	1.0000	19.05
0.648871	0.270349	0.022587	0.010174	1.0000	0.5
0.728953	0.271802	0.020534	0.008721	1.0000	4.6
0.800821	0.271802	0.024641	0.008721	1.0000	28.5
0.878850	0.271802	0.020534	0.008721	1.0000	7.4
0.254620	0.258721	0.022587	0.007267	1.0000	3/8"
0.338809	0.258721	0.022587	0.007267	1.0000	1/2"
0.449692	0.258721	0.053388	0.008721	1.0000	D6ASG19
0.568789	0.258721	0.032854	0.007267	1.0000	19.05
0.650924	0.258721	0.020534	0.007267	1.0000	0.8
0.728953	0.257267	0.020534	0.010174	1.0000	7.9
0.800821	0.257267	0.024641	0.008721	1.0000	29.2
0.876797	0.257267	0.024641	0.008721	1.0000	10.4
0.254620	0.245640	0.022587	0.007267	1.0000	1/2"
0.338809	0.245640	0.022587	0.007267	1.0000	1/2"
0.449692	0.245640	0.053388	0.008721	1.0000	D8ASG19
0.570842	0.245640	0.030801	0.007267	1.0000	19.05
0.650924	0.245640	0.020534	0.007267	1.0000	1.0
0.724846	0.245640	0.024641	0.007267	1.0000	10.2
0.800821	0.245640	0.024641	0.007267	1.0000	29.5
0.876797	0.245640	0.024641	0.007267	1.0000	14.0
0.254620	0.231105	0.022587	0.008721	1.0000	1/4"
0.338809	0.231105	0.022587	0.008721	1.0000	1/2"
0.451745	0.231105	0.069815	0.008721	1.0000	•8 x 4ASG19
0.570842	0.231105	0.030801	0.008721	1.0000	19.05
0.650924	0.231105	0.020534	0.008721	1.0000	0.5
0.722793	0.229651	0.026694	0.010174	1.0000	10.2
0.800821	0.231105	0.024641	0.008721	1.0000	29.5
0.880903	0.231105	0.018480	0.008721	1.0000	7.4
0.236140	0.214957	0.133470	0.007426	1.0000	ANS : AVAILABLE NUT SIZE
0.236140	0.185897	0.195072	0.013248	1.0000	ATW MALE LONG GLAND
0.250513	0.168605	0.030801	0.008721	1.0000	Tube
0.332649	0.168605	0.034908	0.008721	1.0000	Head
0.449157	0.166697	0.054527	0.011997	1.0000	Ordering
0.577002	0.161337	0.014374	0.011628	1.0000	B
0.655031	0.164244	0.012320	0.008721	1.0000	D
0.731006	0.164244	0.012320	0.008721	1.0000	E
0.254620	0.159884	0.024641	0.007267	1.0000	Size
0.336195	0.158866	0.027665	0.008347	1.0000	Size
0.451717	0.159786	0.049339	0.007463	1.0000	Number
0.880903	0.162791	0.016427	0.008721	1.0000	Tx
0.254620	0.143895	0.022587	0.008721	1.0000	1/4"
0.338809	0.143895	0.022587	0.008721	1.0000	1/4"
0.449665	0.143812	0.053442	0.008888	1.0000	D4ALG19
0.568789	0.143895	0.032854	0.008721	1.0000	19.05
0.650924	0.143895	0.020534	0.008721	1.0000	0.5
0.728953	0.143895	0.020534	0.008721	1.0000	4.6
0.798768	0.143895	0.026694	0.008721	1.0000	43.7
0.880903	0.143895	0.020534	0.008721	1.0000	7.4
0.254620	0.130814	0.022587	0.007267	1.0000	3/8"
0.338809	0.130814	0.022587	0.007267	1.0000	1/2"
0.449643	0.130667	0.051434	0.009015	1.0000	-6ALG19
0.566735	0.127907	0.034908	0.011628	1.0000	19.05
0.650924	0.130814	0.020534	0.007267	1.0000	0.8
0.728953	0.129360	0.020534	0.010174	1.0000	7.9
0.800821	0.130814	0.024641	0.007267	1.0000	46.2
0.874743	0.127907	0.026694	0.010174	1.0000	10.4
0.254620	0.116279	0.022587	0.008721	1.0000	1/2"
0.338809	0.116279	0.022587	0.008721	1.0000	1/2"
0.449184	0.115000	0.054347	0.012008	1.0000	-8ALG19
0.570842	0.116279	0.030801	0.008721	1.0000	19.05
0.650924	0.116279	0.020534	0.008721	1.0000	1.0
0.724846	0.116279	0.024641	0.008721	1.0000	10.2
0.800821	0.116279	0.024641	0.008721	1.0000	46.5
0.876797	0.116279	0.024641	0.008721	1.0000	14.0
0.254620	0.103198	0.022587	0.008721	1.0000	3/4"
0.338809	0.103198	0.022587	0.008721	1.0000	З/4"
0.451734	0.103159	0.057518	0.008799	1.0000	•12ALG19
0.570842	0.103198	0.030801	0.008721	1.0000	19.05
0.650924	0.103198	0.020534	0.008721	1.0000	1.0
0.724846	0.103198	0.024641	0.008721	1.0000	16.5
0.800821	0.103198	0.024641	0.008721	1.0000	52.6
0.876797	0.103198	0.024641	0.008721	1.0000	20.3
0.260780	0.090116	0.012320	0.008721	1.0000	1"
0.344969	0.090116	0.012320	0.008721	1.0000	1"
0.451745	0.090116	0.055441	0.008721	1.0000	•16ALG19
0.568789	0.088663	0.032854	0.010174	1.0000	24.40
0.650924	0.090116	0.020534	0.008721	1.0000	1.0
0.722793	0.088663	0.026694	0.010174	1.0000	22.1
0.800821	0.090116	0.024641	0.007267	1.0000	65.3
0.874743	0.088663	0.026694	0.010174	1.0000	26.9
0.256674	0.077035	0.022587	0.007267	1.0000	1/4"
0.338809	0.077035	0.022587	0.007267	1.0000	1/2"
0.451699	0.075424	0.067855	0.010488	1.0000	•8 x 4ALG19
0.570842	0.077035	0.030801	0.007267	1.0000	19.05
0.650924	0.077035	0.020534	0.007267	1.0000	0.5
0.724846	0.077035	0.024641	0.007267	1.0000	10.2
0.800821	0.077035	0.024641	0.007267	1.0000	46.5
0.880903	0.077035	0.018480	0.007267	1.0000	7.4
0.236140	0.059402	0.135524	0.008974	1.0000	ANS : AVAILABLE NUT SIZE
0.069815	0.043590	0.262834	0.007282	1.0000	• Dimensions are for reference only and are subject to change.
0.067762	0.020349	0.166324	0.011702	1.0000	020 TK-FUJIKIN Total Products
#FILE	tmp/pdfs/fitting_dimension_audit/tk_ocr/ocr-13.png
0.634497	0.952035	0.293634	0.014632	1.0000	| WELD & METAL SEAL FITTINGS
0.958932	0.845930	0.018481	0.139535	1.0000	WELD & METAL SEAL FITTINGS
0.234086	0.876453	0.229979	0.011628	1.0000	SOCKET WELD SHORT GLAND
0.246407	0.859012	0.041068	0.008721	1.0000	Socket
0.326489	0.859012	0.032854	0.008721	1.0000	Head
0.439198	0.858036	0.055885	0.009073	1.0000	Ordering
0.252567	0.850291	0.026694	0.007267	1.0000	Size
0.581109	0.851744	0.014374	0.011628	1.0000	D
0.774127	0.853198	0.012320	0.008721	1.0000	L
0.866530	0.851744	0.020534	0.011628	1.0000	Tx
0.328542	0.848837	0.028747	0.008721	1.0000	Size
0.441478	0.848837	0.049281	0.008721	1.0000	Number
0.254620	0.832849	0.024641	0.008721	1.0000	1/4"
0.330595	0.832849	0.022587	0.008721	1.0000	1/4"
0.441478	0.832849	0.049281	0.008721	1.0000	D4SWSG
0.577002	0.831395	0.022587	0.010174	1.0000	7.1
0.675565	0.832849	0.018480	0.008721	1.0000	4.6
0.765914	0.831395	0.026694	0.010174	1.0000	12.7
0.864476	0.831395	0.022587	0.010174	1.0000	8.9
0.236140	0.741279	0.219713	0.013081	1.0000	SOCKET WELD LONG GLAND
0.963039	0.687500	0.012320	0.123547	1.0000	UHP PRODUCTS / FITTING SERIES
0.246407	0.723837	0.041068	0.008721	1.0000	Socket
0.326489	0.725291	0.032854	0.007267	1.0000	Head
0.438425	0.721535	0.057482	0.013614	1.0000	Ordering
0.583162	0.719477	0.012320	0.008721	1.0000	D
0.679671	0.718023	0.010267	0.010174	1.0000	E
0.252567	0.715116	0.026694	0.007267	1.0000	Size
0.328542	0.715116	0.026694	0.007267	1.0000	Size
0.441478	0.715116	0.049281	0.007267	1.0000	Number
0.774127	0.718023	0.012320	0.008721	1.0000	L
0.868583	0.718023	0.018480	0.008721	1.0000	Tx
0.254620	0.697674	0.022587	0.008721	1.0000	1/8"
0.330595	0.697674	0.022587	0.008721	1.0000	1/8"
0.439330	0.697430	0.051525	0.010664	1.0000	D2SWLG
0.577002	0.696221	0.022587	0.010174	1.0000	2.5
0.671458	0.696221	0.022587	0.010174	1.0000	2.3
0.765914	0.696221	0.026694	0.010174	1.0000	17.8
0.864476	0.696221	0.022587	0.010174	1.0000	5.1
0.254620	0.681686	0.022587	0.007267	1.0000	1/4"
0.330595	0.681686	0.022587	0.007267	1.0000	1/4"
0.441417	0.680058	0.049403	0.009071	1.0000	D4SWLG
0.579055	0.680233	0.020534	0.008721	1.0000	7.1
0.675565	0.680233	0.018480	0.008721	1.0000	4.6
0.763860	0.678779	0.028747	0.010174	1.0000	33.3
0.866530	0.680233	0.020534	0.008721	1.0000	8.9
0.254620	0.664244	0.022587	0.007267	1.0000	3/8"
0.330595	0.664244	0.022587	0.008721	1.0000	1/2"
0.439425	0.664244	0.055441	0.008721	1.0000	D6SWLG
0.579055	0.664244	0.020534	0.008721	1.0000	7.9
0.675565	0.664244	0.018480	0.008721	1.0000	7.1
0.763860	0.662791	0.028747	0.010174	1.0000	38.1
0.864476	0.664244	0.024641	0.008721	1.0000	15.2
0.254620	0.646802	0.022587	0.008721	1.0000	1/2"
0.330595	0.646802	0.022587	0.008721	1.0000	1/2"
0.441442	0.646700	0.049353	0.008926	1.0000	•8SWLG
0.579055	0.646802	0.020534	0.008721	1.0000	9.6
0.671458	0.646802	0.024641	0.008721	1.0000	10.2
0.765914	0.645349	0.026694	0.011628	1.0000	38.1
0.864476	0.646802	0.024641	0.008721	1.0000	15.2
0.254620	0.630814	0.024641	0.007267	1.0000	3/4"
0.330595	0.630814	0.022587	0.008721	1.0000	З/4"
0.441398	0.629109	0.053549	0.009225	1.0000	D12SWLG
0.577002	0.627907	0.024641	0.010174	1.0000	11.2
0.671458	0.629360	0.024641	0.008721	1.0000	15.7
0.767967	0.629360	0.024641	0.008721	1.0000	50.8
0.864476	0.629360	0.024641	0.008721	1.0000	22.4
0.260780	0.613372	0.012320	0.008721	1.0000	1"
0.336756	0.613372	0.012320	0.008721	1.0000	1"
0.439425	0.613372	0.057495	0.008721	1.0000	•16SWLG
0.577002	0.613372	0.024641	0.008721	1.0000	15.7
0.669405	0.611919	0.026694	0.010174	1.0000	22.1
0.767967	0.613372	0.024641	0.008721	1.0000	56.4
0.864476	0.613372	0.024641	0.008721	1.0000	30.2
0.234086	0.573932	0.308008	0.011966	1.0000	SOCKET WELD REDUCING LONG GLAND
0.246380	0.555169	0.041122	0.008849	1.0000	Socket
0.326489	0.555233	0.032854	0.008721	1.0000	Head
0.438471	0.553106	0.057396	0.013317	1.0000	Ordering
0.583162	0.550872	0.012320	0.010174	1.0000	D
0.679671	0.550872	0.010267	0.010174	1.0000	E
0.774127	0.550872	0.010267	0.008721	1.0000	L
0.868583	0.550872	0.018480	0.008721	1.0000	Tx
0.252567	0.546512	0.026694	0.008721	1.0000	Size
0.328542	0.546512	0.028747	0.008721	1.0000	Size
0.441478	0.546512	0.049281	0.008721	1.0000	Number
0.254620	0.529070	0.022587	0.008721	1.0000	1/8"
0.330595	0.530523	0.022587	0.007267	1.0000	1/4"
0.433183	0.528750	0.065873	0.009360	1.0000	•4 × 2SWLG
0.579055	0.529070	0.020534	0.008721	1.0000	2.5
0.673511	0.529070	0.020534	0.008721	1.0000	2.3
0.765914	0.529070	0.026694	0.008721	1.0000	33.3
0.866530	0.529070	0.020534	0.008721	1.0000	8.9
0.254620	0.513081	0.024641	0.007267	1.0000	1/4"
0.330595	0.513081	0.022587	0.008721	1.0000	1/2"
0.433037	0.511979	0.066122	0.010094	1.0000	•8 x 4SWLG
0.579055	0.513081	0.020534	0.008721	1.0000	7.1
0.673511	0.513081	0.020534	0.008721	1.0000	4.6
0.767967	0.513081	0.024641	0.007267	1.0000	38.1
0.864476	0.513081	0.024641	0.007267	1.0000	15.2
0.236140	0.438889	0.106776	0.011693	1.0000	BLIND GLAND
0.250513	0.421512	0.032854	0.008721	1.0000	Head
0.359343	0.420058	0.053388	0.008721	1.0000	Ordering
0.597536	0.421512	0.030801	0.008721	1.0000	Head
0.706366	0.420058	0.051335	0.010174	1.0000	Ordering
0.523614	0.415698	0.012320	0.010174	1.0000	L
0.254620	0.412791	0.024641	0.007267	1.0000	Size
0.707687	0.410415	0.048651	0.011606	1.0000	Number
0.868583	0.415698	0.012320	0.008721	1.0000	L
0.361396	0.411337	0.049281	0.008721	1.0000	Number
0.599589	0.411337	0.026694	0.008721	1.0000	Size
0.254620	0.395349	0.022587	0.008721	1.0000	1/8"
0.365503	0.395349	0.039014	0.007267	1.0000	•2BLG
0.517454	0.393895	0.024641	0.010174	1.0000	17.8
0.601643	0.395349	0.022587	0.008721	1.0000	3/4"
0.710472	0.393895	0.043121	0.008721	1.0000	D12BLG
0.860370	0.393895	0.026694	0.008721	1.0000	50.8
0.254620	0.377907	0.022587	0.008721	1.0000	1/4"
0.365503	0.377907	0.039014	0.008721	1.0000	•4BLG
0.515400	0.376453	0.026694	0.010174	1.0000	33.3
0.607803	0.377907	0.012320	0.008721	1.0000	1"
0.710472	0.377907	0.043121	0.008721	1.0000	D16BLG
0.862423	0.377907	0.024641	0.008721	1.0000	56.4
0.254620	0.360465	0.022587	0.008721	1.0000	1/2"
0.363357	0.358822	0.041253	0.010553	1.0000	D8BLG
0.515400	0.359012	0.026694	0.010174	1.0000	38.1
0.236140	0.297863	0.156058	0.011730	1.0000	MALE WELD GLAND
0.250513	0.279070	0.030801	0.008721	1.0000	Tube
0.332649	0.280523	0.032854	0.007267	1.0000	Head
0.449692	0.277616	0.051335	0.010174	1.0000	Ordering
0.874743	0.279070	0.026694	0.008721	1.0000	ANS
0.577002	0.273256	0.014374	0.010174	1.0000	D
0.806982	0.274709	0.012320	0.008721	1.0000	L
0.252567	0.270349	0.026694	0.008721	1.0000	Size
0.336756	0.270349	0.026694	0.008721	1.0000	Size
0.449615	0.270116	0.051489	0.009186	1.0000	Number
0.870637	0.268895	0.034908	0.008721	1.0000	(Inch)
0.254620	0.252907	0.022587	0.008721	1.0000	1/8"
0.338809	0.252907	0.020534	0.008721	1.0000	1/8"
0.457906	0.252907	0.036961	0.008721	1.0000	•2MG
0.574879	0.252808	0.024781	0.008920	1.0000	3.18
0.655031	0.252907	0.018480	0.008721	1.0000	1.5
0.728953	0.252907	0.020534	0.008721	1.0000	7.1
0.800821	0.252907	0.024641	0.008721	1.0000	17.8
0.878850	0.252907	0.020534	0.008721	1.0000	1/8
0.254620	0.236919	0.024641	0.008721	1.0000	1/4"
0.338809	0.236919	0.022587	0.008721	1.0000	1/4"
0.457906	0.236919	0.036961	0.008721	1.0000	D4MG
0.574949	0.235465	0.026694	0.008721	1.0000	6.35
0.652977	0.235465	0.020534	0.008721	1.0000	3.0
0.724846	0.236919	0.024641	0.007267	1.0000	10.4
0.800821	0.236919	0.024641	0.007267	1.0000	33.3
0.878850	0.236919	0.020534	0.007267	1.0000	1/4
0.254620	0.219477	0.022587	0.008721	1.0000	3/8"
0.336756	0.219477	0.022587	0.008721	1.0000	1/2"
0.457906	0.219477	0.036961	0.008721	1.0000	•6MG
0.574949	0.219477	0.024641	0.008721	1.0000	9.53
0.652977	0.219477	0.020534	0.008721	1.0000	7.1
0.724846	0.219477	0.024641	0.007267	1.0000	10.4
0.800821	0.219477	0.024641	0.008721	1.0000	38.1
0.878850	0.219477	0.020534	0.008721	1.0000	3/8
0.254620	0.202035	0.022587	0.008721	1.0000	1/2"
0.338809	0.202035	0.020534	0.008721	1.0000	1/2"
0.457906	0.202035	0.036961	0.008721	1.0000	•8MG
0.568789	0.202035	0.030801	0.008721	1.0000	12.70
0.648871	0.202035	0.024641	0.008721	1.0000	10.2
0.724846	0.202035	0.024641	0.008721	1.0000	12.7
0.800821	0.202035	0.024641	0.008721	1.0000	38.1
0.878850	0.202035	0.020534	0.008721	1.0000	1/2
0.236140	0.146802	0.119097	0.011745	1.0000	TUBE ADAPTER
0.252567	0.127907	0.028747	0.008721	1.0000	Tube
0.332649	0.127907	0.032854	0.008721	1.0000	Head
0.448746	0.125822	0.055163	0.013427	1.0000	Ordering
0.874743	0.127907	0.026694	0.008721	1.0000	ANS
0.577002	0.122093	0.014374	0.010174	1.0000	D
0.806982	0.123547	0.012320	0.008721	1.0000	L
0.254620	0.119186	0.024641	0.008721	1.0000	Size
0.336756	0.119186	0.026694	0.008721	1.0000	Size
0.449692	0.119186	0.051335	0.008721	1.0000	Number
0.870637	0.117733	0.034908	0.008721	1.0000	(Inch)
0.254620	0.101744	0.022587	0.008721	1.0000	1/4"
0.338809	0.101744	0.022587	0.008721	1.0000	1/4"
0.457906	0.101744	0.036961	0.008721	1.0000	04TA
0.570842	0.101744	0.026694	0.008721	1.0000	6.35
0.650924	0.101744	0.020534	0.008721	1.0000	4.3
0.724846	0.101744	0.024641	0.008721	1.0000	16.2
0.804928	0.101744	0.016427	0.008721	1.0000	41
0.878850	0.101744	0.020534	0.008721	1.0000	1/4
0.254620	0.085756	0.022587	0.007267	1.0000	3/8"
0.338809	0.085756	0.020534	0.008721	1.0000	1/2"
0.457906	0.084302	0.036961	0.008721	1.0000	•6TA
0.574949	0.084302	0.026694	0.008721	1.0000	9.53
0.650924	0.084302	0.020534	0.008721	1.0000	6.8
0.724846	0.084302	0.024641	0.008721	1.0000	17.8
0.804928	0.085756	0.016427	0.007267	1.0000	46
0.878850	0.085756	0.020534	0.008721	1.0000	3/8
0.254620	0.068314	0.022587	0.008721	1.0000	1/2"
0.336756	0.068314	0.022587	0.008721	1.0000	1/2"
0.457906	0.068314	0.036961	0.007267	1.0000	08TA
0.568789	0.068314	0.032854	0.007267	1.0000	12.70
0.650924	0.068314	0.020534	0.007267	1.0000	9.4
0.724846	0.066860	0.024641	0.008721	1.0000	24.4
0.800821	0.068314	0.024641	0.008721	1.0000	49.3
0.878850	0.066860	0.020534	0.010174	1.0000	1/2
0.665298	0.042151	0.262834	0.008721	1.0000	• Dimensions are for reference only and are subject to change.
0.770021	0.020349	0.158111	0.011702	1.0000	TK-FUJIKIN Total Products 021
#FILE	tmp/pdfs/fitting_dimension_audit/tk_ocr/ocr-14.png
0.069815	0.952035	0.291581	0.014632	1.0000	WELD & METAL SEAL FITTINGS |
0.022587	0.847384	0.012320	0.139535	1.0000	WELD & METAL SEAL FITTINGS
0.236140	0.893895	0.168378	0.011660	1.0000	DOUBLE MALE UNION
0.250513	0.876453	0.032854	0.007267	1.0000	Head
0.348562	0.874638	0.052424	0.010316	1.0000	Ordering
0.624230	0.870640	0.012320	0.010174	1.0000	L
0.254620	0.867733	0.024641	0.007267	1.0000	Size
0.722793	0.866239	0.051335	0.017521	1.0000	Hex Flat
0.858316	0.869186	0.016427	0.011628	1.0000	M
0.348711	0.865778	0.049799	0.008621	1.0000	Number
0.256674	0.850291	0.020534	0.007267	1.0000	1/8"
0.355200	0.848765	0.034979	0.008865	1.0000	•2MU
0.501027	0.848837	0.026694	0.008721	1.0000	2.30
0.613963	0.848837	0.032854	0.008721	1.0000	28.70
0.737166	0.848837	0.024641	0.008721	1.0000	9.52
0.835714	0.848782	0.065738	0.008831	1.0000	5/16-24 UNF
0.254620	0.832849	0.022587	0.008721	1.0000	1/4"
0.355236	0.832849	0.034908	0.007267	1.0000	04MU
0.501027	0.832849	0.026694	0.007267	1.0000	4.35
0.613963	0.832849	0.032854	0.007267	1.0000	39.37
0.733060	0.832849	0.032854	0.007267	1.0000	15.88
0.833655	0.832767	0.067804	0.008885	1.0000	9/16-18 UNF
0.254620	0.815407	0.022587	0.008721	1.0000	1/2"
0.355236	0.815407	0.034908	0.008721	1.0000	•8MU
0.496920	0.815407	0.030801	0.008721	1.0000	10.22
0.613963	0.815407	0.032854	0.008721	1.0000	46.74
0.733060	0.815407	0.032854	0.008721	1.0000	23.81
0.837762	0.815333	0.061643	0.008868	1.0000	7/8-14 UNF
0.254355	0.798118	0.023686	0.009555	1.0000	3/4"
0.357290	0.799419	0.039014	0.007267	1.0000	•12MU
0.494867	0.797965	0.032854	0.008721	1.0000	15.75
0.613963	0.797965	0.032854	0.008721	1.0000	61.98
0.733060	0.797965	0.030801	0.008721	1.0000	33.34
0.827515	0.799419	0.080082	0.007419	1.0000	1 1/4 -18 UNEF
0.258727	0.780523	0.016427	0.010174	1.0000	1"
0.355236	0.781977	0.041068	0.008721	1.0000	•16MU
0.494867	0.780523	0.032854	0.010174	1.0000	22.10
0.611910	0.780523	0.034908	0.010174	1.0000	65.79
0.733060	0.781977	0.032854	0.008721	1.0000	41.28
0.837753	0.781873	0.061660	0.008927	1.0000	1 1/2-20 UN
0.024641	0.687500	0.012320	0.123547	1.0000	UHP PRODUCTS / FITTING SERIES
0.236140	0.738372	0.258727	0.013081	1.0000	DOUBLE MALE REDUCING UNION
0.250513	0.720930	0.032854	0.008721	1.0000	Head
0.308008	0.720930	0.032854	0.008721	1.0000	Head
0.385713	0.720097	0.053962	0.009396	1.0000	Ordering
0.570842	0.716570	0.014374	0.008721	1.0000	Е1
0.714579	0.716570	0.012320	0.008721	1.0000	L
0.624218	0.712173	0.051360	0.008794	1.0000	Hex Flat
0.790554	0.715116	0.016427	0.010174	1.0000	M
0.253490	0.710135	0.028755	0.010139	1.0000	Size
0.310062	0.712209	0.026694	0.007267	1.0000	Size
0.385497	0.709483	0.050305	0.010585	1.0000	Number
0.254620	0.694767	0.022587	0.008721	1.0000	1/4"
0.312115	0.694767	0.022587	0.008721	1.0000	1/8"
0.385687	0.692987	0.052160	0.011043	1.0000	•4 x 2MU
0.492813	0.694767	0.026694	0.008721	1.0000	2.30
0.566735	0.694767	0.026694	0.007267	1.0000	4.35
0.634497	0.694767	0.030801	0.007267	1.0000	15.88
0.708419	0.694767	0.024641	0.007267	1.0000	34.8
0.765822	0.694410	0.065891	0.009436	1.0000	9/16-18 UNF
0.852122	0.694639	0.065776	0.008978	1.0000	5/16-24 UNF
0.254620	0.677326	0.022587	0.008721	1.0000	1/2"
0.314168	0.677326	0.020534	0.008721	1.0000	1/4"
0.386016	0.677263	0.051377	0.008845	1.0000	•8 х 4MU
0.492813	0.675872	0.026694	0.010174	1.0000	4.35
0.560575	0.675872	0.032854	0.010174	1.0000	10.20
0.632444	0.675872	0.032854	0.010174	1.0000	23.81
0.706366	0.675872	0.026694	0.010174	1.0000	43.4
0.767842	0.676861	0.061852	0.009649	1.0000	7/8-14 UNF
0.852156	0.677326	0.065708	0.008721	1.0000	9/16-18 UNF
0.236140	0.617521	0.141684	0.011966	1.0000	BULKHEAD UNION
0.250513	0.600291	0.030801	0.007267	1.0000	Head
0.347023	0.598837	0.053388	0.008721	1.0000	Ordering
0.636550	0.594477	0.012320	0.010174	1.0000	L
0.712526	0.598837	0.012320	0.008721	1.0000	F
0.484600	0.594477	0.010267	0.008721	1.0000	E
0.694045	0.591453	0.049281	0.008974	1.0000	Hex Flat
0.767967	0.590116	0.051335	0.017576	1.0000	Hex Flat
0.870637	0.593023	0.016427	0.011628	1.0000	M
0.251922	0.590420	0.028016	0.008293	1.0000	Size
0.349034	0.589997	0.049365	0.008959	1.0000	Number
0.254620	0.574128	0.022587	0.007267	1.0000	1/4"
0.355236	0.572674	0.032854	0.008721	1.0000	04BH
0.476386	0.572674	0.026694	0.008721	1.0000	4.35
0.550308	0.572674	0.030801	0.008721	1.0000	33.00
0.626283	0.572674	0.032854	0.008721	1.0000	56.60
0.700205	0.571221	0.034908	0.010174	1.0000	19.05
0.778234	0.572674	0.032854	0.008721	1.0000	19.05
0.845972	0.572583	0.067809	0.008905	1.0000	9/16-18 UNF
0.254620	0.556686	0.022587	0.008721	1.0000	1/2"
0.355236	0.556686	0.032854	0.008721	1.0000	•8BH
0.474333	0.556686	0.032854	0.007267	1.0000	10.22
0.550308	0.556686	0.032854	0.007267	1.0000	37.60
0.626283	0.555233	0.032854	0.008721	1.0000	65.25
0.700205	0.553779	0.032854	0.010174	1.0000	26.99
0.778234	0.556686	0.032854	0.007267	1.0000	21.99
0.850073	0.556583	0.059608	0.008928	1.0000	7/8-14 UNF
0.254620	0.539244	0.022587	0.008721	1.0000	3/4"
0.355236	0.539244	0.039014	0.008721	1.0000	•12BH
0.474333	0.539244	0.032854	0.008721	1.0000	15.75
0.550308	0.539244	0.032854	0.008721	1.0000	43.40
0.626283	0.539244	0.032854	0.008721	1.0000	79.00
0.706366	0.539244	0.024641	0.008721	1.0000	38.1
0.782341	0.539244	0.024641	0.007267	1.0000	38.1
0.839836	0.539244	0.080082	0.008721	1.0000	1 1/4 -18 UNEF
0.355236	0.521802	0.039014	0.008721	1.0000	•16BH
0.474333	0.521802	0.032854	0.008721	1.0000	22.10
0.550308	0.521802	0.032854	0.008721	1.0000	47.10
0.626283	0.521802	0.030801	0.008721	1.0000	86.00
0.702259	0.521802	0.032854	0.008721	1.0000	44.45
0.778234	0.521802	0.032854	0.008721	1.0000	44.45
0.847949	0.521420	0.063856	0.009485	1.0000	1 1/2-20 UN
0.234086	0.469477	0.088296	0.011720	1.0000	TBW BODY
0.250513	0.452035	0.030801	0.007267	1.0000	Tube
0.347023	0.450581	0.053388	0.008721	1.0000	Ordering
0.788501	0.450581	0.012320	0.008721	1.0000	F
0.712526	0.446221	0.012320	0.008721	1.0000	L
0.870637	0.446221	0.016427	0.010174	1.0000	M
0.252567	0.443314	0.026694	0.007267	1.0000	Size
0.349056	0.443246	0.049321	0.007404	1.0000	Number
0.769956	0.443091	0.049410	0.007714	1.0000	Hex Flat
0.254620	0.425872	0.022587	0.007267	1.0000	1/4"
0.350896	0.424658	0.043788	0.010504	1.0000	D4BY19
0.478439	0.424419	0.026694	0.008721	1.0000	6.35
0.548255	0.422965	0.032854	0.011628	1.0000	19.05
0.628337	0.424419	0.026694	0.008721	1.0000	4.35
0.700205	0.422965	0.034908	0.010174	1.0000	42.65
0.778234	0.424419	0.032854	0.008721	1.0000	15.88
0.845996	0.424359	0.067762	0.008974	1.0000	9/16-18 UNF
0.254620	0.408430	0.022587	0.007267	1.0000	3/8"
0.351129	0.408430	0.043121	0.008721	1.0000	D6BY19
0.478439	0.406977	0.028747	0.008721	1.0000	9.53
0.550308	0.406977	0.032854	0.010174	1.0000	19.05
0.628337	0.408430	0.030801	0.007267	1.0000	10.22
0.702259	0.408430	0.032854	0.007267	1.0000	46.70
0.778234	0.408430	0.030801	0.007267	1.0000	23.81
0.850103	0.408430	0.059548	0.008721	1.0000	7/8-14 UNF
0.254620	0.390988	0.022587	0.008721	1.0000	1/2"
0.351107	0.390934	0.043165	0.008831	1.0000	08BY19
0.474333	0.390988	0.032854	0.008721	1.0000	12.70
0.550308	0.390988	0.032854	0.008721	1.0000	19.05
0.628337	0.390988	0.030801	0.008721	1.0000	10.22
0.702259	0.390988	0.032854	0.008721	1.0000	46.70
0.778234	0.390988	0.030801	0.008721	1.0000	23.81
0.850032	0.390740	0.059690	0.009218	1.0000	7/8-14 UNF
0.254620	0.375000	0.022587	0.008721	1.0000	3/4"
0.351129	0.375000	0.049281	0.008721	1.0000	•12BY19
0.474333	0.373547	0.030801	0.008721	1.0000	19.05
0.549564	0.372653	0.032525	0.011580	1.0000	19.05
0.624230	0.372093	0.034908	0.011628	1.0000	15.75
0.700205	0.372093	0.034908	0.010174	1.0000	55.55
0.776181	0.372093	0.032854	0.010174	1.0000	33.34
0.839836	0.375000	0.080082	0.008761	1.0000	1 1/4 -18 UNEF
0.234086	0.316667	0.229979	0.013275	1.0000	TBW BULKHEAD CONNECTOR
0.252567	0.299419	0.028747	0.008721	1.0000	Tube
0.337863	0.297441	0.053462	0.013058	1.0000	Ordering
0.455852	0.295058	0.012320	0.008721	1.0000	D
0.624230	0.295058	0.016427	0.008721	1.0000	B1
0.683778	0.295058	0.012320	0.008721	1.0000	L
0.254620	0.290698	0.024641	0.008721	1.0000	Size
0.340844	0.290647	0.047266	0.008823	1.0000	Number
0.718494	0.289127	0.111518	0.018786	1.0000	Hex Flat Hex Flat
0.870637	0.293605	0.016427	0.010174	1.0000	M
0.256674	0.273256	0.020534	0.008721	1.0000	1/4"
0.347023	0.273256	0.039014	0.008721	1.0000	•4BHY
0.449692	0.273256	0.024641	0.008721	1.0000	6.35
0.503080	0.270349	0.028747	0.011628	1.0000	4.35
0.558522	0.271802	0.032854	0.010174	1.0000	19.05
0.616016	0.271802	0.032854	0.010174	1.0000	33.00
0.671458	0.271802	0.034908	0.010174	1.0000	59.85
0.731006	0.273256	0.030801	0.008721	1.0000	19.05
0.788501	0.273256	0.030801	0.008721	1.0000	15.88
0.845972	0.273164	0.067809	0.008905	1.0000	9/16-18 UNF
0.254620	0.257267	0.022587	0.007267	1.0000	1/2"
0.347023	0.257267	0.039014	0.007267	1.0000	•8BНY
0.445585	0.257267	0.032854	0.007267	1.0000	12.70
0.503080	0.255814	0.032854	0.010174	1.0000	10.22
0.560575	0.255814	0.030801	0.008721	1.0000	19.05
0.616016	0.255814	0.032854	0.008721	1.0000	37.60
0.673511	0.255814	0.032854	0.008721	1.0000	65.25
0.731006	0.255814	0.030801	0.008721	1.0000	26.99
0.788501	0.255814	0.030801	0.008721	1.0000	26.99
0.850103	0.257265	0.059548	0.007270	1.0000	7/8-14 UNF
0.254620	0.239826	0.024641	0.008721	1.0000	3/4"
0.344826	0.239422	0.047514	0.009529	1.0000	•12BHY
0.445585	0.239826	0.032854	0.008721	1.0000	19.05
0.503080	0.239826	0.030801	0.008721	1.0000	15.75
0.560575	0.239826	0.030801	0.008721	1.0000	19.05
0.616016	0.239826	0.032854	0.008721	1.0000	43.25
0.673511	0.239826	0.032854	0.008721	1.0000	71.30
0.735113	0.239826	0.024641	0.008721	1.0000	38.1
0.790554	0.239826	0.026694	0.008721	1.0000	38.1
0.841889	0.239744	0.078029	0.008974	1.0000	1 1/4-18 UNEF
0.236075	0.175666	0.082265	0.013494	1.0000	COUPLING
0.250513	0.158430	0.032854	0.008721	1.0000	Head
0.338198	0.156622	0.054431	0.011255	1.0000	Ordering
0.597536	0.158430	0.032854	0.010174	1.0000	Head
0.540041	0.154070	0.012320	0.008721	1.0000	L
0.683264	0.156618	0.052388	0.011255	1.0000	Ordering
0.252567	0.149709	0.026694	0.007267	1.0000	Size
0.338791	0.149648	0.049318	0.007391	1.0000	Number
0.443532	0.148256	0.053388	0.017556	1.0000	Hex Flat
0.882957	0.154070	0.012320	0.008721	1.0000	L
0.599589	0.149709	0.028747	0.007267	1.0000	Size
0.683778	0.149709	0.049281	0.008721	1.0000	Number
0.788444	0.149539	0.051449	0.009062	1.0000	Hex Flat
0.254620	0.132267	0.022587	0.008721	1.0000	1/8"
0.346987	0.132199	0.032926	0.008857	1.0000	•2CG
0.455852	0.132267	0.028747	0.008721	1.0000	11.11
0.533881	0.132267	0.026694	0.007267	1.0000	16.8
0.601643	0.132267	0.022587	0.008721	1.0000	3/4"
0.689938	0.132267	0.039014	0.008721	1.0000	•12CG
0.800821	0.132267	0.024641	0.008721	1.0000	38.1
0.876797	0.132267	0.024641	0.008721	1.0000	42.7
0.256674	0.114826	0.022587	0.008721	1.0000	1/4"
0.349076	0.114826	0.030801	0.008721	1.0000	D4CG
0.455852	0.114826	0.030801	0.008721	1.0000	19.05
0.533881	0.114826	0.026694	0.008721	1.0000	30.2
0.607803	0.114826	0.012320	0.008721	1.0000	1"
0.689938	0.114826	0.039014	0.008721	1.0000	•16CG
0.796715	0.114826	0.032854	0.008721	1.0000	44.45
0.876797	0.114826	0.026694	0.008721	1.0000	51.8
0.254620	0.098837	0.022587	0.008721	1.0000	1/2"
0.347023	0.098837	0.032854	0.008721	1.0000	•8CG
0.455852	0.097384	0.030801	0.010174	1.0000	26.99
0.533881	0.097384	0.026694	0.008721	1.0000	33.3
0.069815	0.043590	0.262834	0.008736	1.0000	• Dimensions are for reference only and are subject to change.
0.067762	0.020349	0.166324	0.011702	1.0000	022 TK-FUJIKIN Total Products
#FILE	tmp/pdfs/fitting_dimension_audit/tk_ocr/ocr-15.png
0.634497	0.952035	0.293634	0.014632	1.0000	| WELD & METAL SEAL FITTINGS
0.958932	0.845930	0.018481	0.139535	1.0000	WELD & METAL SEAL FITTINGS
0.236140	0.892308	0.273101	0.013248	1.0000	DOUBLE FEMALE REDUCING UNION
0.250513	0.876453	0.030801	0.007267	1.0000	Head
0.305955	0.876453	0.032854	0.007267	1.0000	Head
0.394251	0.875000	0.053388	0.008721	1.0000	Ordering
0.537988	0.870640	0.012320	0.010174	1.0000	E
0.625633	0.864372	0.053226	0.020469	1.0000	Hex Flat
0.866530	0.870640	0.012320	0.010174	1.0000	L
0.253178	0.865291	0.027196	0.010523	1.0000	Size
0.310062	0.866279	0.026694	0.008721	1.0000	Size
0.395757	0.865006	0.048252	0.010415	1.0000	Number
0.254620	0.848837	0.022587	0.008721	1.0000	1/2"
0.312115	0.848837	0.022587	0.008721	1.0000	1/4"
0.396283	0.848778	0.049323	0.008839	1.0000	•8 х 4FU
0.531828	0.847384	0.022587	0.010174	1.0000	6.4
0.634497	0.845930	0.034908	0.013081	1.0000	26.99
0.751540	0.847384	0.020534	0.011628	1.0000	8.9
0.856263	0.847384	0.028747	0.011628	1.0000	35.8
0.236140	0.741279	0.160164	0.013081	1.0000	REDUCING ADAPTER
0.963039	0.687500	0.012320	0.123547	1.0000	UHP PRODUCTS / FITTING SERIES
0.250513	0.725291	0.032854	0.007267	1.0000	Head
0.305955	0.725291	0.034908	0.007267	1.0000	Head
0.414784	0.720930	0.051335	0.011628	1.0000	Ordering
0.613963	0.713663	0.053388	0.017534	1.0000	Hex Flat
0.788501	0.719477	0.010267	0.008721	1.0000	L
0.252567	0.715116	0.026694	0.008721	1.0000	Size
0.310062	0.715116	0.026694	0.008721	1.0000	Size
0.414784	0.715116	0.049281	0.008721	1.0000	Number
0.870637	0.716570	0.016427	0.011628	1.0000	M
0.254620	0.697674	0.022587	0.008721	1.0000	1/8"
0.312115	0.697674	0.022587	0.008721	1.0000	1/4"
0.414784	0.697674	0.051335	0.008736	1.0000	•2 x 4RA
0.556468	0.697674	0.018480	0.008721	1.0000	2.3
0.624230	0.696221	0.032854	0.010174	1.0000	19.05
0.704312	0.696221	0.026694	0.010174	1.0000	17.5
0.778234	0.696221	0.028747	0.010174	1.0000	30.2
0.843831	0.695825	0.070038	0.010967	1.0000	5/16-24 UNF
0.254620	0.681686	0.022587	0.007267	1.0000	1/4"
0.312115	0.680233	0.020534	0.008721	1.0000	1/2"
0.414757	0.680151	0.051390	0.008885	1.0000	•4 x 8RA
0.556468	0.680233	0.018480	0.008721	1.0000	4.6
0.624230	0.678779	0.032854	0.010174	1.0000	26.99
0.702259	0.678779	0.028747	0.010174	1.0000	21.6
0.778234	0.678779	0.028747	0.010174	1.0000	35.8
0.845943	0.680021	0.067869	0.009144	1.0000	9/16-18 UNF
0.236140	0.579915	0.158111	0.013248	1.0000	REDUCING BUSHING
0.250513	0.563953	0.032854	0.007267	1.0000	Head
0.308008	0.562500	0.032854	0.008721	1.0000	Head
0.416712	0.562069	0.047479	0.008129	1.0000	Ordering
0.560575	0.558140	0.010267	0.008721	1.0000	E
0.788501	0.558140	0.010267	0.008721	1.0000	L
0.615946	0.553567	0.051476	0.009145	1.0000	Hex Flat
0.870637	0.556686	0.016427	0.010174	1.0000	M
0.252567	0.553779	0.026694	0.007267	1.0000	Size
0.310062	0.553779	0.026694	0.007267	1.0000	Size
0.416793	0.553631	0.047318	0.007563	1.0000	Number
0.254620	0.536337	0.022587	0.007267	1.0000	1/4"
0.312115	0.536337	0.022587	0.008721	1.0000	1/8"
0.414784	0.536325	0.049281	0.007280	1.0000	04 x 2RB
0.556468	0.536337	0.018480	0.008721	1.0000	3.3
0.624230	0.534884	0.032854	0.010174	1.0000	15.88
0.704312	0.536337	0.026694	0.008721	1.0000	19.3
0.780287	0.536337	0.026694	0.008721	1.0000	26.9
0.845967	0.536223	0.067820	0.008949	1.0000	9/16-18 UNF
0.254620	0.518895	0.022587	0.008721	1.0000	1/2"
0.312115	0.518895	0.022587	0.008721	1.0000	1/4"
0.414784	0.518803	0.049281	0.008974	1.0000	•8 x 4RB
0.556468	0.518895	0.018480	0.008721	1.0000	6.4
0.626283	0.518895	0.030801	0.008721	1.0000	23.81
0.706366	0.518895	0.024641	0.008721	1.0000	23.1
0.780287	0.518895	0.026694	0.008721	1.0000	35.8
0.848021	0.518796	0.061658	0.008921	1.0000	7/8-14 UNF
0.236140	0.421368	0.141684	0.013248	1.0000	MALE ELBOW (PT)
0.250513	0.405523	0.032854	0.007267	1.0000	Head
0.324435	0.405523	0.020534	0.007267	1.0000	PT
0.417871	0.402185	0.049533	0.012909	1.0000	Ordering
0.252567	0.395349	0.026694	0.007267	1.0000	Size
0.320247	0.395212	0.028911	0.008994	1.0000	SIZE
0.702259	0.399709	0.016427	0.007267	1.0000	A1
0.755647	0.392308	0.069815	0.019231	1.0000	Body Cube
0.870637	0.398256	0.016427	0.010174	1.0000	M
0.418835	0.395162	0.047340	0.007641	1.0000	Number
0.254620	0.377907	0.022587	0.008721	1.0000	1/4"
0.324435	0.377907	0.022587	0.008721	1.0000	1/4"
0.412731	0.377907	0.057495	0.008721	1.0000	•4ME-X32
0.540041	0.377907	0.024641	0.008721	1.0000	4.35
0.613963	0.377907	0.032854	0.008721	1.0000	27.18
0.694045	0.376453	0.032854	0.010174	1.0000	27.18
0.782341	0.376453	0.016427	0.010174	1.0000	17
0.845954	0.377743	0.067845	0.009050	1.0000	9/16-18 UNF
0.254620	0.360465	0.022587	0.008721	1.0000	1/2"
0.324435	0.360465	0.020534	0.008721	1.0000	3/8"
0.412731	0.360465	0.057495	0.008721	1.0000	•6ME-X32
0.533881	0.360465	0.030801	0.008721	1.0000	10.22
0.613963	0.360465	0.032854	0.008721	1.0000	36.83
0.694045	0.360465	0.032854	0.008721	1.0000	32.00
0.784394	0.360465	0.016427	0.008721	1.0000	25
0.848027	0.360386	0.061646	0.008880	1.0000	7/8-14 UNF
0.254620	0.344477	0.022587	0.008721	1.0000	1/2"
0.324435	0.344477	0.020534	0.008721	1.0000	1/2"
0.412731	0.343023	0.057495	0.010174	1.0000	•8ME-X32
0.533881	0.344477	0.030801	0.008721	1.0000	10.22
0.613963	0.344477	0.032854	0.007267	1.0000	36.83
0.691992	0.341570	0.034908	0.010174	1.0000	36.83
0.780287	0.343023	0.020534	0.010174	1.0000	25
0.847910	0.342413	0.062014	0.010393	1.0000	7/8-14 UNF
0.254101	0.327177	0.023941	0.009555	1.0000	З/4"
0.320329	0.325581	0.026694	0.011628	1.0000	3/4"
0.412731	0.327035	0.061602	0.008721	1.0000	•12ME-X32
0.531828	0.325581	0.032854	0.010174	1.0000	15.75
0.611910	0.325581	0.032854	0.010174	1.0000	48.80
0.691992	0.325581	0.034908	0.011628	1.0000	43.50
0.778234	0.327035	0.026694	0.008721	1.0000	33.3
0.839711	0.325147	0.078279	0.012496	1.0000	1 1/4-18 UNEF
0.236140	0.213663	0.149897	0.011628	1.0000	MALE ELBOW (NPT)
0.248460	0.196221	0.032854	0.008721	1.0000	Head
0.324435	0.196221	0.020534	0.008721	1.0000	PT
0.418891	0.196221	0.045175	0.007267	1.0000	Ordering
0.252567	0.187500	0.026694	0.007267	1.0000	Size
0.320329	0.187500	0.028747	0.008721	1.0000	SIZE
0.420945	0.187500	0.043121	0.007267	1.0000	Number
0.700205	0.188953	0.018480	0.011628	1.0000	A1
0.755381	0.184107	0.068294	0.019868	1.0000	Body Cube
0.870637	0.188953	0.016427	0.011628	1.0000	M
0.254620	0.170058	0.022587	0.007267	1.0000	1/4"
0.324435	0.170058	0.022587	0.008721	1.0000	1/4"
0.425051	0.168605	0.032854	0.008721	1.0000	©4ME
0.537988	0.168605	0.026694	0.008721	1.0000	4.35
0.611910	0.167151	0.034908	0.010174	1.0000	27.18
0.691992	0.167151	0.034908	0.011628	1.0000	27.18
0.784394	0.168605	0.014374	0.008721	1.0000	17
0.843817	0.166703	0.070067	0.011072	1.0000	9/16-18 UNF
0.254620	0.152616	0.022587	0.008721	1.0000	1/2"
0.322382	0.152616	0.022587	0.008721	1.0000	3/8"
0.425015	0.152544	0.034979	0.008865	1.0000	D6ME
0.533881	0.152616	0.030801	0.007267	1.0000	10.22
0.613963	0.152616	0.032854	0.007267	1.0000	36.83
0.691992	0.149709	0.034908	0.010174	1.0000	32.00
0.782341	0.151163	0.018480	0.010174	1.0000	25
0.848049	0.152564	0.061602	0.008974	1.0000	7/8-14 UNF
0.254620	0.136628	0.020534	0.007267	1.0000	1/2"
0.322382	0.136628	0.022587	0.008721	1.0000	1/2"
0.425051	0.135174	0.032854	0.010174	0.3000	•8ME
0.533881	0.135174	0.030801	0.008721	1.0000	10.22
0.613963	0.135174	0.032854	0.008721	1.0000	36.83
0.691992	0.133721	0.034908	0.010174	1.0000	36.83
0.782341	0.135174	0.018480	0.008721	1.0000	25
0.848026	0.135105	0.061647	0.010313	1.0000	7/8-14 UNF
0.254620	0.119186	0.022587	0.008721	1.0000	3/4"
0.322382	0.116279	0.022587	0.011628	1.0000	З/4"
0.425051	0.117733	0.041068	0.010174	1.0000	•12ME
0.531828	0.116279	0.032854	0.011628	1.0000	15.75
0.611910	0.116279	0.032854	0.010174	1.0000	48.80
0.691992	0.116279	0.034908	0.011628	1.0000	43.50
0.776181	0.116279	0.028747	0.011628	1.0000	33.3
0.839836	0.116239	0.078029	0.011668	1.0000	1 1/4-18 UNEF
0.661191	0.040598	0.266940	0.011727	1.0000	Dimensions are for reference only and are subject to change.
0.765494	0.015420	0.165126	0.018226	1.0000	TK-FUIIKIN Total Products 023
#FILE	tmp/pdfs/fitting_dimension_audit/tk_ocr/ocr-16.png
0.069815	0.952035	0.291581	0.014632	1.0000	WELD & METAL SEAL FITTINGS |
0.022587	0.847384	0.012320	0.139535	1.0000	WELD & METAL SEAL FITTINGS
0.236140	0.896802	0.114990	0.011745	1.0000	UNION ELBOW
0.250513	0.879360	0.030801	0.007267	1.0000	Head
0.348103	0.875931	0.053169	0.013304	1.0000	Ordering
0.252567	0.870640	0.026694	0.007267	1.0000	Size
0.622177	0.872093	0.014374	0.011628	1.0000	A
0.714519	0.867632	0.067882	0.020550	1.0000	Body Cube
0.858316	0.872093	0.016427	0.011628	1.0000	M
0.349076	0.869186	0.049281	0.008721	1.0000	Number
0.254620	0.853198	0.022587	0.007267	1.0000	1/4"
0.357290	0.851744	0.030801	0.010174	1.0000	o4UE
0.498973	0.850291	0.028747	0.011628	1.0000	4.35
0.611910	0.850291	0.034908	0.011628	1.0000	27.18
0.739220	0.850291	0.018480	0.011628	1.0000	17
0.831509	0.849944	0.070041	0.012322	1.0000	9/16-18 UNF
0.254620	0.835756	0.022587	0.008721	1.0000	1/2"
0.355236	0.835756	0.032854	0.008721	1.0000	•8UE
0.494867	0.832849	0.032854	0.011628	1.0000	10.22
0.613963	0.834302	0.032854	0.010174	1.0000	36.83
0.739220	0.832849	0.018480	0.011628	1.0000	25
0.837717	0.835521	0.061732	0.009191	1.0000	7/8-14 UNF
0.254620	0.818314	0.022587	0.008721	1.0000	3/4"
0.355236	0.818314	0.039014	0.008721	1.0000	•12UE
0.494867	0.818314	0.032854	0.008721	1.0000	15.75
0.613963	0.818314	0.032854	0.008721	1.0000	48.77
0.735113	0.816860	0.026694	0.010174	1.0000	33.3
0.829551	0.818246	0.078064	0.010310	1.0000	1 1/4-18 UNEF
0.260780	0.802326	0.012320	0.008721	1.0000	1"
0.355236	0.802326	0.039014	0.008721	1.0000	•16UE
0.494867	0.799419	0.032854	0.011628	1.0000	22.10
0.613963	0.799419	0.032854	0.011628	1.0000	50.80
0.733060	0.799419	0.028747	0.011628	1.0000	42.8
0.833581	0.799147	0.065897	0.012171	1.0000	11/2-20 UN
0.021675	0.688864	0.015387	0.123715	1.0000	UHP PRODUCTS / FITTING SERIES
0.236140	0.704942	0.086242	0.011725	1.0000	UNION TEE
0.250513	0.687500	0.032854	0.007267	1.0000	Head
0.348103	0.684057	0.053363	0.013317	1.0000	Ordering
0.587269	0.680233	0.014374	0.011628	1.0000	A
0.683778	0.681686	0.012320	0.010174	1.0000	L
0.254620	0.678779	0.024641	0.007267	1.0000	Size
0.749446	0.675803	0.069896	0.020487	1.0000	Body Cube
0.868583	0.680233	0.018480	0.011628	1.0000	M
0.349076	0.677326	0.049281	0.008721	1.0000	Number
0.254620	0.661337	0.022587	0.008721	1.0000	1/4"
0.355236	0.661337	0.032854	0.007267	1.0000	•4UT
0.486653	0.658430	0.028747	0.011628	1.0000	4.35
0.577002	0.658430	0.034908	0.011628	1.0000	27.18
0.675565	0.656977	0.032854	0.013081	1.0000	54.36
0.774127	0.658430	0.020534	0.011628	1.0000	17
0.843835	0.658101	0.070029	0.012286	1.0000	9/16-18 UNF
0.254620	0.643895	0.022587	0.008721	1.0000	1/2"
0.355217	0.643861	0.030840	0.008790	1.0000	•8UТ
0.484600	0.643895	0.030801	0.008721	1.0000	10.22
0.579055	0.643895	0.032854	0.008721	1.0000	36.83
0.677618	0.643895	0.030801	0.008721	1.0000	73.66
0.774127	0.642442	0.018480	0.010174	1.0000	25
0.850081	0.643819	0.059593	0.008873	1.0000	7/8-14 UNF
0.254620	0.626453	0.022587	0.008721	1.0000	3/4"
0.355236	0.626453	0.036961	0.008721	1.0000	•12UT
0.484600	0.626453	0.030801	0.008721	1.0000	15.75
0.577002	0.625000	0.032854	0.010174	1.0000	48.77
0.677618	0.626453	0.030801	0.008721	1.0000	97.54
0.772074	0.626453	0.024641	0.008721	1.0000	33.3
0.841889	0.626453	0.075975	0.008721	1.0000	1 1/4-18 UNEF
0.260780	0.610465	0.012320	0.008721	1.0000	1"
0.355236	0.610465	0.036961	0.008721	1.0000	•16UT
0.484600	0.610465	0.030801	0.008721	1.0000	22.10
0.577002	0.609012	0.032854	0.010174	1.0000	50.80
0.669405	0.609012	0.039014	0.010174	1.0000	101.60
0.770021	0.609012	0.028747	0.010174	1.0000	42.8
0.848049	0.610256	0.063655	0.008974	1.0000	1 1/2-20 UN
0.236140	0.469477	0.108830	0.011720	1.0000	UNION CROSS
0.250513	0.452035	0.032854	0.007267	1.0000	Head
0.346923	0.450268	0.053586	0.009347	1.0000	Ordering
0.778234	0.450581	0.012320	0.008721	1.0000	F
0.587269	0.444767	0.014374	0.011628	1.0000	A
0.683778	0.446221	0.012320	0.008721	1.0000	L
0.870637	0.446221	0.016427	0.010174	1.0000	M
0.252567	0.443314	0.026694	0.007267	1.0000	Size
0.349055	0.443243	0.049323	0.007408	1.0000	Number
0.751540	0.441860	0.065708	0.010276	1.0000	Body Cube
0.254620	0.425872	0.022587	0.007267	1.0000	1/4"
0.355236	0.424419	0.032854	0.008721	1.0000	•4UC
0.488706	0.424419	0.026694	0.008721	1.0000	4.35
0.577002	0.422965	0.034908	0.010174	1.0000	27.18
0.675565	0.422965	0.032854	0.010174	1.0000	54.36
0.776181	0.424419	0.016427	0.008721	1.0000	17
0.845979	0.424354	0.067795	0.008849	1.0000	9/16-18 UNF
0.254620	0.408430	0.022587	0.008721	1.0000	1/2"
0.355125	0.408170	0.033077	0.007787	1.0000	•8UC
0.484600	0.406977	0.030801	0.008721	1.0000	10.22
0.579055	0.406977	0.032854	0.008721	1.0000	36.83
0.677618	0.406977	0.030801	0.008721	1.0000	73.66
0.776181	0.408430	0.016427	0.007267	1.0000	25
0.848049	0.408430	0.061602	0.008721	1.0000	7/8-14 UNF
0.254620	0.390988	0.024641	0.008721	1.0000	3/4"
0.355236	0.390988	0.039014	0.008721	1.0000	•12UC
0.484600	0.390988	0.030801	0.008721	1.0000	15.75
0.579055	0.390988	0.030801	0.008721	1.0000	48.77
0.677618	0.390988	0.030801	0.008721	1.0000	97.54
0.772074	0.390988	0.024641	0.008721	1.0000	33.3
0.841889	0.390988	0.078029	0.008721	1.0000	1 1/4-18 UNEF
0.260780	0.375000	0.012320	0.008721	1.0000	1"
0.355141	0.374783	0.039205	0.009156	1.0000	•16UC
0.484600	0.375000	0.030801	0.008721	1.0000	22.10
0.579055	0.373547	0.030801	0.010174	1.0000	50.80
0.669405	0.373547	0.039014	0.008721	1.0000	101.60
0.770021	0.373547	0.028747	0.010174	1.0000	42.8
0.847994	0.373371	0.063766	0.010526	1.0000	1 1/2-20 UN
0.236140	0.223837	0.205339	0.011633	1.0000	TUBE FITTING CONNECTOR
0.257524	0.204381	0.032983	0.011167	1.0000	Tube
0.326489	0.206395	0.032854	0.008721	1.0000	Head
0.410678	0.204942	0.053388	0.008721	1.0000	Ordering
0.564682	0.202035	0.012320	0.007267	1.0000	D
0.611910	0.200581	0.012320	0.010174	1.0000	E
0.638384	0.195501	0.101056	0.017429	1.0000	Hex FlatHex Flat
0.802875	0.200581	0.010267	0.010174	1.0000	T
0.260780	0.196221	0.026694	0.008721	1.0000	Size
0.328542	0.196221	0.028747	0.008721	1.0000	Size
0.412711	0.196165	0.049321	0.008833	1.0000	Number
0.870637	0.199128	0.016427	0.010174	1.0000	M
0.262834	0.180233	0.020534	0.007267	1.0000	1/4"
0.330595	0.180233	0.022587	0.007267	1.0000	1/4"
0.416799	0.178687	0.041146	0.008906	1.0000	D4MCK
0.507187	0.178779	0.030801	0.008721	1.0000	17.80
0.554415	0.178779	0.032854	0.008721	1.0000	15.20
0.607803	0.178779	0.026694	0.008721	1.0000	4.35
0.648871	0.178779	0.032854	0.008721	1.0000	15.88
0.696099	0.178779	0.032854	0.008721	1.0000	14.29
0.747433	0.178779	0.024641	0.008721	1.0000	41.1
0.796715	0.178779	0.024641	0.010174	1.0000	1/4"
0.845965	0.178658	0.067824	0.008963	1.0000	9/16-18 UNF
0.262834	0.162791	0.020534	0.008721	1.0000	3/8"
0.330595	0.162791	0.022587	0.008721	1.0000	1/2"
0.416808	0.162716	0.043181	0.008870	1.0000	•6MCK
0.507187	0.162791	0.030801	0.008721	1.0000	19.30
0.554415	0.162791	0.032854	0.008721	1.0000	16.80
0.603696	0.162791	0.030801	0.008721	1.0000	10.22
0.650924	0.162791	0.030801	0.008721	1.0000	23.81
0.698152	0.162791	0.030801	0.008721	1.0000	17.46
0.747433	0.162791	0.026694	0.008721	1.0000	46.7
0.796715	0.162791	0.022587	0.008721	1.0000	3/8"
0.847982	0.162546	0.061737	0.009210	1.0000	7/8-14 UNF
0.262834	0.145349	0.020534	0.008721	1.0000	1/2"
0.330595	0.145349	0.022587	0.008721	1.0000	1/2"
0.416792	0.145235	0.043212	0.008948	1.0000	•8MCK
0.507187	0.145349	0.030801	0.008721	1.0000	21.80
0.554415	0.145349	0.032854	0.008721	1.0000	22.90
0.601643	0.145349	0.032854	0.008721	1.0000	10.22
0.650924	0.145349	0.030801	0.008721	1.0000	23.81
0.696099	0.145349	0.032854	0.008721	1.0000	22.23
0.749487	0.145349	0.024641	0.008721	1.0000	49.5
0.796715	0.145349	0.022587	0.008721	1.0000	1/2"
0.850103	0.145299	0.059548	0.008974	1.0000	7/8-14 UNF
0.071869	0.043590	0.260780	0.007282	1.0000	• Dimensions are for reference only and are subject to change.
0.067762	0.020349	0.166324	0.011702	1.0000	024 TK-FUJIKIN Total Products
#FILE	tmp/pdfs/fitting_dimension_audit/tk_ocr/ocr-17.png
0.634497	0.952035	0.293634	0.014632	1.0000	| WELD & METAL SEAL FITTINGS
0.958932	0.845930	0.018481	0.139535	1.0000	WELD & METAL SEAL FITTINGS
0.234086	0.896802	0.293634	0.011745	1.0000	TUBE FITTING BULKHEAD CONNECTOR
0.258727	0.879360	0.030801	0.007267	1.0000	Tube
0.330595	0.879360	0.032854	0.008721	1.0000	Head
0.413917	0.875843	0.051962	0.014622	1.0000	Ordering
0.679671	0.882267	0.012320	0.008721	1.0000	F1
0.724846	0.882267	0.010267	0.008721	1.0000	G
0.552361	0.875000	0.012320	0.008721	1.0000	D
0.595483	0.875000	0.012320	0.008721	1.0000	E
0.632444	0.872093	0.022587	0.010174	1.0000	Hex
0.673511	0.872093	0.024641	0.010174	1.0000	Hex
0.718686	0.873547	0.022587	0.007267	1.0000	нех
0.809035	0.875000	0.012320	0.008721	1.0000	T
0.260780	0.869186	0.026694	0.008721	1.0000	Size
0.334702	0.870640	0.026694	0.007267	1.0000	Size
0.416838	0.870640	0.047228	0.007267	1.0000	Number
0.720739	0.867733	0.018480	0.005814	1.0000	Hlat
0.262834	0.853198	0.022587	0.008721	1.0000	1/4"
0.336756	0.853198	0.022587	0.008721	1.0000	1/4"
0.416838	0.853198	0.047228	0.007267	1.0000	o4BHCК
0.503080	0.853198	0.024641	0.007267	1.0000	33.5
0.542094	0.853198	0.032854	0.007267	1.0000	15.20
0.595483	0.853198	0.018480	0.007267	1.0000	4.6
0.628337	0.851744	0.030801	0.008721	1.0000	15.88
0.671458	0.853198	0.030801	0.007267	1.0000	15.88
0.714579	0.851744	0.030801	0.008721	1.0000	14.29
0.759452	0.851898	0.027297	0.009867	1.0000	57.2
0.802875	0.853198	0.024641	0.008721	1.0000	1/4"
0.848024	0.853097	0.067813	0.008923	1.0000	9/16-18 UNF
0.262834	0.835756	0.022587	0.008721	1.0000	3/8"
0.336756	0.835756	0.020534	0.008721	1.0000	1/2"
0.416715	0.835411	0.047474	0.009411	1.0000	•6BHСК
0.503080	0.835756	0.026694	0.007267	1.0000	36.8
0.544148	0.835756	0.030801	0.007267	1.0000	16.80
0.595483	0.835756	0.018480	0.008721	1.0000	7.1
0.628337	0.835756	0.030801	0.008721	1.0000	23.81
0.673511	0.835756	0.028747	0.007267	1.0000	19.05
0.714579	0.835756	0.030801	0.007267	1.0000	17.46
0.759754	0.835756	0.026694	0.007267	1.0000	64.5
0.804928	0.835756	0.020534	0.008721	1.0000	3/8"
0.852012	0.835238	0.059836	0.009757	1.0000	7/8-14 UNF
0.262834	0.818314	0.020534	0.008721	1.0000	1/2"
0.336756	0.818314	0.020534	0.008721	1.0000	1/2"
0.416838	0.818314	0.047228	0.010174	1.0000	D8BHCK
0.503080	0.818314	0.024641	0.008721	1.0000	41.9
0.544148	0.818314	0.030801	0.008721	1.0000	22.90
0.589322	0.818314	0.024641	0.008721	1.0000	10.2
0.628337	0.818314	0.030801	0.008721	1.0000	23.81
0.671458	0.818314	0.030801	0.008721	1.0000	23.81
0.714579	0.818314	0.030801	0.008721	1.0000	22.23
0.759754	0.818314	0.026694	0.008721	1.0000	69.6
0.804928	0.818314	0.020534	0.008721	1.0000	1/2"
0.852053	0.817948	0.059755	0.009453	1.0000	7/8-14 UNF
0.963039	0.687500	0.012320	0.123547	1.0000	UHP PRODUCTS / FITTING SERIES
0.236140	0.738372	0.281314	0.011628	1.0000	MALE BULKHEAD CONNECTOR (NPT)
0.250513	0.720930	0.032854	0.008721	1.0000	Head
0.305955	0.720930	0.026694	0.008721	1.0000	NPT
0.375235	0.719023	0.054453	0.011006	1.0000	Ordering
0.523614	0.716570	0.018480	0.007267	1.0000	B1
0.574949	0.716570	0.010267	0.008721	1.0000	E
0.620123	0.716570	0.014374	0.008721	1.0000	Е1
0.648808	0.710577	0.098689	0.017800	1.0000	Hex FlatHex Flat
0.763860	0.715116	0.012320	0.008721	1.0000	A
0.811088	0.716570	0.012320	0.007267	1.0000	L
0.876797	0.716570	0.014374	0.008721	1.0000	M
0.254620	0.712209	0.024641	0.007267	1.0000	Size
0.303901	0.712209	0.028747	0.007267	1.0000	SIZE
0.377196	0.709553	0.050366	0.010407	1.0000	Number
0.254620	0.694767	0.022587	0.008721	1.0000	1/4"
0.308008	0.694767	0.020534	0.008721	1.0000	1/4"
0.375681	0.694566	0.039192	0.009124	1.0000	04BHC
0.472279	0.694767	0.024641	0.008721	1.0000	15.7
0.519507	0.694767	0.026694	0.008721	1.0000	14.2
0.570842	0.694767	0.020534	0.007267	1.0000	4.6
0.618070	0.694767	0.018480	0.008721	1.0000	7.1
0.659138	0.694767	0.030801	0.007267	1.0000	20.64
0.706366	0.693314	0.030801	0.008721	1.0000	20.64
0.757700	0.694767	0.024641	0.007267	1.0000	31.5
0.804928	0.694767	0.024641	0.008721	1.0000	56.1
0.850047	0.694547	0.067873	0.009161	1.0000	9/16-18 UNF
0.254620	0.677326	0.022587	0.008721	1.0000	1/2"
0.308008	0.677326	0.020534	0.008721	1.0000	1/4"
0.373667	0.677160	0.057594	0.009052	1.0000	•8 x 4BHC
0.472279	0.677326	0.024641	0.008721	1.0000	19.1
0.521561	0.677326	0.024641	0.008721	1.0000	14.2
0.568789	0.677326	0.024641	0.008721	1.0000	10.2
0.618070	0.677326	0.018480	0.008721	1.0000	7.1
0.659138	0.677326	0.030801	0.008721	1.0000	23.81
0.706366	0.677326	0.030801	0.008721	1.0000	20.64
0.757700	0.677326	0.024641	0.008721	1.0000	31.5
0.804928	0.677326	0.024641	0.008721	1.0000	59.4
0.854154	0.677135	0.059658	0.009103	1.0000	7/8-14 UNF
0.236140	0.587179	0.182752	0.011658	1.0000	MALE CONNECTOR (PT)
0.250513	0.569767	0.032854	0.007267	1.0000	Head
0.326489	0.569767	0.018480	0.007267	1.0000	PT
0.420945	0.569767	0.045175	0.007267	1.0000	Ordering
0.624230	0.565407	0.012320	0.007267	1.0000	B
0.786448	0.568314	0.010267	0.008721	1.0000	F
0.704312	0.563953	0.012320	0.008721	1.0000	L
0.252567	0.559593	0.028747	0.008721	1.0000	Size
0.320329	0.559593	0.028747	0.008721	1.0000	SIZE
0.420945	0.561047	0.043121	0.005814	1.0000	Number
0.767967	0.561047	0.049281	0.008721	1.0000	Hex Flat
0.870637	0.562500	0.016427	0.010174	1.0000	M
0.254620	0.542151	0.022587	0.008721	1.0000	1/8"
0.324435	0.542151	0.022587	0.008721	1.0000	1/8"
0.412731	0.542151	0.057495	0.008721	1.0000	•2MC-X32
0.540041	0.542151	0.024641	0.008721	1.0000	2.30
0.620123	0.542151	0.024641	0.008721	1.0000	9.60
0.696099	0.542151	0.030801	0.008721	1.0000	27.20
0.778234	0.542151	0.026694	0.008721	1.0000	11.11
0.845996	0.542151	0.067762	0.008721	1.0000	5/16-24 UNF
0.254620	0.526163	0.022587	0.008721	1.0000	1/4"
0.324435	0.526163	0.022587	0.008721	1.0000	1/4"
0.412591	0.525676	0.057775	0.009694	1.0000	L4MC-X32
0.540041	0.526163	0.024641	0.008721	1.0000	4.35
0.613963	0.526163	0.030801	0.008721	1.0000	14.22
0.694967	0.523770	0.033063	0.012053	1.0000	37.84
0.776181	0.526163	0.030801	0.007267	1.0000	15.88
0.845871	0.525669	0.065957	0.009709	1.0000	9/16-18 UNF
0.254620	0.508721	0.022587	0.008721	1.0000	1/2"
0.324435	0.508721	0.022587	0.008721	1.0000	3/8"
0.412680	0.508574	0.057598	0.010468	1.0000	•6MC-X32
0.537988	0.507267	0.026694	0.010174	1.0000	7.44
0.616016	0.508721	0.030801	0.008721	1.0000	14.22
0.694045	0.508721	0.032854	0.008721	1.0000	41.87
0.774127	0.507267	0.032854	0.010174	1.0000	23.81
0.850103	0.508547	0.059548	0.008974	1.0000	7/8-14 UNF
0.254620	0.491279	0.022587	0.008721	1.0000	1/2"
0.324435	0.492733	0.022587	0.008721	1.0000	1/2"
0.412731	0.491279	0.057495	0.008721	1.0000	•8MC-X32
0.533881	0.491279	0.030801	0.008721	1.0000	10.22
0.616016	0.491279	0.030801	0.008721	1.0000	19.05
0.694045	0.492733	0.032854	0.007267	1.0000	46.74
0.776181	0.491279	0.030801	0.008721	1.0000	23.81
0.850103	0.492733	0.059548	0.007267	1.0000	7/8-14 UNF
0.254620	0.475291	0.024641	0.008721	1.0000	3/4"
0.324435	0.475291	0.022587	0.008721	1.0000	3/4"
0.412731	0.475291	0.063655	0.008721	1.0000	•12MC-X32
0.533881	0.475291	0.030801	0.008721	1.0000	15.75
0.613963	0.475291	0.032854	0.008721	1.0000	19.05
0.696099	0.475291	0.030801	0.008721	1.0000	55.63
0.776181	0.475291	0.030801	0.008721	1.0000	33.34
0.841889	0.475214	0.075975	0.008974	1.0000	1 1/4-18 UNEF
0.260780	0.459302	0.012320	0.008721	1.0000	1"
0.328542	0.457849	0.016427	0.010174	1.0000	1"
0.412731	0.459302	0.063655	0.007267	1.0000	•16MC-X32
0.533881	0.457849	0.030801	0.008721	1.0000	22.10
0.613963	0.457849	0.030801	0.008721	1.0000	23.88
0.696099	0.459302	0.030801	0.007267	1.0000	62.74
0.776181	0.457849	0.030801	0.008721	1.0000	41.28
0.847620	0.456722	0.064465	0.011514	1.0000	1 1/2-20 UN
0.236140	0.398256	0.193018	0.011628	1.0000	MALE CONNECTOR (NPT)
0.250463	0.380719	0.032955	0.008912	1.0000	Head
0.324435	0.379360	0.020534	0.010174	1.0000	PT
0.420945	0.380814	0.045175	0.007267	1.0000	Ordering
0.624230	0.376453	0.012320	0.007267	1.0000	B
0.704312	0.375000	0.012320	0.008721	1.0000	L
0.765914	0.370513	0.051335	0.017569	1.0000	Hex Flat
0.870637	0.375000	0.016427	0.010174	1.0000	M
0.252567	0.372093	0.026694	0.007267	1.0000	Size
0.320329	0.372093	0.030801	0.007267	1.0000	SIZE
0.420945	0.372093	0.043121	0.007267	1.0000	Number
0.254620	0.354651	0.022587	0.008721	1.0000	1/8"
0.322382	0.353198	0.024641	0.010174	1.0000	1/8"
0.420945	0.354651	0.034908	0.008721	1.0000	•2MC
0.537988	0.351744	0.026694	0.010174	1.0000	2.30
0.620123	0.353198	0.024641	0.008721	1.0000	9.60
0.696099	0.353198	0.030801	0.010174	1.0000	27.20
0.778234	0.354651	0.026694	0.008721	1.0000	11.11
0.845996	0.354651	0.065708	0.008721	1.0000	5/16-24 UNF
0.256674	0.338663	0.020534	0.007267	1.0000	1/4"
0.324435	0.337209	0.022587	0.008721	1.0000	1/4"
0.420945	0.337209	0.034908	0.008721	1.0000	•4MC
0.540041	0.337209	0.024641	0.008721	1.0000	4.35
0.613963	0.337209	0.032854	0.008721	1.0000	14.22
0.696099	0.337209	0.030801	0.008721	1.0000	37.84
0.774127	0.335756	0.032854	0.010174	1.0000	15.88
0.845933	0.336957	0.067889	0.009225	1.0000	9/16-18 UNF
0.254620	0.321221	0.022587	0.007267	1.0000	1/2"
0.324435	0.321221	0.022587	0.008721	1.0000	3/8"
0.422998	0.319767	0.032854	0.008721	1.0000	•6MC
0.540041	0.321221	0.024641	0.008721	1.0000	7.44
0.613963	0.321221	0.032854	0.008721	1.0000	14.22
0.694045	0.321221	0.032854	0.008721	1.0000	41.87
0.776181	0.321221	0.030801	0.007267	1.0000	23.81
0.848049	0.321221	0.061602	0.008721	1.0000	7/8-14 UNF
0.254620	0.303779	0.022587	0.008721	1.0000	1/2"
0.324435	0.303779	0.022587	0.008721	1.0000	1/2"
0.420945	0.303779	0.034908	0.008721	1.0000	•8MC
0.533881	0.303779	0.030801	0.008721	1.0000	10.22
0.613963	0.303779	0.032854	0.008721	1.0000	19.05
0.694045	0.303779	0.032854	0.007267	1.0000	46.74
0.776181	0.303779	0.030801	0.008721	1.0000	23.81
0.848027	0.303700	0.061646	0.008878	1.0000	7/8-14 UNF
0.254620	0.286337	0.024641	0.008721	1.0000	3/4"
0.324435	0.286337	0.022587	0.008721	1.0000	З/4"
0.422998	0.286337	0.039014	0.008721	1.0000	•12MC
0.533881	0.286337	0.030801	0.008721	1.0000	15.75
0.613963	0.286337	0.030801	0.008721	1.0000	19.05
0.696099	0.286337	0.030801	0.008721	1.0000	55.63
0.776181	0.286337	0.030801	0.008721	1.0000	33.34
0.841756	0.286758	0.076251	0.009113	1.0000	1 1/4-18 UNEF
0.260780	0.270349	0.012320	0.008721	1.0000	1"
0.422947	0.270233	0.039117	0.008953	1.0000	•16MC
0.533881	0.270349	0.030801	0.008721	1.0000	22.10
0.611910	0.268895	0.032854	0.010174	1.0000	23.88
0.694045	0.268895	0.032854	0.010174	1.0000	62.74
0.774127	0.268895	0.032854	0.010174	1.0000	41.28
0.848049	0.270349	0.063655	0.008721	1.0000	1 1/2-20 UN
0.236140	0.229487	0.180698	0.013248	1.0000	MALE CONNECTOR (ST)
0.250513	0.212209	0.032854	0.008721	1.0000	Head
0.326489	0.212209	0.018480	0.008721	1.0000	ST
0.407880	0.210244	0.055129	0.013165	1.0000	Ordering
0.862423	0.213663	0.057495	0.007267	1.0000	UNIFORM
0.593429	0.206395	0.014374	0.010174	1.0000	B
0.667351	0.207849	0.012320	0.008721	1.0000	L
0.716365	0.202196	0.052353	0.017790	1.0000	Hex Flat
0.809035	0.206395	0.016427	0.010174	1.0000	M
0.252567	0.203488	0.026694	0.007267	1.0000	Size
0.320329	0.203488	0.030801	0.007267	1.0000	SIZE
0.410678	0.203488	0.049281	0.007267	1.0000	Number
0.858249	0.201775	0.065843	0.009240	1.0000	O-Ring Size
0.073922	0.186047	0.034908	0.005814	1.0000	O-RING
0.256674	0.186047	0.020534	0.008721	1.0000	1/4"
0.301829	0.185976	0.065746	0.008862	1.0000	9/16-18 UNF
0.416827	0.186021	0.041090	0.008773	1.0000	•4MCS
0.517454	0.184593	0.028747	0.010174	1.0000	4.35
0.593429	0.186047	0.018480	0.008721	1.0000	9.9
0.657084	0.184593	0.028747	0.010174	1.0000	33.8
0.726899	0.184593	0.032854	0.010174	1.0000	19.05
0.784339	0.185836	0.065818	0.009143	1.0000	9/16-18 UNF
0.874743	0.186047	0.032854	0.008721	1.0000	F-906
0.254620	0.168605	0.022587	0.008721	1.0000	1/2"
0.303771	0.168122	0.061862	0.009687	1.0000	7/8-14 UNF
0.416792	0.168497	0.041159	0.008937	1.0000	•8MCS
0.515400	0.168605	0.030801	0.008721	1.0000	10.22
0.589322	0.168605	0.024641	0.008721	1.0000	12.7
0.659138	0.168605	0.026694	0.008721	1.0000	42.2
0.728953	0.167151	0.028747	0.010174	1.0000	25.4
0.786414	0.168484	0.061669	0.008962	1.0000	7/8-14 UNF
0.872690	0.167151	0.034908	0.011628	1.0000	F-910
0.254620	0.152616	0.024641	0.007267	1.0000	3/4"
0.299795	0.152564	0.071869	0.008974	1.0000	1 3/16-12 UNF
0.416838	0.152616	0.047228	0.008721	1.0000	•12MCS
0.515400	0.152616	0.030801	0.008721	1.0000	15.75
0.589322	0.152616	0.024641	0.007267	1.0000	15.0
0.657084	0.151163	0.028747	0.010174	1.0000	51.5
0.728953	0.151163	0.030801	0.008721	1.0000	33.34
0.780287	0.152564	0.073922	0.008974	1.0000	1 1/16-12 UNF
0.874743	0.152616	0.032854	0.008721	1.0000	F-912
0.665298	0.043590	0.262834	0.008736	1.0000	• Dimensions are for reference only and are subject to change.
0.767967	0.020349	0.160164	0.013081	1.0000	TK-FUJIKIN Total Products 025
#FILE	tmp/pdfs/fitting_dimension_audit/tk_ocr/ocr-18.png
0.069815	0.952035	0.291581	0.014632	1.0000	WELD & METAL SEAL FITTINGS |
0.018480	0.845930	0.016427	0.140988	1.0000	WELD & METAL SEAL FITTINGS
0.236140	0.858974	0.199179	0.013248	1.0000	FEMALE CONNECTOR (PT)
0.250513	0.841570	0.032854	0.008721	1.0000	Head
0.332649	0.843023	0.018480	0.007267	1.0000	PT
0.442683	0.839672	0.053262	0.013175	1.0000	Ordering
0.589322	0.837209	0.010267	0.008721	1.0000	E
0.778234	0.837209	0.012320	0.008721	1.0000	L
0.252567	0.832849	0.026694	0.008721	1.0000	Size
0.328542	0.832849	0.028747	0.008721	1.0000	SIZE
0.665298	0.832849	0.049281	0.008721	1.0000	Hex Flat
0.870637	0.835756	0.016427	0.010174	1.0000	M
0.443496	0.832720	0.051407	0.007525	1.0000	Number
0.254620	0.815407	0.022587	0.008721	1.0000	1/8"
0.332649	0.815407	0.020534	0.008721	1.0000	1/8"
0.441478	0.815407	0.055441	0.008721	1.0000	•2FC-X32
0.581109	0.815407	0.026694	0.008721	1.0000	2.30
0.673511	0.815407	0.032854	0.008721	1.0000	14.29
0.772074	0.815407	0.024641	0.008721	1.0000	30.2
0.845984	0.815362	0.067785	0.008811	1.0000	5/16-24 UNF
0.254620	0.797965	0.022587	0.008721	1.0000	1/4"
0.332649	0.799419	0.020534	0.008721	1.0000	1/4"
0.441478	0.797965	0.055441	0.008721	1.0000	•4FC-X32
0.585216	0.797965	0.024641	0.008721	1.0000	4.35
0.673511	0.797965	0.032854	0.008721	1.0000	19.05
0.772074	0.797965	0.024641	0.008721	1.0000	39.1
0.845928	0.797696	0.067897	0.009259	1.0000	9/16-18 UNF
0.254620	0.781977	0.022587	0.007267	1.0000	1/2"
0.330595	0.781977	0.022587	0.008721	1.0000	3/8"
0.441429	0.781823	0.053487	0.009028	1.0000	•6FC-X32
0.585216	0.780523	0.024641	0.010174	1.0000	7.44
0.673511	0.781977	0.032854	0.007267	1.0000	23.81
0.772074	0.781977	0.024641	0.008721	1.0000	44.7
0.850082	0.781904	0.059590	0.008866	1.0000	7/8-14 UNF
0.254620	0.764535	0.022587	0.008721	1.0000	1/2"
0.330595	0.764535	0.022587	0.008721	1.0000	1/2"
0.441478	0.764535	0.055441	0.008721	1.0000	•8FC-X32
0.577002	0.763081	0.032854	0.010174	1.0000	10.22
0.671458	0.763081	0.032854	0.010174	1.0000	26.99
0.772074	0.764535	0.024641	0.008721	1.0000	50.5
0.850103	0.764530	0.059548	0.008726	1.0000	7/8-14 UNF
0.022587	0.687500	0.014374	0.125000	1.0000	UHP PRODUCTS / FITTING SERIES
0.254620	0.748547	0.022587	0.007267	1.0000	3/4"
0.330595	0.748547	0.024641	0.008721	1.0000	3/4"
0.441382	0.748194	0.061794	0.009426	1.0000	•12FC-X32
0.579055	0.748547	0.030801	0.008721	1.0000	15.75
0.673511	0.748547	0.030801	0.007267	1.0000	33.34
0.772074	0.748547	0.024641	0.007267	1.0000	59.9
0.841889	0.748547	0.075975	0.008721	1.0000	1 1/4-18 UNEF
0.260780	0.731105	0.012320	0.008721	1.0000	1"
0.334702	0.728198	0.016427	0.011628	1.0000	1"
0.441478	0.731105	0.061602	0.008721	1.0000	•16FC-X32
0.579055	0.731105	0.030801	0.008721	1.0000	22.10
0.673511	0.731105	0.030801	0.008721	1.0000	41.28
0.772074	0.731105	0.024641	0.008721	1.0000	63.8
0.848007	0.730948	0.063739	0.009033	1.0000	1 1/2-20 UN
0.234086	0.690407	0.211499	0.013081	1.0000	FEMALE CONNECTOR (NPT)
0.250513	0.674419	0.032854	0.007267	1.0000	Head
0.328542	0.674419	0.026694	0.007267	1.0000	NPT
0.442766	0.671126	0.053058	0.012972	1.0000	Ordering
0.683778	0.672965	0.012320	0.008721	1.0000	F
0.589322	0.668605	0.010267	0.008721	1.0000	E
0.665298	0.665698	0.049281	0.008721	1.0000	Hex Flat
0.778234	0.668605	0.012320	0.008721	1.0000	L
0.252567	0.664244	0.028747	0.008721	1.0000	Size
0.328542	0.664244	0.028747	0.008721	1.0000	SIZE
0.443532	0.664244	0.051335	0.008721	1.0000	Number
0.870637	0.667151	0.016427	0.010174	1.0000	M
0.254620	0.646802	0.022587	0.008721	1.0000	1/8"
0.330595	0.646802	0.022587	0.008721	1.0000	1/8"
0.447639	0.645349	0.034908	0.010174	1.0000	D2FC
0.581109	0.645349	0.028747	0.010174	1.0000	2.30
0.673511	0.646802	0.032854	0.008721	1.0000	14.29
0.770021	0.645349	0.028747	0.010174	1.0000	30.2
0.843926	0.645293	0.069848	0.010287	1.0000	5/16-24 UNF
0.254620	0.630814	0.024641	0.008721	1.0000	1/4"
0.330595	0.630814	0.022587	0.008721	1.0000	1/4"
0.451745	0.629360	0.030801	0.008721	1.0000	D4FC
0.585216	0.629360	0.024641	0.008721	1.0000	4.35
0.673511	0.629360	0.032854	0.008721	1.0000	19.05
0.772074	0.629360	0.024641	0.008721	1.0000	39.1
0.845951	0.629189	0.065798	0.009065	1.0000	9/16-18 UNF
0.254620	0.613372	0.022587	0.008721	1.0000	1/2"
0.330595	0.613372	0.022587	0.008721	1.0000	3/8"
0.447639	0.611919	0.034908	0.011628	1.0000	D6FC
0.583162	0.611919	0.026694	0.010174	1.0000	7.44
0.671458	0.611919	0.034908	0.010174	1.0000	23.81
0.772074	0.613372	0.024641	0.008721	1.0000	44.7
0.850103	0.613248	0.059548	0.008974	1.0000	7/8-14 UNF
0.254620	0.595930	0.022587	0.008721	1.0000	1/2"
0.332649	0.595930	0.020534	0.008721	1.0000	1/2"
0.449692	0.595930	0.032854	0.008721	1.0000	D8FC
0.577002	0.594477	0.032854	0.010174	1.0000	10.22
0.673511	0.595930	0.032854	0.008721	1.0000	26.99
0.772074	0.595930	0.024641	0.008721	1.0000	50.5
0.850073	0.595828	0.059607	0.008925	1.0000	7/8-14 UNF
0.254620	0.579942	0.022587	0.008721	1.0000	3/4"
0.330595	0.579942	0.022587	0.008721	1.0000	3/4"
0.451745	0.579942	0.036961	0.008721	1.0000	•12FC
0.579055	0.579942	0.030801	0.008721	1.0000	15.75
0.673511	0.579942	0.032854	0.007267	1.0000	33.34
0.772074	0.579942	0.024641	0.007267	1.0000	59.9
0.841889	0.579915	0.075975	0.008748	1.0000	1 1/4-18 UNEF
0.260780	0.562500	0.012320	0.008721	1.0000	1"
0.336756	0.563953	0.014374	0.008721	1.0000	1"
0.451745	0.562500	0.036961	0.008721	1.0000	•16FC
0.579055	0.562500	0.030801	0.008721	1.0000	22.10
0.673511	0.562500	0.032854	0.008721	1.0000	41.28
0.772074	0.562500	0.024641	0.008721	1.0000	63.8
0.847997	0.562307	0.063759	0.009106	1.0000	1 1/2-20 UN
0.071771	0.502589	0.160359	0.025344	1.0000	GASKETS
0.236140	0.466570	0.225873	0.011635	1.0000	GASKET RETAINER ASSEMBLY
0.250513	0.449128	0.032854	0.007267	1.0000	Head
0.371663	0.447674	0.053388	0.008721	1.0000	Ordering
0.564682	0.443314	0.012320	0.008721	1.0000	T
0.704312	0.443314	0.018480	0.008721	1.0000	D1
0.845996	0.443314	0.020534	0.008721	1.0000	Dx
0.252567	0.438953	0.026694	0.008721	1.0000	Size
0.373598	0.438607	0.049519	0.009415	1.0000	Number
0.254620	0.421512	0.022587	0.008721	1.0000	1/4"
0.379877	0.421512	0.032854	0.008721	1.0000	•4GR
0.558522	0.420058	0.022587	0.010174	1.0000	0.8
0.704312	0.420058	0.022587	0.010174	1.0000	5.5
0.839836	0.420058	0.030801	0.010174	1.0000	11.85
0.254620	0.405523	0.022587	0.007267	1.0000	1/2"
0.379877	0.405523	0.032854	0.007267	1.0000	•8GR
0.560575	0.404070	0.020534	0.008721	1.0000	0.8
0.702259	0.405523	0.022587	0.007267	1.0000	11.1
0.841889	0.404070	0.030801	0.008721	1.0000	19.27
0.254620	0.388081	0.022587	0.008721	1.0000	3/4"
0.379877	0.388081	0.039014	0.008721	1.0000	•12GR
0.560575	0.388081	0.020534	0.008721	1.0000	0.8
0.700205	0.388081	0.026694	0.008721	1.0000	16.8
0.841889	0.388081	0.026694	0.008721	1.0000	27.9
0.260780	0.370640	0.012320	0.008721	1.0000	1"
0.379877	0.370640	0.039014	0.008721	1.0000	•16GR
0.560575	0.370640	0.020534	0.008721	1.0000	0.8
0.702259	0.370640	0.024641	0.008721	1.0000	22.6
0.841889	0.369186	0.026694	0.010174	1.0000	34.2
0.236140	0.324128	0.065708	0.013081	1.0000	GASKET
0.250513	0.306686	0.032854	0.008721	1.0000	Head
0.371614	0.305080	0.053486	0.009025	1.0000	Ordering
0.564682	0.302326	0.012320	0.008721	1.0000	T
0.704312	0.302326	0.018480	0.008721	1.0000	D1
0.162218	0.296512	0.028747	0.011628	1.0000	õ‚ ỗ
0.252567	0.297965	0.026694	0.007267	1.0000	Size
0.373699	0.297903	0.049317	0.007391	1.0000	Number
0.843943	0.299419	0.020534	0.011628	1.0000	Dx
0.254620	0.280523	0.022587	0.007267	1.0000	1/8"
0.379877	0.280523	0.030801	0.007267	1.0000	•2GT
0.560575	0.280523	0.020534	0.007267	1.0000	0.8
0.702259	0.277616	0.022587	0.011628	1.0000	2.3
0.845996	0.280523	0.018480	0.008721	1.0000	6.6
0.254620	0.263081	0.024641	0.008721	1.0000	1/4"
0.379877	0.263081	0.030801	0.008721	1.0000	•4GT
0.560575	0.263081	0.018480	0.008721	1.0000	0.8
0.706366	0.263081	0.018480	0.008721	1.0000	5.5
0.841889	0.260174	0.026694	0.011628	1.0000	12.7
0.254620	0.245640	0.022587	0.008721	1.0000	1/2"
0.379877	0.247093	0.030801	0.007267	1.0000	•8GT
0.558522	0.244186	0.020534	0.011628	1.0000	0.8
0.700205	0.244186	0.024641	0.010174	1.0000	11.1
0.843943	0.245640	0.024641	0.008721	1.0000	19.8
0.254620	0.229651	0.022587	0.008721	1.0000	3/4"
0.379877	0.229651	0.036961	0.008721	1.0000	•12GT
0.560575	0.229651	0.018480	0.008721	1.0000	0.8
0.700205	0.229651	0.026694	0.008721	1.0000	16.8
0.845996	0.228198	0.016427	0.010174	1.0000	29
0.260780	0.212209	0.012320	0.010174	1.0000	1"
0.379877	0.212209	0.036961	0.008721	1.0000	•16GT
0.560575	0.213663	0.020534	0.007267	1.0000	0.8
0.698152	0.212209	0.028747	0.008721	1.0000	22.6
0.841889	0.210756	0.026694	0.010174	1.0000	35.8
0.236140	0.175872	0.112936	0.013081	1.0000	BLIND GASKET
0.250513	0.158430	0.032854	0.008721	1.0000	Head
0.371154	0.156618	0.054431	0.011255	1.0000	Ordering
0.599589	0.154070	0.012320	0.008721	1.0000	D
0.252567	0.149709	0.026694	0.007267	1.0000	Size
0.371622	0.149563	0.051416	0.007561	1.0000	Number
0.254620	0.132267	0.022587	0.008721	1.0000	1/8"
0.379877	0.132267	0.032854	0.008721	1.0000	•2GB
0.595483	0.132267	0.020534	0.008721	1.0000	6.6
0.809035	0.132267	0.020534	0.008721	1.0000	0.8
0.254620	0.114826	0.024641	0.008721	1.0000	1/4"
0.379877	0.114826	0.030801	0.008721	1.0000	•4GB
0.595483	0.114826	0.022587	0.008721	1.0000	11.9
0.811088	0.114826	0.018480	0.008721	1.0000	0.8
0.254620	0.097384	0.022587	0.010174	1.0000	1/2"
0.379877	0.098837	0.032854	0.007267	1.0000	•8GB
0.591376	0.097384	0.028747	0.010174	1.0000	19.8
0.809035	0.097384	0.020534	0.010174	1.0000	0.8
0.254620	0.081395	0.022587	0.008721	1.0000	З/4"
0.379844	0.081322	0.039080	0.008867	1.0000	•12GB
0.593429	0.081395	0.026694	0.008721	1.0000	28.9
0.811088	0.081395	0.018480	0.008721	1.0000	0.8
0.260780	0.065407	0.014374	0.007267	1.0000	1"
0.379877	0.065407	0.039014	0.007267	1.0000	•16GB
0.593429	0.063953	0.026694	0.008721	1.0000	35.5
0.811088	0.065407	0.018480	0.007267	1.0000	0.8
0.071869	0.043590	0.260780	0.007282	1.0000	• Dimensions are for reference only and are subject to change.
0.067762	0.020349	0.166324	0.011702	1.0000	026 TK-FUJIKIN Total Products
#FILE	tmp/pdfs/fitting_dimension_audit/tk_ocr/ocr-19.png
0.632444	0.952035	0.295688	0.014632	1.0000	| WELD & METAL SEAL FITTINGS
0.958932	0.845930	0.018481	0.139535	1.0000	WELD & METAL SEAL FITTINGS
0.069681	0.880404	0.427454	0.035460	1.0000	NUTS, CAPS AND PLUGS
0.236140	0.860256	0.100616	0.011966	1.0000	FEMALE NUT
0.250513	0.843023	0.032854	0.007267	1.0000	Head
0.348704	0.840613	0.051970	0.009185	1.0000	Ordering
0.252567	0.832849	0.026694	0.008721	1.0000	Size
0.349053	0.832785	0.049327	0.008849	1.0000	Number
0.505133	0.835756	0.012320	0.010174	1.0000	L
0.605749	0.832849	0.051335	0.010314	1.0000	Hex Flat
0.739220	0.835756	0.020534	0.010174	1.0000	Dx
0.858316	0.834302	0.016427	0.013081	1.0000	M
0.254620	0.815407	0.024641	0.008721	1.0000	1/8"
0.355236	0.815407	0.032854	0.008721	1.0000	02FN
0.498973	0.815407	0.024641	0.008721	1.0000	13.5
0.618070	0.815407	0.028747	0.007267	1.0000	11.11
0.737166	0.813953	0.028747	0.010174	1.0000	5.30
0.833648	0.815299	0.067817	0.008937	1.0000	5/16-24 UNF
0.254620	0.797965	0.024641	0.010174	1.0000	1/4"
0.357290	0.799419	0.028747	0.007267	1.0000	04FN
0.498973	0.797965	0.024641	0.008721	1.0000	20.6
0.613963	0.797965	0.030801	0.008721	1.0000	19.05
0.739220	0.797965	0.026694	0.008721	1.0000	9.10
0.833544	0.797543	0.068075	0.009968	1.0000	9/16-18 UNF
0.036961	0.789244	0.080082	0.007337	1.0000	LEAK TEST PORTS
0.254620	0.781977	0.022587	0.007267	1.0000	1/2"
0.355236	0.781977	0.030801	0.007267	1.0000	08FN
0.498973	0.780523	0.024641	0.008721	1.0000	22.4
0.613963	0.781977	0.032854	0.007267	1.0000	26.99
0.731006	0.779070	0.034908	0.011628	1.0000	15.50
0.837782	0.781977	0.059548	0.008721	1.0000	7/8-14 UNF
0.254620	0.764535	0.022587	0.008721	1.0000	3/4"
0.357290	0.764535	0.036961	0.008721	1.0000	•12FN
0.498973	0.764535	0.024641	0.008721	1.0000	28.4
0.613963	0.764535	0.032854	0.008721	1.0000	38.10
0.731006	0.763081	0.034908	0.010174	1.0000	22.60
0.829569	0.764530	0.075975	0.008726	1.0000	1 1/4-18 UNEF
0.260780	0.748547	0.012320	0.008721	1.0000	1"
0.357290	0.748547	0.036961	0.008721	1.0000	•16FN
0.498973	0.748547	0.024641	0.008721	1.0000	34.0
0.616016	0.748547	0.030801	0.008721	1.0000	44.45
0.733060	0.747093	0.032854	0.008721	1.0000	30.50
0.835548	0.747503	0.064044	0.010270	1.0000	11/2-20 UN
0.963039	0.687500	0.012320	0.123547	1.0000	UHP PRODUCTS / FITTING SERIES
0.236140	0.729487	0.283368	0.008974	1.0000	* Material - S: 316L Stainless Steel SS: 316 Stainless Steel
0.236047	0.660995	0.084373	0.012313	1.0000	MALE NUT
0.250513	0.643895	0.032854	0.007267	1.0000	Head
0.348822	0.642946	0.051803	0.008632	1.0000	Ordering
0.492813	0.638081	0.012320	0.008721	1.0000	L
0.663244	0.633721	0.051335	0.017561	1.0000	Hex Flat
0.776181	0.638081	0.018480	0.008721	1.0000	Dx
0.254620	0.633721	0.024641	0.008721	1.0000	Size
0.349054	0.633658	0.049326	0.008848	1.0000	Number
0.870637	0.636628	0.016427	0.010174	1.0000	M
0.254620	0.617733	0.022587	0.007267	1.0000	1/8"
0.355236	0.617733	0.034908	0.007267	1.0000	•2MN
0.486653	0.616279	0.024641	0.008721	1.0000	12.7
0.583162	0.614826	0.022587	0.010174	1.0000	8.2
0.673511	0.614826	0.028747	0.010174	1.0000	9.52
0.770021	0.614826	0.028747	0.010174	1.0000	5.30
0.845964	0.616153	0.067826	0.008972	1.0000	5/16-24 UNF
0.254620	0.600291	0.024641	0.007267	1.0000	1/4"
0.355236	0.600291	0.034908	0.007267	1.0000	04MN
0.486653	0.600291	0.026694	0.007267	1.0000	18.0
0.583162	0.600291	0.024641	0.008721	1.0000	11.0
0.673511	0.598837	0.032854	0.010174	1.0000	15.88
0.774127	0.600291	0.026694	0.007267	1.0000	9.10
0.845907	0.599934	0.067939	0.009434	1.0000	9/16-18 UNF
0.254620	0.582849	0.024641	0.008721	1.0000	1/4"
0.355188	0.582735	0.041163	0.008948	1.0000	D4MNS
0.486653	0.582849	0.024641	0.008721	1.0000	13.7
0.583162	0.582849	0.024641	0.008721	1.0000	11.0
0.673511	0.582849	0.032854	0.008721	1.0000	15.88
0.774127	0.582849	0.026694	0.008721	1.0000	9.10
0.845961	0.582710	0.067832	0.008998	1.0000	9/16-18 UNF
0.254620	0.565407	0.022587	0.008721	1.0000	1/2"
0.355236	0.566860	0.034908	0.007267	1.0000	08MN
0.486653	0.565407	0.026694	0.008721	1.0000	20.5
0.583162	0.565407	0.024641	0.008721	1.0000	12.7
0.673511	0.565407	0.030801	0.008721	1.0000	23.81
0.767967	0.565407	0.032854	0.008721	1.0000	15.50
0.849964	0.564907	0.059826	0.009722	1.0000	7/8-14 UNF
0.256674	0.549419	0.020534	0.008721	1.0000	З/4"
0.355236	0.549419	0.041068	0.008721	1.0000	•12MN
0.486653	0.549419	0.024641	0.008721	1.0000	25.4
0.581109	0.549419	0.026694	0.008721	1.0000	16.0
0.675565	0.549419	0.028747	0.008721	1.0000	33.34
0.767967	0.547965	0.032854	0.010174	1.0000	22.60
0.841889	0.549419	0.075975	0.008721	1.0000	1 1/4-18 UNEF
0.260780	0.531977	0.012320	0.008721	1.0000	1"
0.357260	0.531910	0.039074	0.008854	1.0000	•16MN
0.484600	0.530523	0.026694	0.010174	1.0000	30.2
0.581109	0.531977	0.026694	0.008721	1.0000	20.0
0.673511	0.531977	0.030801	0.008721	1.0000	41.28
0.767967	0.531977	0.032854	0.008721	1.0000	30.50
0.848049	0.533333	0.063655	0.007364	1.0000	1 1/2-20 UN
0.134893	0.522709	0.038258	0.010149	1.0000	(1/4"only)
0.236006	0.513006	0.168667	0.011552	1.0000	*4MNS : Short Male Nut 1/4" Only
0.231852	0.501476	0.287808	0.014619	1.0000	* Material - S: 316L Stainless Steel SS: 316 Stainless Steel
0.234086	0.449128	0.045175	0.011628	1.0000	PLUG
0.250513	0.433140	0.032854	0.007267	1.0000	Head
0.371004	0.429723	0.054843	0.012535	1.0000	Ordering
0.564682	0.427326	0.010267	0.008721	1.0000	L
0.685181	0.420982	0.055274	0.020546	1.0000	Hex Flat
0.848049	0.425872	0.014374	0.011628	1.0000	M
0.254620	0.422965	0.024641	0.007267	1.0000	Size
0.371663	0.422965	0.051335	0.007267	1.0000	Number
0.254620	0.405523	0.022587	0.008721	1.0000	1/8"
0.379877	0.405523	0.030801	0.008721	1.0000	•2PG
0.554415	0.405523	0.032854	0.008721	1.0000	17.30
0.702259	0.405523	0.026694	0.008721	1.0000	9.52
0.821327	0.405414	0.067818	0.008940	1.0000	5/16-24 UNF
0.254620	0.389535	0.022587	0.008721	1.0000	1/4"
0.379877	0.389535	0.030801	0.007267	1.0000	•4PG
0.554415	0.389535	0.032854	0.007267	1.0000	23.37
0.698152	0.388081	0.030801	0.008721	1.0000	15.88
0.823392	0.389472	0.065741	0.008846	1.0000	9/16-18 UNF
0.254620	0.372093	0.022587	0.008721	1.0000	1/2"
0.377823	0.372093	0.032854	0.008721	1.0000	•8PG
0.554415	0.372093	0.032854	0.008721	1.0000	27.43
0.696099	0.370640	0.032854	0.010174	1.0000	23.81
0.825462	0.372093	0.059548	0.008721	1.0000	7/8-14 UNF
0.254620	0.356105	0.024641	0.007267	1.0000	3/4"
0.379877	0.356105	0.036961	0.007267	1.0000	•12PG
0.554415	0.354651	0.032854	0.008721	1.0000	36.32
0.698152	0.354651	0.030801	0.008721	1.0000	33.34
0.815195	0.355983	0.080082	0.008974	1.0000	1 1/4 -18 UNEF
0.377823	0.338663	0.039014	0.008721	1.0000	•16PG
0.552361	0.337209	0.034908	0.011628	1.0000	38.61
0.694045	0.335756	0.034908	0.013081	1.0000	41.28
0.819302	0.335756	0.069815	0.014672	1.0000	1 1/2-20 UN
0.236140	0.261628	0.032854	0.011628	1.0000	CAP
0.248460	0.244186	0.032854	0.008721	1.0000	Head
0.346301	0.241013	0.052786	0.012250	1.0000	Ordering
0.743326	0.242733	0.012320	0.008721	1.0000	F
0.505133	0.236919	0.012320	0.011628	1.0000	L
0.252567	0.234012	0.026694	0.008721	1.0000	Size
0.349054	0.233948	0.049326	0.008848	1.0000	Number
0.724846	0.234012	0.049281	0.008723	1.0000	Hex Flat
0.856263	0.235465	0.018480	0.011628	1.0000	M
0.254620	0.216570	0.022587	0.008721	1.0000	1/8"
0.355236	0.218023	0.030801	0.007267	1.0000	•2CP
0.492813	0.213663	0.034908	0.011628	1.0000	16.00
0.618070	0.215116	0.028747	0.010174	1.0000	7.60
0.733060	0.215116	0.030801	0.010174	1.0000	11.11
0.831414	0.213005	0.070231	0.012943	1.0000	5/16-24 UNF
0.254620	0.200581	0.022587	0.008721	1.0000	1/4"
0.355236	0.200581	0.030801	0.007267	1.0000	•4CP
0.492813	0.197674	0.034908	0.010174	1.0000	24.20
0.616016	0.199128	0.028747	0.008721	1.0000	11.18
0.731006	0.197674	0.034908	0.010174	1.0000	19.05
0.831523	0.197371	0.070013	0.012235	1.0000	9/16-18 UNF
0.252567	0.183140	0.024641	0.008721	1.0000	1/2"
0.355236	0.183140	0.030801	0.008721	1.0000	•8СP
0.492813	0.180233	0.034908	0.011628	1.0000	25.50
0.613963	0.180233	0.030801	0.011628	1.0000	11.43
0.731006	0.180233	0.032854	0.011628	1.0000	26.99
0.835729	0.180233	0.061602	0.011648	1.0000	7/8-14 UNF
0.043121	0.177326	0.071869	0.007290	1.0000	LEAK TEST PORTS
0.254620	0.165698	0.022587	0.008721	1.0000	3/4"
0.355236	0.165698	0.036961	0.008721	1.0000	•12CP
0.492813	0.164244	0.032854	0.010174	1.0000	32.77
0.611910	0.162791	0.034908	0.011628	1.0000	13.72
0.731006	0.164244	0.032854	0.010174	1.0000	38.10
0.829569	0.165698	0.075975	0.008721	1.0000	1 1/4-18 UNEF
0.355236	0.149709	0.036961	0.008721	1.0000	•16CP
0.492813	0.146802	0.034908	0.011628	1.0000	39.12
0.611910	0.146802	0.034908	0.011628	1.0000	16.00
0.731006	0.146802	0.034908	0.011628	1.0000	44.45
0.833676	0.146802	0.065708	0.011745	1.0000	11/2-20 UN
0.661191	0.040598	0.266940	0.013248	1.0000	Dimensions are for reference only and are subject to change.
0.765480	0.014496	0.165241	0.019459	1.0000	TK-FUJIKIN Total Products 027 |
#FILE	tmp/pdfs/fitting_dimension_audit/tk_ocr/ocr-20.png
0.069815	0.952035	0.291581	0.014632	1.0000	WELD & METAL SEAL FITTINGS I
0.022587	0.847384	0.012320	0.139535	1.0000	WELD & METAL SEAL FITTINGS
0.236140	0.876453	0.151951	0.011628	1.0000	PLUG (CABLE TYPE)
0.262834	0.859012	0.032854	0.008721	1.0000	Head
0.381710	0.858143	0.053937	0.009073	1.0000	Ordering
0.837782	0.859012	0.036961	0.008721	1.0000	Cable
0.564682	0.853198	0.012320	0.011628	1.0000	F
0.704312	0.851744	0.016427	0.013081	1.0000	H
0.264887	0.850291	0.026694	0.007267	1.0000	Size
0.383968	0.850239	0.049312	0.007371	1.0000	Number
0.831622	0.845930	0.047228	0.011628	1.0000	Length
0.266940	0.832849	0.022587	0.007267	1.0000	1/4"
0.387968	0.832537	0.043366	0.009345	1.0000	•4PG-C
0.552361	0.829942	0.034908	0.011628	1.0000	15.88
0.694045	0.829942	0.034908	0.011628	1.0000	23.37
0.843943	0.832849	0.024641	0.008721	1.0000	260
0.266940	0.815407	0.022587	0.008721	1.0000	1/2"
0.388090	0.815407	0.043121	0.008721	1.0000	•8PG-C
0.552361	0.812500	0.034908	0.011628	1.0000	23.81
0.696099	0.812500	0.032854	0.011628	1.0000	27.43
0.841889	0.813953	0.026694	0.010174	1.0000	260
0.020747	0.687415	0.016727	0.125184	1.0000	UHP PRODUCTS / FITTING SERIES
0.236140	0.720930	0.141684	0.013258	1.0000	CAP (CABLE TYPE)
0.260780	0.703488	0.034908	0.008721	1.0000	Head
0.358988	0.702825	0.053953	0.009959	1.0000	Ordering
0.862360	0.703361	0.035034	0.008975	1.0000	Cable
0.264887	0.694767	0.026694	0.008721	1.0000	Size
0.361381	0.694725	0.049311	0.008805	1.0000	Number
0.494867	0.697674	0.010267	0.010174	1.0000	L
0.661191	0.693162	0.055441	0.011966	1.0000	Hex Flat
0.776181	0.696221	0.016427	0.013081	1.0000	M
0.858261	0.693177	0.043231	0.008996	1.0000	Length
0.266940	0.677326	0.022587	0.008721	1.0000	1/4"
0.363450	0.677326	0.043121	0.008721	1.0000	•4CP-C
0.484600	0.675872	0.028747	0.010174	1.0000	27.8
0.577002	0.675872	0.032854	0.011628	1.0000	11.18
0.671458	0.675872	0.034908	0.010174	1.0000	19.05
0.745305	0.675625	0.076124	0.012122	1.0000	9/16 - 18 UNF
0.866530	0.675872	0.024641	0.010174	1.0000	260
0.266940	0.659884	0.022587	0.008721	1.0000	1/2"
0.363381	0.659737	0.043258	0.010468	1.0000	•8CP-C
0.484600	0.658430	0.028747	0.010174	1.0000	29.0
0.577002	0.658430	0.032854	0.011628	1.0000	11.43
0.671458	0.658430	0.034908	0.010174	1.0000	26.99
0.749487	0.658430	0.069815	0.011655	1.0000	718 - 14 UNF
0.866530	0.658430	0.024641	0.010174	1.0000	260
0.071869	0.550855	0.642710	0.029087	1.0000	HIGH-FLOW CONNECTION - "H" TYPE
0.069815	0.521795	0.071869	0.007275	1.0000	LEAK TEST PORTS
0.236140	0.513081	0.147844	0.011705	1.0000	HMFS FEMALE NUT
0.250513	0.495640	0.030801	0.007267	1.0000	Head
0.347023	0.494186	0.053388	0.008721	1.0000	Ordering
0.252567	0.486919	0.026694	0.007267	1.0000	Size
0.503080	0.488372	0.014374	0.011628	1.0000	L
0.603696	0.485465	0.053388	0.017526	1.0000	Hex Flat
0.739220	0.489826	0.020534	0.008721	1.0000	Dx
0.858316	0.488372	0.016427	0.011628	1.0000	M
0.349076	0.485465	0.049281	0.008721	1.0000	Number
0.254620	0.469477	0.022587	0.007267	1.0000	1/4"
0.355188	0.467914	0.039111	0.008939	1.0000	04HFN
0.494867	0.466570	0.032854	0.011628	1.0000	20.57
0.611910	0.466570	0.034908	0.010174	1.0000	19.05
0.733060	0.466570	0.028747	0.010174	1.0000	9.90
0.833626	0.467857	0.067861	0.010507	1.0000	9/16-18 UNF
0.236140	0.412791	0.131417	0.011628	1.0000	HMFS MALE NUT
0.250513	0.390988	0.032854	0.008721	1.0000	Head
0.349022	0.389373	0.051443	0.009045	1.0000	Ordering
0.589322	0.385174	0.010267	0.010174	1.0000	L
0.252567	0.382267	0.026694	0.007267	1.0000	Size
0.349076	0.382267	0.049281	0.007267	1.0000	Number
0.663028	0.380493	0.051767	0.018085	1.0000	Hex Flat
0.774127	0.383721	0.020534	0.011628	1.0000	Dx
0.870637	0.383721	0.016427	0.011628	1.0000	M
0.254620	0.364826	0.024641	0.008721	1.0000	1/4"
0.353162	0.364765	0.043162	0.007389	1.0000	04HMN
0.486653	0.361919	0.024641	0.011628	1.0000	11.0
0.577002	0.361919	0.032854	0.011628	1.0000	18.03
0.671458	0.361919	0.034908	0.011628	1.0000	15.88
0.772074	0.361919	0.022587	0.011628	1.0000	9.9
0.845996	0.364826	0.067762	0.008721	1.0000	9/16-18 UNF
0.236140	0.305128	0.156058	0.011732	1.0000	HMFS LONG GLAND
0.250513	0.286337	0.030801	0.008721	1.0000	Tube
0.328542	0.286337	0.032854	0.008721	1.0000	Head
0.444969	0.284525	0.052532	0.011838	1.0000	Ordering
0.579055	0.281977	0.012320	0.008721	1.0000	D
0.731006	0.281977	0.012320	0.008721	1.0000	L
0.882957	0.281977	0.012320	0.008721	1.0000	Е1
0.252567	0.277616	0.026694	0.007267	1.0000	Size
0.332649	0.277616	0.026694	0.007267	1.0000	Size
0.445585	0.277616	0.051335	0.007267	1.0000	Number
0.254620	0.260174	0.022587	0.008721	1.0000	3/8"
0.334702	0.260174	0.022587	0.008721	1.0000	1/4"
0.441440	0.258612	0.057572	0.010393	1.0000	•6 x 4HLG
0.570842	0.260174	0.026694	0.008721	1.0000	9.53
0.648871	0.260174	0.024641	0.008721	1.0000	28.4
0.724846	0.260174	0.024641	0.008721	1.0000	33.2
0.802875	0.260174	0.020534	0.008721	1.0000	7.5
0.876797	0.260174	0.024641	0.008721	1.0000	6.28
0.236140	0.172965	0.135524	0.013081	1.0000	HMFS TBW BODY
0.250513	0.158430	0.032854	0.008721	1.0000	Head
0.307441	0.158381	0.031874	0.008388	1.0000	Tube
0.387582	0.156618	0.054431	0.011255	1.0000	Ordering
0.496920	0.154070	0.010267	0.008721	1.0000	D
0.548255	0.154070	0.010267	0.008721	1.0000	T
0.702259	0.154070	0.016427	0.008721	1.0000	B1
0.809035	0.154070	0.012320	0.008721	1.0000	L
0.252567	0.149709	0.026694	0.007267	1.0000	Size
0.310062	0.149709	0.026694	0.007267	1.0000	Size
0.390144	0.149709	0.049281	0.007267	1.0000	Number
0.737166	0.149573	0.051335	0.008974	1.0000	Hex Flat
0.874743	0.152616	0.016427	0.010174	1.0000	M
0.254620	0.132267	0.024641	0.008721	1.0000	1/4"
0.312115	0.132267	0.022587	0.008721	1.0000	3/8"
0.385997	0.132133	0.057575	0.008989	1.0000	•4 x 6HBY
0.488706	0.132267	0.026694	0.008721	1.0000	9.53
0.542094	0.132267	0.024641	0.008721	1.0000	1.00
0.597536	0.132267	0.018480	0.008721	1.0000	6.4
0.642710	0.132267	0.032854	0.008721	1.0000	19.05
0.698152	0.132267	0.024641	0.008721	1.0000	15.7
0.747433	0.132267	0.030801	0.008721	1.0000	15.88
0.802875	0.132267	0.024641	0.008721	1.0000	42.7
0.850011	0.131897	0.067945	0.009462	1.0000	9/16-18 UNF
0.069815	0.043590	0.262834	0.007282	1.0000	• Dimensions are for reference only and are subject to change.
0.067762	0.020349	0.166324	0.011702	1.0000	028 TK-FUJIKIN Total Products
#FILE	tmp/pdfs/fitting_dimension_audit/tk_ocr/ocr-21.png
0.634497	0.952035	0.293634	0.014632	1.0000	| WELD & METAL SEAL FITTINGS
0.958932	0.845930	0.018481	0.139535	1.0000	WELD & METAL SEAL FITTINGS
0.236140	0.876453	0.135524	0.013290	1.0000	HMFS ATW BODY
0.250513	0.859012	0.032854	0.008721	1.0000	Head
0.308008	0.859012	0.030801	0.008721	1.0000	Tube
0.381681	0.858044	0.051828	0.009130	1.0000	Ordering
0.523614	0.854651	0.018480	0.008721	1.0000	B1
0.622177	0.854651	0.012320	0.008721	1.0000	E
0.669405	0.854651	0.012320	0.008721	1.0000	Е1
0.716632	0.859012	0.012320	0.007267	1.0000	F
0.572895	0.853198	0.014374	0.010174	1.0000	D
0.698125	0.850214	0.049335	0.008875	1.0000	Hex Flat
0.763860	0.853198	0.012320	0.010174	1.0000	L
0.246407	0.848837	0.041068	0.008721	1.0000	Size(T)
0.310062	0.850291	0.026694	0.007267	1.0000	Size
0.809035	0.853198	0.018480	0.008721	1.0000	Tx
0.874743	0.851744	0.016427	0.011628	1.0000	M
0.381384	0.848383	0.050260	0.009556	1.0000	Number
0.254620	0.832849	0.024641	0.007267	1.0000	1/4"
0.312115	0.832849	0.022587	0.008721	1.0000	3/8"
0.375612	0.831641	0.063991	0.009307	1.0000	•4 x 6HABY
0.470226	0.832849	0.030801	0.008721	1.0000	19.05
0.519507	0.832849	0.026694	0.008721	1.0000	15.7
0.570842	0.832849	0.018480	0.008721	1.0000	0.8
0.618070	0.832849	0.020534	0.008721	1.0000	6.4
0.663244	0.831395	0.022587	0.010174	1.0000	7.9
0.706366	0.832849	0.032854	0.007267	1.0000	15.88
0.757700	0.832849	0.024641	0.007267	1.0000	43.4
0.804928	0.832849	0.026694	0.007267	1.0000	10.4
0.850077	0.832747	0.067814	0.008926	1.0000	9/16-18 UNF
0.963039	0.687500	0.012320	0.123547	1.0000	UHP PRODUCTS / FITTING SERIES
0.236140	0.728198	0.236140	0.013255	1.0000	HMFS BULKHEAD CONNECTOR
0.250513	0.710756	0.030801	0.007267	1.0000	Head
0.310062	0.710756	0.028747	0.007267	1.0000	Tube
0.381930	0.709302	0.051335	0.008721	1.0000	Ordering
0.716632	0.710756	0.012320	0.008721	1.0000	F
0.480493	0.706395	0.010267	0.008721	1.0000	D
0.527721	0.706395	0.010267	0.008721	1.0000	T
0.574949	0.706395	0.010267	0.008721	1.0000	B
0.620123	0.706395	0.016427	0.008721	1.0000	В1
0.669405	0.706395	0.012320	0.008721	1.0000	E
0.761807	0.710756	0.014374	0.007267	1.0000	F1
0.698152	0.702035	0.098563	0.008721	1.0000	Hex Flat Hex Flat
0.874743	0.704942	0.016427	0.010174	1.0000	M
0.252567	0.702035	0.026694	0.007267	1.0000	Size
0.310062	0.702035	0.026694	0.007267	1.0000	Size
0.381930	0.702035	0.049281	0.007267	1.0000	Number
0.254620	0.684593	0.024641	0.008721	1.0000	1/4"
0.312115	0.684593	0.022587	0.008721	1.0000	3/8"
0.375702	0.682883	0.063792	0.009233	1.0000	•4 x 6HBHY
0.472279	0.684593	0.026694	0.008721	1.0000	9.53
0.519507	0.684593	0.024641	0.008721	1.0000	1.00
0.562628	0.683140	0.032854	0.008721	1.0000	19.05
0.613963	0.683140	0.026694	0.010174	1.0000	33.0
0.665298	0.684593	0.020534	0.008721	1.0000	6.4
0.704312	0.681686	0.034908	0.011628	1.0000	19.05
0.755647	0.684593	0.030801	0.008721	1.0000	19.05
0.802875	0.683140	0.028747	0.008721	1.0000	59.9
0.850034	0.684321	0.067898	0.009266	1.0000	9/16-18 UNF
0.071869	0.546512	0.375770	0.024856	1.0000	WELDED ASSEMBLIES
0.236140	0.508547	0.252567	0.013255	1.0000	WELDED MALE CONNECTOR (PT)
0.256674	0.491279	0.032854	0.008721	1.0000	Head
0.340862	0.492733	0.016427	0.007267	1.0000	PT
0.431162	0.491124	0.053488	0.009031	1.0000	Ordering
0.718686	0.491279	0.012320	0.008721	1.0000	G
0.617950	0.480942	0.051573	0.019221	1.0000	Hex Flat
0.700205	0.484012	0.051335	0.008723	1.0000	Hex Flat
0.798768	0.486919	0.014374	0.007267	1.0000	L1
0.878850	0.486919	0.016427	0.008721	1.0000	L2
0.260780	0.482558	0.026694	0.008721	1.0000	Size
0.336756	0.482558	0.028747	0.008721	1.0000	SIZE
0.431211	0.482558	0.049281	0.008721	1.0000	Number
0.262834	0.465116	0.022587	0.008721	1.0000	1/4"
0.338809	0.465116	0.022587	0.008721	1.0000	1/4"
0.420797	0.461751	0.070110	0.012545	1.0000	•4WMC-X32
0.550308	0.465116	0.026694	0.008721	1.0000	4.35
0.628337	0.465116	0.030801	0.008721	1.0000	14.29
0.708419	0.465116	0.032854	0.008721	1.0000	19.05
0.792608	0.465116	0.026694	0.008721	1.0000	45.5
0.874743	0.465116	0.024641	0.008721	1.0000	23.4
0.262834	0.449128	0.020534	0.007267	1.0000	1/2"
0.338809	0.449128	0.022587	0.007267	1.0000	3/8"
0.422998	0.447674	0.069815	0.010174	1.0000	•6WMC-X32
0.548255	0.449128	0.030801	0.007267	1.0000	10.22
0.628337	0.449128	0.032854	0.007267	1.0000	17.46
0.710472	0.447674	0.030801	0.008721	1.0000	26.99
0.792608	0.447674	0.026694	0.008721	1.0000	48.0
0.874743	0.449128	0.024641	0.007267	1.0000	25.4
0.262834	0.431686	0.020534	0.008721	1.0000	1/2"
0.338809	0.431686	0.022587	0.008721	1.0000	1/2"
0.422998	0.431686	0.071869	0.008721	1.0000	•8WMC-X32
0.548255	0.431686	0.030801	0.008721	1.0000	10.22
0.628337	0.431686	0.030801	0.008721	1.0000	22.23
0.710472	0.431686	0.030801	0.008721	1.0000	26.99
0.792608	0.431686	0.024641	0.008721	1.0000	53.1
0.874743	0.431686	0.024641	0.008721	1.0000	25.6
0.236140	0.354651	0.262834	0.013081	1.0000	WELDED MALE CONNECTOR (NPT)
0.256674	0.337209	0.034908	0.008721	1.0000	Head
0.336756	0.337209	0.026694	0.008721	1.0000	NPT
0.430595	0.335324	0.054580	0.011911	1.0000	Ordering
0.556468	0.332849	0.014374	0.008721	1.0000	E
0.638604	0.335756	0.012320	0.010174	1.0000	F
0.718686	0.335756	0.012320	0.008721	1.0000	G
0.620123	0.328488	0.049281	0.008721	1.0000	Hex Flat
0.700159	0.328351	0.051427	0.008996	1.0000	Hex Flat
0.798768	0.331395	0.014374	0.008721	1.0000	Lı
0.878850	0.332849	0.016427	0.007267	1.0000	L2
0.260780	0.328488	0.026694	0.007267	1.0000	Size
0.336756	0.328488	0.026694	0.007267	1.0000	SIZE
0.431188	0.326969	0.049328	0.008852	1.0000	Number
0.262834	0.311047	0.022587	0.008721	1.0000	1/4"
0.338809	0.311047	0.022587	0.007267	1.0000	1/4"
0.433265	0.309593	0.045175	0.010174	1.0000	D4WMC
0.550308	0.309593	0.026694	0.008721	1.0000	4.35
0.628337	0.311047	0.032854	0.007267	1.0000	14.29
0.708419	0.309593	0.032854	0.008721	1.0000	19.05
0.792608	0.309593	0.026694	0.008721	1.0000	45.5
0.872690	0.311047	0.026694	0.007267	1.0000	23.4
0.262834	0.293605	0.020534	0.008721	1.0000	1/2"
0.338809	0.293605	0.022587	0.008721	1.0000	3/8"
0.433166	0.293342	0.045373	0.009247	1.0000	D6WMC
0.548255	0.293605	0.030801	0.008721	1.0000	10.22
0.628337	0.293605	0.032854	0.008721	1.0000	17.46
0.710472	0.293605	0.030801	0.008721	1.0000	26.99
0.792608	0.293605	0.026694	0.008721	1.0000	48.0
0.872690	0.292151	0.026694	0.010174	1.0000	25.4
0.262834	0.276163	0.020534	0.008721	1.0000	1/2"
0.338809	0.276163	0.022587	0.008721	1.0000	1/2"
0.433265	0.276163	0.045175	0.008721	1.0000	•8WMC
0.548255	0.276163	0.030801	0.008721	1.0000	10.22
0.628337	0.276163	0.032854	0.008721	1.0000	22.23
0.708419	0.274709	0.032854	0.010174	1.0000	26.99
0.792608	0.276163	0.026694	0.008721	1.0000	53.1
0.874743	0.276163	0.024641	0.008721	1.0000	25.6
0.236140	0.200427	0.268994	0.011966	1.0000	WELDED FEMALE CONNECTOR (PT)
0.255764	0.180734	0.034617	0.011598	1.0000	Head
0.340862	0.183140	0.018480	0.007267	1.0000	PT
0.430600	0.179946	0.052532	0.011838	1.0000	Ordering
0.636550	0.181686	0.014374	0.008721	1.0000	F
0.620123	0.172965	0.049281	0.010368	1.0000	Hex Flat
0.698152	0.172965	0.053388	0.017633	1.0000	Hex Flat
0.798768	0.177326	0.014374	0.008721	1.0000	L1
0.878850	0.177326	0.016427	0.008721	1.0000	L2
0.260780	0.172965	0.026694	0.008721	1.0000	Size
0.334620	0.172829	0.028911	0.008994	1.0000	SIZE
0.431211	0.172965	0.049281	0.008721	1.0000	Number
0.262834	0.155523	0.020534	0.008721	1.0000	1/4"
0.338809	0.155523	0.022587	0.008721	1.0000	1/4"
0.425051	0.155523	0.063655	0.010174	1.0000	•4FMC-X32
0.550308	0.155523	0.026694	0.008721	1.0000	4.35
0.628337	0.155523	0.032854	0.008721	1.0000	19.05
0.710472	0.155523	0.030801	0.008721	1.0000	19.05
0.792608	0.155523	0.026694	0.008721	1.0000	45.0
0.874743	0.155523	0.024641	0.008721	1.0000	23.4
0.262834	0.138081	0.020534	0.008721	1.0000	1/2"
0.338809	0.138081	0.022587	0.008721	1.0000	3/8"
0.425051	0.138081	0.063655	0.010174	1.0000	D6FMC-X32
0.550308	0.138081	0.026694	0.008721	1.0000	7.44
0.628337	0.138081	0.032854	0.008721	1.0000	22.23
0.710472	0.138081	0.030801	0.008721	1.0000	26.99
0.792608	0.138081	0.026694	0.008721	1.0000	49.5
0.874743	0.138081	0.024641	0.008721	1.0000	26.9
0.262834	0.122093	0.020534	0.008721	1.0000	1/2"
0.338809	0.122093	0.022587	0.008721	1.0000	1/2"
0.425051	0.120640	0.063655	0.010174	1.0000	D8FMC-X32
0.546201	0.120640	0.032854	0.010174	1.0000	10.22
0.626283	0.119186	0.032854	0.011628	1.0000	26.99
0.708419	0.120640	0.032854	0.010174	1.0000	26.99
0.790554	0.119186	0.028747	0.011628	1.0000	55.4
0.872690	0.120640	0.026694	0.010174	1.0000	26.4
0.665298	0.043590	0.262834	0.008736	1.0000	• Dimensions are for reference only and are subject to change.
0.770021	0.020349	0.160164	0.013081	1.0000	TK-FUJIKIN Total Products 029
#FILE	tmp/pdfs/fitting_dimension_audit/tk_ocr/ocr-22.png
0.069815	0.952035	0.291581	0.014632	1.0000	WELD & METAL SEAL FITTINGS |
0.022587	0.847384	0.012320	0.139535	1.0000	WELD & METAL SEAL FITTINGS
0.236140	0.902564	0.281314	0.013248	1.0000	WELDED FEMALE CONNECTOR (NPT)
0.256674	0.886628	0.032854	0.007267	1.0000	Head
0.336756	0.886628	0.026694	0.007267	1.0000	NPT
0.430969	0.885724	0.051886	0.008565	1.0000	Ordering
0.558522	0.880814	0.010267	0.008721	1.0000	E
0.718686	0.883721	0.012320	0.008721	1.0000	G
0.617885	0.874726	0.051704	0.017990	1.0000	Hex Flat
0.700205	0.876453	0.051335	0.010299	1.0000	Hex Flat
0.798768	0.880814	0.014374	0.008721	1.0000	L1
0.878850	0.880814	0.016427	0.008721	1.0000	L2
0.260780	0.876453	0.026694	0.008721	1.0000	Size
0.334702	0.876453	0.030801	0.008721	1.0000	SIZE
0.431211	0.876453	0.049281	0.008721	1.0000	Number
0.262834	0.860465	0.020534	0.007267	1.0000	1/4"
0.338809	0.860465	0.022587	0.007267	1.0000	1/4"
0.437372	0.859012	0.039014	0.008721	1.0000	•4FMC
0.550308	0.859012	0.026694	0.008721	1.0000	4.35
0.628337	0.859012	0.032854	0.008721	1.0000	19.05
0.710472	0.859012	0.030801	0.008721	1.0000	19.05
0.792608	0.859012	0.026694	0.008721	1.0000	45.0
0.874743	0.859012	0.024641	0.008721	1.0000	23.4
0.262834	0.841570	0.020534	0.008721	1.0000	1/2"
0.338809	0.843023	0.022587	0.008721	1.0000	3/8"
0.435318	0.841570	0.041068	0.008721	1.0000	•6FMC
0.550308	0.841570	0.026694	0.008721	1.0000	7.44
0.628337	0.841570	0.032854	0.008721	1.0000	22.23
0.710472	0.841570	0.030801	0.008721	1.0000	26.99
0.792608	0.841570	0.026694	0.008721	1.0000	49.5
0.874743	0.843023	0.024641	0.007267	1.0000	26.9
0.262834	0.825581	0.020534	0.008721	1.0000	1/2"
0.338809	0.825581	0.020534	0.008721	1.0000	1/2"
0.435274	0.825477	0.041156	0.008930	1.0000	•8FMC
0.548255	0.825581	0.030801	0.008721	1.0000	10.22
0.626283	0.824128	0.032854	0.010174	1.0000	26.99
0.708419	0.824128	0.032854	0.010174	1.0000	26.99
0.790554	0.824128	0.028747	0.010174	1.0000	55.4
0.872690	0.825581	0.026694	0.008721	1.0000	26.4
0.234086	0.786325	0.207392	0.011640	1.0000	WELDED LOK CONNECTOR
0.246407	0.767442	0.030801	0.008721	1.0000	Tube
0.301848	0.768895	0.032854	0.007267	1.0000	Head
0.397832	0.766988	0.052412	0.009835	1.0000	Ordering
0.827515	0.768895	0.014374	0.007267	1.0000	G1
0.581109	0.763081	0.012320	0.008721	1.0000	D
0.644764	0.763081	0.010267	0.008721	1.0000	E
0.683778	0.758547	0.053388	0.016239	1.0000	Hex Flat
0.743326	0.758547	0.053388	0.017616	1.0000	Hex Flat
0.891170	0.763081	0.010267	0.010174	1.0000	L
0.248460	0.758721	0.026694	0.008721	1.0000	Size
0.305955	0.758721	0.026694	0.008721	1.0000	Size
0.398314	0.758597	0.049368	0.008968	1.0000	Number
0.808975	0.758550	0.049400	0.009062	1.0000	Hex Flat
0.021016	0.687428	0.016045	0.125156	1.0000	UHP PRODUCTS / FITTING SERIES
0.250513	0.741279	0.022587	0.008721	1.0000	1/4"
0.308008	0.741279	0.022587	0.008721	1.0000	1/4"
0.402464	0.741279	0.041068	0.008721	1.0000	•4WTC
0.507187	0.739826	0.034908	0.010174	1.0000	17.78
0.568789	0.739826	0.034908	0.010174	1.0000	15.24
0.636550	0.741279	0.026694	0.008721	1.0000	4.35
0.696099	0.741279	0.030801	0.008721	1.0000	12.70
0.755647	0.739826	0.032854	0.010174	1.0000	19.05
0.819302	0.741279	0.030801	0.008721	1.0000	14.29
0.878850	0.741279	0.032854	0.008721	1.0000	49.28
0.250513	0.725291	0.022587	0.007267	1.0000	3/8"
0.308008	0.725291	0.020534	0.007267	1.0000	1/2"
0.402464	0.725291	0.041068	0.007267	1.0000	•6WTC
0.509240	0.723837	0.032854	0.008721	1.0000	19.30
0.570842	0.725291	0.032854	0.007267	1.0000	16.76
0.632444	0.725291	0.032854	0.007267	1.0000	10.22
0.694045	0.725291	0.032854	0.007267	1.0000	15.88
0.757700	0.723837	0.030801	0.008721	1.0000	19.05
0.819302	0.725291	0.030801	0.007267	1.0000	17.46
0.880903	0.725291	0.030801	0.007267	1.0000	50.04
0.250513	0.707849	0.022587	0.008721	1.0000	1/2"
0.308008	0.707849	0.020534	0.008721	1.0000	1/2"
0.402464	0.707849	0.041068	0.008721	1.0000	•8WTC
0.509240	0.706395	0.030801	0.008721	1.0000	21.84
0.568789	0.706395	0.034908	0.010174	1.0000	22.86
0.632444	0.707849	0.032854	0.008721	1.0000	10.22
0.691992	0.706395	0.034908	0.010174	1.0000	20.64
0.755647	0.707849	0.032854	0.007267	1.0000	26.99
0.819302	0.707849	0.030801	0.008721	1.0000	22.22
0.880903	0.707849	0.030801	0.008721	1.0000	56.64
0.236140	0.651163	0.190965	0.013081	1.0000	WELDED FEMALE UNION
0.279261	0.633721	0.032854	0.008721	1.0000	Head
0.426789	0.632501	0.054188	0.010646	1.0000	Ordering
0.825462	0.633721	0.012320	0.007267	1.0000	G
0.640657	0.629360	0.012320	0.007267	1.0000	L
0.281314	0.625000	0.026694	0.007267	1.0000	Size
0.429158	0.625000	0.051335	0.007267	1.0000	Number
0.806982	0.625000	0.051335	0.008761	1.0000	Hex Flat
0.283368	0.607558	0.024641	0.008721	1.0000	1/4"
0.431211	0.606105	0.045175	0.008721	1.0000	•4WFU
0.634497	0.606105	0.024641	0.008721	1.0000	43.4
0.815195	0.606105	0.032854	0.008721	1.0000	19.05
0.283368	0.590116	0.022587	0.008721	1.0000	1/2"
0.431211	0.590116	0.045175	0.008721	1.0000	•8WFU
0.634497	0.590116	0.024641	0.008721	1.0000	46.7
0.815195	0.590116	0.032854	0.008721	1.0000	26.99
0.069815	0.505814	0.334702	0.013081	1.0000	FEMALE ELBOW UNION WELDED ASSEMBLY
0.519507	0.505814	0.308008	0.013081	1.0000	FEMALE TEE UNION WELDED ASSEMBLY
0.071636	0.330773	0.146232	0.012219	1.0000	Ordering Number / • - 4UEW
0.521561	0.331197	0.145791	0.010373	1.0000	Ordering Number / • - 4UTW
0.127310	0.289244	0.067762	0.007337	1.0000	Leak test port.
0.745380	0.289244	0.067762	0.007337	1.0000	Leak test port
0.172485	0.152564	0.121150	0.007320	1.0000	Female Elbow Union
0.624029	0.150964	0.121582	0.011655	1.0000	Female Elbow Union
0.180391	0.140803	0.105339	0.012036	1.0000	Welded Assembly
0.632170	0.140828	0.105265	0.011788	1.0000	Welded Assembly
0.112936	0.125000	0.024641	0.008721	1.0000	Size
0.209446	0.125000	0.049281	0.008721	1.0000	Ordering
0.564682	0.125000	0.024641	0.008721	1.0000	Size
0.659138	0.125000	0.049281	0.008721	1.0000	Ordering
0.110883	0.114826	0.028747	0.008721	1.0000	(OD)
0.209385	0.116079	0.047348	0.007668	1.0000	Number
0.786448	0.119186	0.012320	0.008721	1.0000	A
0.562628	0.114826	0.028747	0.008721	1.0000	(OD)
0.661191	0.114826	0.045175	0.008721	1.0000	Number
0.112936	0.098837	0.024641	0.008721	1.0000	1/4"
0.197125	0.098837	0.071869	0.008721	1.0000	•4EUW-X497
0.328542	0.098837	0.024641	0.008721	1.0000	25.4
0.564682	0.098837	0.024641	0.008721	1.0000	1/4"
0.648871	0.098837	0.071869	0.008721	1.0000	•4UTW-X497
0.776181	0.097384	0.028747	0.010174	1.0000	25.4
0.114990	0.082849	0.022587	0.007267	1.0000	1/4"
0.213552	0.081395	0.041068	0.008721	1.0000	•4EUW
0.328542	0.081395	0.024641	0.008721	1.0000	38.3
0.564682	0.081395	0.024641	0.010174	1.0000	1/4"
0.665298	0.081395	0.041068	0.008721	1.0000	DAUTW
0.780287	0.081395	0.024641	0.008721	1.0000	38.3
0.069815	0.043590	0.262834	0.008736	1.0000	• Dimensions are for reference only and are subject to change.
0.067762	0.020349	0.164271	0.011702	1.0000	030 TK-FUJIKIN Total Products
